review_id,emp_id,review_score,review_date
1,4010,Good,2024-10-05
2,6408,Needs Improvement,2025-05-08
3,3037,Good,2025-05-02
4,17026,Average,2024-07-31
5,6777,Average,2024-10-29
6,13768,Good,2024-10-10
7,13259,Good,2024-09-12
8,7014,Average,2024-11-27
9,14433,Excellent,2025-04-01
10,15709,Good,2024-12-13
11,18030,Average,2025-01-31
12,15853,Average,2024-09-23
13,1170,Needs Improvement,2025-01-22
14,5741,Good,2024-10-30
15,18412,Average,2024-12-23
16,7531,Average,2024-11-08
17,15633,Needs Improvement,2024-08-31
18,10413,Good,2025-03-06
19,6045,Needs Improvement,2025-03-20
20,19401,Excellent,2024-11-27
21,15526,Good,2024-12-22
22,3229,Average,2025-06-25
23,4058,Average,2024-07-24
24,6822,Needs Improvement,2024-11-16
25,5590,Needs Improvement,2024-10-26
26,15513,Excellent,2025-07-05
27,3522,Average,2024-10-16
28,8154,Excellent,2024-07-27
29,15311,Needs Improvement,2025-07-02
30,10528,Needs Improvement,2025-06-23
31,2299,Excellent,2025-06-23
32,5273,Good,2025-01-29
33,17168,Good,2024-10-06
34,18215,Excellent,2025-05-16
35,2696,Good,2025-06-16
36,9933,Excellent,2025-01-31
37,9578,Needs Improvement,2025-01-24
38,13616,Good,2025-02-18
39,16027,Good,2024-11-29
40,11505,Needs Improvement,2025-06-01
41,3595,Needs Improvement,2024-11-04
42,7415,Good,2025-06-22
43,5819,Average,2025-05-28
44,18433,Needs Improvement,2025-02-06
45,2411,Excellent,2024-10-08
46,5643,Good,2024-08-10
47,14962,Excellent,2025-05-27
48,580,Excellent,2025-06-10
49,16217,Good,2025-05-13
50,12350,Excellent,2024-08-10
51,13570,Average,2024-08-15
52,13210,Average,2024-09-22
53,4114,Excellent,2024-12-15
54,6352,Excellent,2024-12-20
55,17719,Good,2025-02-28
56,5282,Excellent,2024-09-15
57,19361,Needs Improvement,2025-03-04
58,13791,Good,2025-01-30
59,18403,Good,2024-07-24
60,12035,Needs Improvement,2025-01-03
61,17940,Good,2024-09-17
62,19774,Good,2024-12-21
63,3503,Average,2025-03-23
64,2262,Average,2024-12-20
65,18677,Needs Improvement,2024-07-22
66,8635,Excellent,2025-01-14
67,6686,Average,2025-06-16
68,1197,Needs Improvement,2025-05-17
69,9601,Good,2025-06-25
70,14607,Average,2025-02-02
71,4392,Excellent,2024-11-27
72,18788,Good,2025-02-18
73,11860,Average,2024-11-24
74,2160,Excellent,2024-08-21
75,13794,Good,2024-08-18
76,8956,Good,2024-08-13
77,1055,Average,2024-10-05
78,4498,Excellent,2024-11-28
79,9120,Excellent,2025-04-15
80,19681,Good,2024-10-24
81,11474,Needs Improvement,2025-03-28
82,3970,Excellent,2025-02-15
83,2383,Excellent,2025-02-02
84,14645,Good,2025-04-21
85,3468,Good,2024-12-04
86,18844,Excellent,2025-05-25
87,11911,Needs Improvement,2025-04-27
88,8934,Excellent,2025-03-17
89,8780,Needs Improvement,2025-06-08
90,7210,Excellent,2025-05-14
91,2395,Good,2024-10-29
92,19598,Needs Improvement,2025-05-23
93,11273,Excellent,2025-06-10
94,13906,Average,2025-05-18
95,5094,Average,2025-06-09
96,15150,Average,2025-03-13
97,3422,Average,2024-07-14
98,9032,Good,2024-11-08
99,11962,Average,2025-03-10
100,3485,Average,2024-12-25
101,7316,Excellent,2025-03-28
102,12996,Average,2024-09-01
103,9157,Good,2025-03-17
104,14452,Excellent,2024-11-01
105,9233,Needs Improvement,2025-04-29
106,2412,Needs Improvement,2025-04-09
107,3612,Excellent,2025-05-22
108,5981,Needs Improvement,2025-05-12
109,15572,Average,2024-12-13
110,1062,Good,2024-11-15
111,19907,Excellent,2024-10-09
112,10966,Good,2024-12-24
113,8,Excellent,2024-12-13
114,428,Needs Improvement,2024-09-25
115,507,Good,2025-06-30
116,2752,Good,2024-12-24
117,10869,Average,2024-09-13
118,11970,Average,2025-03-15
119,15235,Needs Improvement,2024-11-01
120,16018,Average,2024-07-28
121,10939,Average,2025-04-04
122,16476,Average,2024-09-30
123,16562,Average,2025-04-20
124,6450,Needs Improvement,2024-09-24
125,17733,Good,2025-04-16
126,8039,Excellent,2024-11-06
127,12666,Needs Improvement,2024-08-25
128,3427,Good,2025-01-09
129,3858,Good,2024-07-23
130,12703,Good,2024-07-24
131,10437,Needs Improvement,2024-10-20
132,11136,Average,2024-10-21
133,19157,Good,2024-08-13
134,16284,Excellent,2025-04-23
135,19017,Needs Improvement,2025-05-27
136,11324,Needs Improvement,2025-03-09
137,17973,Needs Improvement,2024-11-17
138,13013,Needs Improvement,2024-11-10
139,7331,Excellent,2025-04-26
140,10205,Excellent,2025-01-09
141,4345,Average,2025-01-29
142,11797,Good,2024-08-01
143,147,Good,2024-10-08
144,6296,Average,2024-07-13
145,6092,Excellent,2025-04-07
146,8899,Excellent,2024-07-14
147,2738,Average,2024-09-25
148,2318,Average,2024-07-17
149,773,Excellent,2025-04-12
150,17933,Good,2025-02-16
151,14926,Good,2024-12-05
152,8078,Needs Improvement,2024-07-06
153,11773,Average,2025-05-22
154,18892,Needs Improvement,2025-04-28
155,12165,Average,2025-06-08
156,17839,Average,2025-03-29
157,8120,Average,2024-10-27
158,8456,Good,2025-02-22
159,11461,Average,2024-10-28
160,13327,Average,2025-05-02
161,15022,Excellent,2024-10-02
162,3632,Needs Improvement,2025-05-02
163,509,Good,2024-10-25
164,16724,Needs Improvement,2024-10-12
165,17500,Excellent,2025-04-26
166,5252,Average,2024-09-28
167,3091,Good,2025-02-14
168,18277,Excellent,2024-09-13
169,18227,Excellent,2025-05-24
170,8761,Average,2025-04-02
171,15964,Good,2025-05-06
172,19966,Excellent,2024-12-07
173,6918,Needs Improvement,2025-06-03
174,7728,Average,2025-01-27
175,19991,Good,2025-01-15
176,8088,Excellent,2024-09-24
177,1282,Good,2025-06-18
178,10730,Good,2024-09-22
179,30,Good,2025-01-31
180,14328,Average,2024-10-23
181,5875,Average,2025-05-10
182,7286,Needs Improvement,2025-02-13
183,15712,Average,2025-02-09
184,14792,Average,2025-05-20
185,3848,Excellent,2025-04-30
186,5596,Average,2025-05-23
187,16025,Good,2024-12-01
188,6113,Good,2024-11-16
189,11015,Average,2024-08-29
190,9363,Excellent,2025-02-11
191,1499,Excellent,2025-04-08
192,11350,Excellent,2024-11-15
193,14324,Good,2025-05-16
194,8109,Average,2025-01-12
195,16737,Average,2024-11-14
196,17382,Average,2024-08-27
197,8168,Excellent,2025-04-19
198,6361,Average,2024-07-13
199,2071,Needs Improvement,2024-12-20
200,18642,Good,2025-07-02
201,3651,Good,2024-07-06
202,16023,Excellent,2024-10-11
203,8238,Good,2024-09-20
204,8847,Good,2025-05-27
205,8130,Average,2025-06-22
206,11633,Average,2024-12-23
207,12341,Needs Improvement,2025-06-14
208,15929,Average,2025-03-16
209,15887,Average,2025-02-14
210,6067,Good,2024-09-21
211,4999,Excellent,2025-06-12
212,8111,Needs Improvement,2025-04-14
213,9746,Needs Improvement,2025-03-17
214,12389,Excellent,2025-01-31
215,17475,Average,2025-06-03
216,17774,Good,2024-08-23
217,18001,Needs Improvement,2025-04-17
218,6197,Average,2024-11-18
219,18828,Good,2025-02-20
220,4648,Needs Improvement,2025-06-06
221,7461,Average,2025-02-08
222,13728,Excellent,2024-09-08
223,4048,Good,2024-12-26
224,10665,Average,2025-04-02
225,16332,Good,2024-09-02
226,18792,Needs Improvement,2024-11-07
227,4255,Needs Improvement,2025-02-03
228,17384,Average,2024-12-22
229,13306,Average,2024-10-05
230,8510,Excellent,2025-02-10
231,49,Needs Improvement,2024-08-06
232,18700,Average,2024-08-28
233,721,Average,2024-11-15
234,11342,Good,2025-05-16
235,4511,Excellent,2025-06-14
236,5790,Needs Improvement,2024-09-12
237,3447,Needs Improvement,2024-12-16
238,7210,Excellent,2024-11-27
239,4831,Excellent,2025-04-27
240,10904,Excellent,2024-10-29
241,17298,Average,2024-09-29
242,4045,Good,2025-02-08
243,8943,Excellent,2024-09-15
244,19024,Good,2025-05-13
245,11118,Average,2025-03-15
246,18186,Needs Improvement,2025-06-27
247,14371,Excellent,2024-11-17
248,13674,Average,2024-12-31
249,5802,Excellent,2025-05-08
250,7202,Average,2024-08-09
251,19874,Good,2025-06-29
252,252,Good,2025-01-26
253,14292,Good,2025-02-13
254,4603,Good,2024-11-28
255,1981,Needs Improvement,2025-04-20
256,15589,Good,2024-10-09
257,2701,Excellent,2024-10-24
258,194,Excellent,2025-06-22
259,2487,Good,2025-01-09
260,6664,Good,2024-07-14
261,13413,Excellent,2024-07-31
262,17247,Average,2024-11-24
263,2872,Needs Improvement,2024-09-17
264,5141,Average,2025-05-04
265,11554,Average,2024-08-19
266,4126,Average,2025-05-16
267,18497,Good,2024-12-19
268,9570,Good,2024-11-06
269,12159,Average,2024-11-21
270,12840,Needs Improvement,2024-11-12
271,19517,Excellent,2025-03-02
272,19359,Good,2025-01-19
273,18329,Good,2025-05-15
274,10835,Needs Improvement,2025-06-13
275,189,Excellent,2024-07-28
276,3143,Needs Improvement,2024-11-07
277,6246,Needs Improvement,2024-08-22
278,12109,Average,2024-07-08
279,19860,Good,2025-02-05
280,18751,Good,2025-01-13
281,1783,Excellent,2024-07-25
282,18988,Needs Improvement,2024-12-24
283,8662,Needs Improvement,2024-10-15
284,7712,Excellent,2024-08-26
285,4382,Needs Improvement,2025-01-13
286,2292,Needs Improvement,2025-02-11
287,8057,Excellent,2025-04-10
288,2260,Average,2025-01-21
289,302,Good,2025-06-23
290,1192,Average,2024-07-19
291,9308,Excellent,2025-02-01
292,862,Good,2025-05-15
293,8703,Average,2025-05-27
294,11717,Good,2025-02-25
295,17469,Average,2024-08-23
296,4273,Excellent,2025-01-12
297,11448,Needs Improvement,2024-11-08
298,19058,Average,2025-07-05
299,7592,Needs Improvement,2025-01-28
300,7002,Good,2025-03-14
301,18356,Average,2025-03-05
302,408,Excellent,2024-11-30
303,1443,Good,2025-06-14
304,19732,Excellent,2025-05-07
305,4324,Excellent,2025-06-25
306,3749,Average,2024-10-25
307,17175,Good,2025-02-12
308,12720,Good,2025-02-08
309,9523,Good,2024-12-03
310,19929,Good,2025-01-09
311,14347,Good,2024-08-09
312,885,Excellent,2025-02-24
313,1309,Needs Improvement,2025-02-24
314,5567,Good,2024-08-09
315,10678,Excellent,2024-12-18
316,9589,Excellent,2024-10-13
317,770,Good,2025-02-10
318,5474,Needs Improvement,2025-06-19
319,679,Good,2024-10-29
320,12167,Average,2024-10-03
321,4710,Excellent,2024-12-11
322,2124,Needs Improvement,2025-02-17
323,14341,Excellent,2025-02-16
324,3734,Needs Improvement,2025-05-06
325,11862,Average,2024-07-19
326,17110,Needs Improvement,2025-05-19
327,8259,Good,2025-05-03
328,6131,Average,2025-01-02
329,14187,Average,2024-11-30
330,446,Needs Improvement,2025-04-24
331,10078,Excellent,2025-05-03
332,6764,Excellent,2024-10-17
333,2786,Average,2025-07-06
334,2344,Excellent,2025-03-30
335,11959,Good,2024-11-05
336,15442,Needs Improvement,2024-09-04
337,10067,Excellent,2024-08-16
338,9899,Needs Improvement,2024-07-08
339,19208,Average,2025-06-12
340,7237,Average,2024-10-22
341,16667,Excellent,2024-12-03
342,3148,Needs Improvement,2024-07-06
343,8212,Average,2024-12-13
344,8861,Excellent,2024-09-07
345,16731,Average,2025-01-03
346,8080,Average,2025-01-14
347,13012,Good,2025-01-06
348,12335,Good,2025-04-27
349,17984,Average,2024-07-16
350,15313,Excellent,2024-09-23
351,18785,Excellent,2025-03-16
352,7722,Excellent,2024-08-12
353,1421,Average,2025-06-08
354,18175,Good,2025-04-26
355,17525,Good,2025-06-26
356,6470,Good,2025-03-17
357,8185,Excellent,2024-10-03
358,19765,Needs Improvement,2024-08-10
359,15348,Excellent,2025-02-11
360,1291,Needs Improvement,2025-04-25
361,11247,Average,2025-05-31
362,18841,Needs Improvement,2024-12-31
363,10061,Needs Improvement,2025-05-22
364,10115,Average,2024-11-22
365,15048,Good,2025-04-13
366,3353,Excellent,2024-12-16
367,17431,Needs Improvement,2024-12-29
368,8659,Excellent,2024-09-21
369,8357,Excellent,2024-08-22
370,1522,Average,2025-01-03
371,7196,Excellent,2025-05-15
372,12587,Average,2024-09-20
373,18816,Needs Improvement,2024-09-20
374,12438,Excellent,2024-09-04
375,2183,Excellent,2025-04-13
376,10003,Good,2024-09-30
377,17017,Average,2025-05-27
378,12472,Average,2025-01-13
379,18206,Average,2024-11-24
380,15141,Needs Improvement,2024-08-19
381,8792,Average,2024-11-03
382,8243,Good,2024-08-18
383,12369,Good,2024-08-29
384,11349,Needs Improvement,2024-08-02
385,11194,Average,2025-05-29
386,11988,Average,2024-08-18
387,15937,Average,2025-04-28
388,5208,Average,2024-11-07
389,17106,Needs Improvement,2025-05-04
390,16524,Good,2025-04-09
391,11631,Average,2025-05-17
392,3466,Good,2025-03-14
393,7385,Needs Improvement,2024-12-30
394,390,Excellent,2024-08-16
395,11215,Average,2024-08-12
396,4751,Excellent,2024-11-16
397,15202,Excellent,2025-07-03
398,8710,Needs Improvement,2024-07-28
399,6853,Needs Improvement,2025-04-10
400,15082,Good,2025-04-29
401,12495,Excellent,2024-07-28
402,4784,Needs Improvement,2025-04-19
403,17856,Average,2025-05-05
404,13894,Excellent,2025-03-16
405,4100,Good,2024-08-07
406,2340,Good,2024-07-13
407,6208,Needs Improvement,2025-05-17
408,6855,Average,2024-09-05
409,14832,Average,2024-08-07
410,4022,Good,2025-07-03
411,3927,Good,2024-12-12
412,2284,Average,2025-02-20
413,14296,Good,2025-06-03
414,7850,Good,2025-03-11
415,12131,Excellent,2024-10-23
416,7633,Good,2025-01-11
417,6886,Needs Improvement,2025-04-03
418,16152,Excellent,2024-11-24
419,3203,Needs Improvement,2025-02-09
420,14934,Needs Improvement,2025-06-21
421,13904,Needs Improvement,2024-12-20
422,5786,Excellent,2024-09-14
423,13262,Excellent,2025-04-26
424,1146,Average,2024-12-04
425,3347,Needs Improvement,2025-05-23
426,9176,Average,2024-10-28
427,5276,Average,2024-07-25
428,3565,Excellent,2024-08-07
429,1349,Needs Improvement,2025-04-06
430,7709,Excellent,2025-01-08
431,7914,Good,2024-09-27
432,4453,Average,2025-06-16
433,6836,Excellent,2025-05-30
434,5238,Needs Improvement,2024-11-12
435,18461,Needs Improvement,2024-09-13
436,18025,Average,2024-11-23
437,13716,Excellent,2025-06-20
438,6243,Good,2024-08-25
439,12020,Good,2025-02-23
440,17745,Needs Improvement,2024-10-09
441,9991,Excellent,2025-04-02
442,6292,Excellent,2025-01-07
443,12301,Needs Improvement,2025-06-17
444,14284,Excellent,2025-01-25
445,13548,Average,2025-06-18
446,1456,Good,2025-04-15
447,17660,Needs Improvement,2024-12-24
448,4101,Needs Improvement,2024-09-06
449,6315,Excellent,2024-11-19
450,1020,Excellent,2024-07-25
451,11582,Needs Improvement,2025-02-21
452,6279,Excellent,2025-01-16
453,13090,Needs Improvement,2025-07-02
454,9676,Average,2024-12-03
455,2406,Excellent,2024-07-11
456,15757,Excellent,2024-11-08
457,16292,Average,2025-06-19
458,15391,Average,2024-11-29
459,6241,Excellent,2025-07-01
460,13559,Excellent,2025-06-03
461,14261,Excellent,2024-07-18
462,17480,Good,2025-04-13
463,17766,Good,2025-01-09
464,19274,Needs Improvement,2024-10-29
465,1705,Average,2024-09-29
466,7332,Good,2025-04-30
467,7162,Needs Improvement,2024-08-27
468,488,Needs Improvement,2024-11-24
469,6441,Excellent,2025-04-14
470,1278,Needs Improvement,2024-08-01
471,6189,Average,2025-05-17
472,18217,Good,2025-03-05
473,1764,Excellent,2025-01-03
474,17429,Average,2024-11-24
475,10608,Average,2025-07-03
476,12075,Average,2025-02-17
477,16865,Good,2025-01-17
478,8236,Excellent,2025-02-10
479,9473,Average,2025-04-19
480,13169,Needs Improvement,2024-12-17
481,12558,Average,2024-07-31
482,16737,Good,2024-11-25
483,17135,Excellent,2024-08-05
484,5442,Good,2024-07-27
485,10747,Needs Improvement,2025-03-20
486,10280,Good,2024-12-04
487,6220,Excellent,2025-02-21
488,14998,Needs Improvement,2025-04-04
489,8732,Needs Improvement,2025-01-30
490,2792,Average,2024-11-01
491,10543,Average,2025-04-27
492,8834,Good,2024-09-05
493,3884,Needs Improvement,2024-12-29
494,6225,Excellent,2024-09-12
495,406,Excellent,2025-05-25
496,17041,Good,2025-06-09
497,10628,Excellent,2024-12-28
498,18376,Good,2025-01-10
499,6791,Average,2025-01-02
500,14580,Average,2024-07-15
501,19932,Average,2024-07-25
502,18200,Excellent,2025-01-10
503,3096,Good,2025-02-18
504,10244,Needs Improvement,2024-12-31
505,19339,Good,2024-10-24
506,550,Needs Improvement,2025-05-15
507,2413,Excellent,2025-06-25
508,7653,Average,2025-02-12
509,244,Excellent,2025-02-22
510,9232,Excellent,2025-02-26
511,8801,Good,2025-04-25
512,14017,Good,2024-08-02
513,18407,Good,2024-08-31
514,2491,Average,2024-08-30
515,16833,Excellent,2025-05-17
516,6440,Excellent,2025-05-20
517,15858,Good,2024-09-14
518,5685,Good,2025-05-23
519,18317,Needs Improvement,2025-05-13
520,7310,Needs Improvement,2024-11-10
521,7416,Average,2025-01-17
522,8482,Excellent,2025-03-29
523,11618,Needs Improvement,2025-06-21
524,3385,Excellent,2025-03-05
525,6171,Excellent,2024-10-02
526,3372,Average,2025-03-23
527,3750,Excellent,2024-12-05
528,10797,Good,2025-04-09
529,8617,Average,2025-05-21
530,7844,Excellent,2024-10-03
531,1870,Excellent,2024-09-22
532,16449,Good,2025-03-04
533,17421,Average,2024-11-29
534,3063,Good,2024-08-01
535,15533,Good,2024-12-29
536,1789,Needs Improvement,2025-04-14
537,18788,Average,2024-10-11
538,4498,Excellent,2024-08-13
539,7815,Excellent,2025-05-14
540,342,Good,2024-11-05
541,6973,Good,2025-02-16
542,1381,Excellent,2024-12-25
543,9219,Excellent,2024-10-23
544,17804,Average,2025-04-18
545,8818,Needs Improvement,2024-11-27
546,19632,Excellent,2025-03-01
547,7750,Good,2024-10-20
548,3781,Average,2024-12-25
549,283,Excellent,2025-02-13
550,13134,Good,2025-05-25
551,1112,Excellent,2024-11-15
552,20000,Average,2024-09-01
553,11707,Needs Improvement,2025-07-05
554,14622,Good,2025-01-17
555,19908,Needs Improvement,2024-08-16
556,7481,Excellent,2024-09-27
557,12449,Good,2025-01-01
558,2800,Needs Improvement,2024-10-03
559,6110,Good,2024-07-09
560,9454,Good,2025-06-10
561,19624,Good,2024-12-15
562,12423,Excellent,2024-12-10
563,646,Average,2024-11-02
564,18691,Excellent,2025-06-09
565,8822,Average,2025-05-26
566,460,Good,2025-03-15
567,6851,Good,2025-06-21
568,15977,Average,2025-01-08
569,11336,Average,2025-04-19
570,615,Needs Improvement,2024-08-09
571,11429,Average,2024-09-27
572,1528,Excellent,2024-07-22
573,9927,Average,2025-02-23
574,684,Needs Improvement,2024-08-25
575,6333,Excellent,2024-11-23
576,648,Excellent,2024-09-18
577,9225,Excellent,2024-09-29
578,18537,Needs Improvement,2024-07-09
579,12423,Average,2025-05-31
580,3745,Average,2024-12-23
581,15030,Average,2024-11-27
582,5774,Average,2024-09-13
583,4521,Needs Improvement,2025-03-03
584,9997,Average,2024-11-16
585,11341,Needs Improvement,2024-07-29
586,686,Needs Improvement,2024-11-04
587,5735,Average,2025-03-19
588,18788,Needs Improvement,2024-12-04
589,17063,Needs Improvement,2024-08-02
590,11150,Good,2025-05-08
591,15063,Needs Improvement,2024-12-14
592,15580,Needs Improvement,2025-03-26
593,13580,Good,2024-12-30
594,2936,Good,2024-12-15
595,10140,Needs Improvement,2024-09-17
596,6727,Excellent,2025-05-16
597,655,Needs Improvement,2025-03-26
598,4243,Average,2024-12-06
599,6886,Average,2024-07-13
600,10731,Average,2024-12-23
601,2691,Needs Improvement,2024-11-27
602,1065,Average,2024-07-25
603,17461,Needs Improvement,2025-05-27
604,13898,Average,2024-09-19
605,17833,Good,2025-01-11
606,11035,Average,2024-11-03
607,10248,Good,2025-01-16
608,9786,Excellent,2025-05-04
609,9156,Excellent,2025-04-24
610,12166,Good,2024-09-21
611,559,Excellent,2024-10-21
612,2756,Average,2025-02-16
613,16060,Good,2024-10-15
614,18553,Average,2025-05-03
615,17543,Average,2024-09-26
616,10823,Excellent,2024-09-13
617,18617,Needs Improvement,2025-04-05
618,944,Needs Improvement,2024-07-26
619,3282,Good,2024-08-29
620,1190,Excellent,2024-12-05
621,1440,Excellent,2024-11-07
622,2203,Average,2025-03-26
623,19266,Needs Improvement,2024-08-15
624,3264,Average,2024-09-05
625,8816,Average,2024-12-03
626,5643,Average,2024-12-31
627,10286,Average,2024-10-03
628,16770,Needs Improvement,2024-12-30
629,98,Good,2025-06-10
630,14867,Good,2024-09-10
631,8556,Needs Improvement,2024-09-14
632,16051,Needs Improvement,2024-07-20
633,18034,Excellent,2025-03-24
634,16950,Needs Improvement,2024-10-28
635,6030,Needs Improvement,2024-07-26
636,12108,Average,2025-02-14
637,10575,Average,2025-03-03
638,7506,Needs Improvement,2024-12-10
639,3664,Excellent,2024-12-23
640,3022,Excellent,2025-02-24
641,17040,Average,2025-01-12
642,3519,Needs Improvement,2024-10-22
643,6361,Excellent,2025-01-05
644,9020,Excellent,2024-09-03
645,10438,Good,2025-04-09
646,11151,Average,2025-04-25
647,6676,Good,2025-06-10
648,2262,Good,2024-11-07
649,13748,Excellent,2025-02-01
650,15326,Good,2024-12-19
651,389,Average,2025-01-29
652,18698,Excellent,2025-03-24
653,10346,Needs Improvement,2024-11-17
654,10456,Average,2025-05-12
655,11673,Good,2025-02-08
656,7057,Average,2025-05-14
657,16425,Good,2025-01-19
658,9489,Excellent,2025-03-27
659,1588,Average,2024-10-18
660,428,Good,2025-06-15
661,18975,Excellent,2025-06-08
662,3364,Good,2024-08-26
663,2388,Good,2024-12-16
664,12452,Excellent,2025-02-26
665,4308,Good,2025-01-28
666,9243,Good,2024-12-17
667,5815,Average,2024-10-12
668,9784,Average,2024-12-04
669,3583,Good,2025-05-13
670,10627,Good,2024-11-08
671,13577,Excellent,2025-05-02
672,19014,Needs Improvement,2025-03-12
673,14830,Good,2024-11-01
674,15479,Needs Improvement,2025-03-09
675,18015,Excellent,2024-08-12
676,6258,Good,2025-02-18
677,2387,Needs Improvement,2024-10-09
678,5917,Good,2024-12-13
679,3949,Needs Improvement,2025-05-20
680,639,Excellent,2024-12-21
681,19748,Good,2024-10-11
682,8442,Needs Improvement,2025-05-05
683,13476,Excellent,2024-08-31
684,742,Average,2024-07-08
685,10952,Needs Improvement,2025-05-08
686,2056,Good,2024-08-13
687,14532,Needs Improvement,2025-06-22
688,17683,Excellent,2025-03-24
689,16277,Needs Improvement,2025-06-08
690,6221,Average,2025-06-16
691,9246,Needs Improvement,2024-09-10
692,5361,Good,2024-11-06
693,5682,Excellent,2025-01-14
694,15560,Excellent,2025-01-13
695,128,Needs Improvement,2025-04-01
696,4209,Good,2024-08-03
697,2714,Excellent,2024-07-31
698,17871,Excellent,2025-05-28
699,19942,Needs Improvement,2025-01-17
700,18049,Excellent,2024-07-27
701,4481,Average,2024-12-11
702,15876,Needs Improvement,2025-01-21
703,13721,Excellent,2024-10-05
704,17177,Good,2025-04-03
705,15670,Good,2024-11-10
706,19032,Excellent,2024-08-01
707,7067,Good,2025-04-17
708,3767,Average,2024-10-20
709,14879,Average,2025-05-27
710,12869,Needs Improvement,2025-01-21
711,7667,Needs Improvement,2025-01-28
712,9105,Needs Improvement,2024-08-31
713,9462,Needs Improvement,2025-03-12
714,17630,Good,2024-09-17
715,16556,Average,2025-05-16
716,10845,Good,2024-09-29
717,8548,Excellent,2024-07-24
718,9442,Excellent,2025-04-21
719,9594,Average,2024-09-18
720,14596,Excellent,2025-05-22
721,19130,Needs Improvement,2024-09-11
722,9449,Average,2025-04-17
723,5652,Average,2024-10-09
724,9843,Excellent,2025-07-02
725,2057,Excellent,2024-09-18
726,8808,Needs Improvement,2024-10-07
727,3102,Good,2024-08-22
728,11987,Average,2025-04-11
729,15213,Excellent,2024-10-19
730,1403,Good,2025-06-16
731,7571,Excellent,2025-02-16
732,300,Needs Improvement,2025-07-05
733,10330,Good,2024-12-09
734,19578,Good,2025-06-25
735,9398,Excellent,2025-02-03
736,13188,Needs Improvement,2025-05-14
737,16322,Average,2025-01-06
738,3870,Excellent,2024-10-16
739,16738,Average,2025-02-10
740,14552,Needs Improvement,2025-06-11
741,13598,Average,2025-07-04
742,2369,Needs Improvement,2024-08-12
743,14294,Average,2024-12-20
744,14766,Needs Improvement,2024-07-27
745,19027,Good,2024-10-08
746,7888,Average,2025-03-23
747,13426,Average,2024-08-01
748,14111,Needs Improvement,2024-11-20
749,13841,Good,2024-09-03
750,75,Excellent,2025-02-04
751,13777,Excellent,2025-03-14
752,3848,Average,2024-09-27
753,12636,Excellent,2025-04-17
754,850,Average,2025-05-19
755,11932,Excellent,2024-11-15
756,15026,Excellent,2025-04-10
757,8561,Good,2025-06-10
758,10165,Excellent,2025-02-23
759,580,Excellent,2025-03-04
760,13391,Needs Improvement,2025-02-06
761,11126,Needs Improvement,2024-10-17
762,18833,Needs Improvement,2025-05-08
763,609,Average,2025-05-22
764,9687,Average,2025-06-22
765,8237,Excellent,2024-08-27
766,2484,Excellent,2025-05-08
767,3782,Needs Improvement,2024-08-11
768,2073,Excellent,2025-01-01
769,19582,Good,2024-09-11
770,7561,Excellent,2025-05-09
771,14890,Good,2025-04-13
772,19461,Good,2024-11-04
773,2199,Average,2025-01-20
774,2828,Excellent,2025-01-17
775,17720,Needs Improvement,2025-06-06
776,16836,Average,2025-05-28
777,6559,Needs Improvement,2024-08-12
778,7625,Average,2025-05-24
779,7771,Good,2025-01-23
780,17864,Needs Improvement,2024-12-11
781,9020,Average,2024-12-14
782,6909,Average,2024-11-11
783,19681,Needs Improvement,2025-06-13
784,9887,Good,2024-12-05
785,8945,Needs Improvement,2025-01-22
786,12137,Good,2024-10-25
787,12951,Good,2024-08-06
788,11158,Good,2024-10-23
789,15269,Needs Improvement,2025-05-17
790,13875,Good,2025-06-19
791,5047,Average,2024-07-06
792,15464,Good,2025-01-31
793,9857,Needs Improvement,2025-02-28
794,9782,Excellent,2024-08-18
795,19162,Excellent,2024-09-08
796,18304,Average,2025-02-10
797,4058,Good,2024-09-21
798,7984,Excellent,2024-08-07
799,1402,Excellent,2024-07-09
800,19794,Average,2024-10-20
801,3560,Needs Improvement,2024-12-13
802,1201,Excellent,2024-07-27
803,11484,Good,2024-08-02
804,8641,Needs Improvement,2025-06-19
805,9084,Excellent,2025-02-19
806,19625,Excellent,2025-02-28
807,1524,Needs Improvement,2025-03-19
808,239,Average,2025-03-11
809,9035,Excellent,2025-01-07
810,13375,Average,2024-08-24
811,6559,Good,2025-05-31
812,2273,Excellent,2025-03-22
813,9613,Needs Improvement,2025-02-09
814,13067,Needs Improvement,2024-08-31
815,9853,Good,2024-07-23
816,9071,Needs Improvement,2024-11-27
817,3727,Needs Improvement,2025-05-25
818,19427,Average,2025-06-17
819,5548,Good,2025-03-02
820,13163,Needs Improvement,2025-06-16
821,4654,Good,2024-09-16
822,13204,Average,2025-05-21
823,12528,Good,2024-10-28
824,19691,Good,2025-01-15
825,13431,Needs Improvement,2025-06-05
826,12236,Needs Improvement,2024-11-16
827,470,Excellent,2024-07-24
828,12367,Needs Improvement,2024-07-31
829,14209,Needs Improvement,2024-07-29
830,17788,Needs Improvement,2024-08-16
831,7142,Needs Improvement,2024-11-30
832,11780,Needs Improvement,2025-01-15
833,9639,Needs Improvement,2025-05-26
834,8879,Needs Improvement,2025-06-17
835,12746,Good,2024-09-01
836,19849,Needs Improvement,2024-09-30
837,8086,Average,2025-02-02
838,2894,Good,2025-06-08
839,6965,Good,2025-04-06
840,14039,Average,2024-12-17
841,17353,Excellent,2024-12-20
842,17818,Excellent,2025-04-01
843,16807,Excellent,2024-11-20
844,7425,Needs Improvement,2025-01-12
845,7297,Good,2025-01-22
846,8106,Excellent,2025-06-20
847,9883,Excellent,2025-05-07
848,19167,Average,2024-10-20
849,15619,Good,2024-10-30
850,13684,Good,2024-07-18
851,16745,Good,2024-09-28
852,14470,Good,2024-09-16
853,11394,Good,2025-01-25
854,5191,Needs Improvement,2025-06-08
855,11264,Excellent,2025-06-20
856,11757,Excellent,2025-03-29
857,7028,Average,2024-11-19
858,8034,Excellent,2025-01-20
859,16027,Excellent,2024-12-02
860,15032,Good,2025-04-15
861,9584,Average,2025-03-27
862,16506,Excellent,2025-06-04
863,10881,Good,2024-11-24
864,16111,Good,2024-09-27
865,18884,Excellent,2025-06-28
866,19589,Needs Improvement,2025-03-04
867,4202,Needs Improvement,2025-02-18
868,15327,Average,2024-07-13
869,16791,Needs Improvement,2025-03-05
870,3455,Average,2025-02-05
871,17865,Excellent,2025-05-15
872,12539,Excellent,2025-02-05
873,3465,Good,2025-03-04
874,11027,Excellent,2025-03-20
875,17088,Average,2025-04-18
876,5296,Needs Improvement,2024-10-06
877,12770,Good,2025-04-27
878,14627,Needs Improvement,2024-12-27
879,12551,Needs Improvement,2025-04-13
880,2500,Good,2025-02-27
881,5177,Excellent,2024-11-08
882,16202,Average,2024-12-27
883,79,Good,2025-06-18
884,7420,Excellent,2025-06-09
885,176,Average,2024-09-04
886,8814,Needs Improvement,2024-07-08
887,1049,Good,2025-01-02
888,372,Needs Improvement,2024-12-22
889,16280,Good,2025-01-25
890,10618,Average,2024-10-08
891,15295,Excellent,2024-11-20
892,5464,Good,2025-02-14
893,6845,Needs Improvement,2024-09-05
894,10079,Average,2024-08-01
895,15481,Good,2024-10-13
896,15606,Average,2024-08-04
897,12633,Average,2025-06-13
898,11268,Good,2025-06-26
899,1614,Average,2025-05-20
900,18585,Excellent,2025-04-30
901,33,Average,2025-06-16
902,489,Needs Improvement,2025-02-17
903,2354,Average,2024-07-22
904,16733,Excellent,2025-06-15
905,16353,Average,2024-10-05
906,10932,Average,2025-01-13
907,3821,Needs Improvement,2025-05-15
908,11680,Excellent,2024-12-11
909,5923,Average,2024-12-11
910,18225,Needs Improvement,2024-09-01
911,17264,Good,2024-07-23
912,3026,Average,2025-01-18
913,14811,Excellent,2025-06-26
914,2547,Average,2024-07-10
915,16418,Average,2024-12-06
916,15921,Needs Improvement,2025-05-20
917,7617,Excellent,2025-04-26
918,16963,Good,2024-10-24
919,2723,Good,2025-01-13
920,18409,Average,2025-05-04
921,12864,Average,2024-12-16
922,14047,Needs Improvement,2024-12-10
923,2851,Good,2024-07-29
924,689,Average,2025-06-05
925,16355,Excellent,2025-01-28
926,8634,Needs Improvement,2025-02-18
927,17059,Excellent,2025-02-27
928,2461,Excellent,2024-08-14
929,2222,Good,2025-07-03
930,18819,Average,2024-12-24
931,8945,Excellent,2024-09-11
932,1406,Needs Improvement,2024-11-16
933,15476,Average,2025-07-03
934,19193,Good,2025-04-11
935,1291,Average,2025-01-14
936,14138,Excellent,2025-02-04
937,8503,Excellent,2025-01-15
938,5371,Good,2025-03-08
939,10561,Needs Improvement,2025-02-02
940,19797,Average,2025-03-11
941,10531,Needs Improvement,2024-11-08
942,4181,Average,2025-03-25
943,11234,Needs Improvement,2025-06-12
944,12503,Average,2024-11-25
945,2946,Excellent,2025-03-26
946,9224,Average,2025-06-23
947,2671,Average,2025-03-15
948,14673,Needs Improvement,2024-12-04
949,4035,Excellent,2025-02-02
950,10801,Needs Improvement,2025-03-16
951,6810,Good,2024-12-31
952,7293,Needs Improvement,2024-11-06
953,16463,Needs Improvement,2025-05-05
954,2416,Excellent,2024-08-27
955,2609,Good,2025-03-08
956,7960,Average,2024-10-15
957,5212,Good,2024-08-11
958,4252,Needs Improvement,2025-04-14
959,16726,Needs Improvement,2025-03-23
960,7698,Excellent,2024-12-26
961,12095,Good,2024-10-15
962,9496,Excellent,2025-06-09
963,3474,Good,2025-01-18
964,14900,Excellent,2025-02-07
965,13427,Excellent,2025-02-01
966,18162,Average,2024-10-13
967,9238,Average,2024-10-25
968,11594,Needs Improvement,2025-05-08
969,18514,Good,2025-04-09
970,3377,Good,2025-01-12
971,14865,Needs Improvement,2024-11-03
972,2148,Excellent,2025-01-16
973,4367,Needs Improvement,2025-01-25
974,3369,Needs Improvement,2025-04-06
975,13816,Average,2024-12-01
976,3953,Excellent,2025-06-16
977,19347,Excellent,2025-05-15
978,11735,Good,2025-05-03
979,5693,Average,2025-06-26
980,3414,Good,2024-08-11
981,17994,Average,2025-03-03
982,2428,Good,2025-03-12
983,18335,Needs Improvement,2025-03-24
984,7017,Good,2024-08-12
985,14360,Needs Improvement,2025-06-21
986,3232,Average,2024-07-26
987,9213,Good,2024-11-21
988,2299,Needs Improvement,2024-09-04
989,4955,Needs Improvement,2024-12-30
990,10877,Good,2024-12-01
991,5544,Needs Improvement,2024-10-22
992,4204,Average,2024-11-28
993,12058,Excellent,2024-07-31
994,6723,Needs Improvement,2025-03-18
995,3768,Excellent,2024-08-15
996,1570,Excellent,2025-02-12
997,15824,Average,2024-08-24
998,4545,Average,2025-05-30
999,8891,Good,2024-10-11
1000,14994,Average,2024-11-29
1001,1479,Good,2024-12-12
1002,15244,Good,2025-02-27
1003,11096,Needs Improvement,2024-10-28
1004,15247,Good,2025-06-19
1005,3735,Excellent,2024-08-06
1006,14355,Excellent,2024-12-12
1007,1152,Average,2024-11-08
1008,19258,Average,2024-10-09
1009,3789,Excellent,2025-03-12
1010,4904,Average,2024-10-15
1011,3754,Needs Improvement,2025-01-01
1012,1939,Needs Improvement,2025-04-11
1013,4994,Needs Improvement,2025-06-27
1014,10062,Average,2025-04-09
1015,17499,Average,2025-06-09
1016,5173,Average,2024-09-12
1017,3768,Good,2025-01-26
1018,15901,Needs Improvement,2024-12-16
1019,22,Needs Improvement,2025-03-30
1020,7888,Average,2024-07-23
1021,7532,Average,2025-03-26
1022,9287,Needs Improvement,2024-07-19
1023,5436,Average,2024-10-19
1024,18103,Average,2024-12-14
1025,2834,Good,2025-02-18
1026,8098,Excellent,2025-01-24
1027,2201,Good,2025-01-16
1028,14152,Good,2025-03-18
1029,11618,Needs Improvement,2025-04-27
1030,2387,Needs Improvement,2024-09-21
1031,8682,Average,2024-07-16
1032,11196,Good,2025-03-27
1033,13340,Excellent,2024-08-21
1034,11087,Good,2025-03-10
1035,3758,Excellent,2024-12-10
1036,18617,Good,2025-05-16
1037,17002,Good,2024-11-18
1038,1815,Needs Improvement,2024-12-20
1039,17438,Average,2025-01-25
1040,19394,Needs Improvement,2024-09-25
1041,10168,Average,2024-12-20
1042,8503,Excellent,2025-04-10
1043,6021,Needs Improvement,2024-12-16
1044,5443,Average,2025-03-11
1045,13422,Average,2025-02-08
1046,13463,Average,2024-08-24
1047,11647,Excellent,2024-10-19
1048,12088,Needs Improvement,2025-06-11
1049,12098,Good,2025-03-14
1050,3318,Excellent,2025-05-25
1051,19489,Excellent,2024-09-29
1052,19016,Needs Improvement,2024-10-01
1053,4970,Good,2024-11-22
1054,16635,Excellent,2024-08-12
1055,13053,Good,2024-10-25
1056,2480,Average,2025-05-24
1057,12615,Excellent,2025-04-24
1058,11034,Excellent,2024-09-18
1059,8539,Average,2024-09-11
1060,4028,Average,2025-02-21
1061,10441,Excellent,2025-03-21
1062,14538,Needs Improvement,2024-08-21
1063,18086,Excellent,2024-09-07
1064,9675,Good,2025-04-10
1065,318,Excellent,2025-01-23
1066,5892,Average,2025-04-13
1067,14438,Good,2025-01-17
1068,17572,Excellent,2025-05-17
1069,10957,Good,2025-06-14
1070,16631,Excellent,2025-01-11
1071,14652,Good,2025-03-23
1072,11563,Average,2024-09-27
1073,18170,Good,2024-07-06
1074,8052,Needs Improvement,2025-03-02
1075,14329,Excellent,2025-03-18
1076,18230,Average,2025-01-09
1077,17615,Good,2025-05-20
1078,2851,Needs Improvement,2025-03-12
1079,743,Average,2025-02-16
1080,14138,Average,2025-01-11
1081,10056,Excellent,2024-08-29
1082,15743,Needs Improvement,2024-09-26
1083,3865,Good,2025-06-04
1084,18520,Excellent,2024-10-03
1085,8837,Good,2025-03-18
1086,5506,Needs Improvement,2025-01-26
1087,9796,Average,2024-10-24
1088,17592,Needs Improvement,2024-11-27
1089,5739,Needs Improvement,2025-03-05
1090,2673,Average,2024-08-28
1091,18396,Good,2025-03-13
1092,2659,Needs Improvement,2024-10-28
1093,2687,Good,2025-02-03
1094,10887,Excellent,2025-04-25
1095,19386,Excellent,2024-12-05
1096,15283,Excellent,2025-04-07
1097,19756,Average,2025-02-05
1098,13271,Average,2025-02-26
1099,14470,Excellent,2025-01-01
1100,5961,Needs Improvement,2024-11-13
1101,1458,Needs Improvement,2024-09-20
1102,19234,Needs Improvement,2024-11-10
1103,19682,Needs Improvement,2025-01-23
1104,14441,Good,2024-11-26
1105,4611,Needs Improvement,2025-01-30
1106,14227,Average,2025-03-11
1107,15459,Average,2024-10-25
1108,15620,Needs Improvement,2024-11-01
1109,16855,Excellent,2024-07-07
1110,16268,Good,2025-06-16
1111,18378,Needs Improvement,2024-10-21
1112,18381,Average,2025-03-29
1113,2743,Average,2024-07-22
1114,17096,Excellent,2025-01-08
1115,18957,Needs Improvement,2024-09-27
1116,6703,Average,2025-07-06
1117,16582,Excellent,2024-10-29
1118,1169,Good,2024-10-24
1119,7324,Average,2025-05-23
1120,12656,Needs Improvement,2024-10-30
1121,11414,Excellent,2024-10-25
1122,11226,Average,2025-05-08
1123,11955,Excellent,2024-07-08
1124,18632,Average,2025-03-23
1125,3874,Good,2025-05-29
1126,19280,Needs Improvement,2025-04-23
1127,8162,Good,2025-06-17
1128,12861,Average,2025-05-04
1129,11663,Needs Improvement,2024-08-02
1130,11597,Average,2024-09-20
1131,6524,Needs Improvement,2025-05-20
1132,6027,Good,2025-07-05
1133,16119,Good,2025-03-23
1134,16751,Needs Improvement,2024-08-24
1135,19076,Good,2025-05-03
1136,7341,Average,2024-10-22
1137,14910,Average,2025-05-15
1138,16905,Good,2024-09-24
1139,12801,Average,2025-04-30
1140,18344,Average,2024-10-09
1141,11047,Good,2024-07-06
1142,8595,Excellent,2025-04-15
1143,14849,Excellent,2025-02-26
1144,722,Good,2024-08-16
1145,15936,Excellent,2025-06-04
1146,18012,Excellent,2024-11-03
1147,7505,Average,2025-06-28
1148,9457,Average,2025-04-28
1149,7806,Needs Improvement,2024-12-19
1150,11411,Average,2025-01-31
1151,3629,Excellent,2025-02-08
1152,17477,Average,2024-12-22
1153,8628,Average,2024-07-20
1154,13666,Average,2025-03-13
1155,18293,Good,2024-12-08
1156,2893,Good,2025-02-09
1157,925,Good,2025-05-10
1158,7967,Average,2024-08-07
1159,915,Average,2025-01-27
1160,3070,Excellent,2025-04-23
1161,13486,Needs Improvement,2025-04-02
1162,11005,Needs Improvement,2024-07-08
1163,304,Excellent,2024-10-23
1164,19283,Excellent,2025-01-08
1165,3151,Good,2025-06-23
1166,7434,Needs Improvement,2024-11-04
1167,6471,Needs Improvement,2025-02-22
1168,2988,Good,2024-09-24
1169,1548,Needs Improvement,2025-04-15
1170,7300,Excellent,2025-04-23
1171,19833,Needs Improvement,2024-12-26
1172,14087,Good,2025-04-13
1173,10870,Needs Improvement,2025-01-11
1174,12834,Good,2024-10-12
1175,5036,Average,2024-09-01
1176,4662,Needs Improvement,2024-08-16
1177,15851,Needs Improvement,2024-09-06
1178,13423,Excellent,2025-04-30
1179,6256,Excellent,2025-02-26
1180,16568,Average,2024-10-24
1181,15660,Needs Improvement,2025-06-17
1182,2980,Good,2025-03-25
1183,3565,Excellent,2025-05-27
1184,5640,Good,2025-07-06
1185,9833,Needs Improvement,2025-04-06
1186,14198,Needs Improvement,2024-12-15
1187,4858,Good,2024-12-21
1188,10363,Average,2024-10-31
1189,1957,Needs Improvement,2024-07-18
1190,15666,Needs Improvement,2024-12-12
1191,17812,Good,2025-01-12
1192,8658,Needs Improvement,2025-06-25
1193,15199,Excellent,2025-07-01
1194,11118,Needs Improvement,2024-12-14
1195,19061,Good,2025-05-18
1196,11325,Excellent,2025-02-10
1197,5328,Needs Improvement,2025-03-02
1198,19541,Average,2025-03-13
1199,7903,Good,2024-10-16
1200,5720,Average,2025-03-05
1201,6015,Excellent,2025-04-23
1202,9486,Excellent,2024-11-05
1203,4722,Good,2024-11-19
1204,1882,Average,2024-08-03
1205,347,Average,2024-08-25
1206,4300,Needs Improvement,2025-05-19
1207,18666,Average,2025-06-25
1208,19574,Excellent,2025-02-24
1209,4805,Needs Improvement,2024-10-15
1210,12512,Excellent,2025-03-12
1211,3235,Good,2025-04-23
1212,15969,Good,2025-04-29
1213,2555,Good,2024-11-23
1214,1802,Good,2024-07-31
1215,6999,Good,2025-05-09
1216,9462,Excellent,2024-12-03
1217,11493,Excellent,2025-06-14
1218,13971,Excellent,2025-05-08
1219,10659,Good,2024-08-11
1220,4649,Average,2025-02-09
1221,10435,Average,2024-07-09
1222,18977,Needs Improvement,2025-03-29
1223,14783,Excellent,2024-12-30
1224,2085,Needs Improvement,2025-05-09
1225,15728,Good,2024-07-29
1226,17729,Good,2025-02-14
1227,19992,Good,2025-01-22
1228,15987,Excellent,2025-05-30
1229,5560,Good,2024-08-12
1230,4325,Good,2024-12-11
1231,8132,Average,2025-03-19
1232,13066,Good,2025-06-28
1233,7247,Good,2024-12-17
1234,7791,Excellent,2025-04-24
1235,17310,Needs Improvement,2025-02-04
1236,8820,Needs Improvement,2024-10-07
1237,10144,Good,2024-09-25
1238,1699,Needs Improvement,2024-08-26
1239,1873,Average,2024-10-01
1240,2136,Good,2024-12-31
1241,11814,Good,2025-07-02
1242,13399,Average,2025-01-23
1243,5274,Needs Improvement,2024-10-17
1244,13695,Average,2024-12-01
1245,6411,Average,2024-09-29
1246,7735,Average,2025-06-16
1247,12993,Excellent,2024-10-08
1248,19021,Needs Improvement,2024-07-09
1249,8166,Average,2024-08-26
1250,13703,Good,2024-12-08
1251,19590,Needs Improvement,2024-12-29
1252,11513,Excellent,2025-02-11
1253,9903,Needs Improvement,2024-09-27
1254,19287,Good,2024-10-22
1255,8040,Good,2024-09-23
1256,7019,Excellent,2025-06-14
1257,9765,Average,2025-03-17
1258,18221,Needs Improvement,2024-07-21
1259,6337,Good,2024-09-03
1260,10848,Average,2024-08-08
1261,16268,Excellent,2024-11-11
1262,2691,Average,2025-02-27
1263,8528,Good,2025-03-13
1264,13147,Good,2024-08-07
1265,3372,Needs Improvement,2025-02-07
1266,4597,Average,2025-05-19
1267,8529,Good,2024-09-24
1268,18809,Good,2024-08-30
1269,9575,Needs Improvement,2025-02-22
1270,7811,Average,2024-07-16
1271,11203,Needs Improvement,2025-06-01
1272,592,Needs Improvement,2025-01-14
1273,11711,Average,2025-05-08
1274,12920,Good,2025-02-13
1275,12707,Average,2025-06-04
1276,11301,Excellent,2025-04-18
1277,11026,Excellent,2024-07-23
1278,12337,Excellent,2025-03-08
1279,5298,Good,2025-03-19
1280,10274,Needs Improvement,2024-10-10
1281,18435,Needs Improvement,2024-09-07
1282,5337,Average,2025-01-14
1283,6102,Excellent,2025-05-24
1284,8236,Excellent,2024-09-11
1285,1149,Average,2024-11-10
1286,16333,Average,2025-02-19
1287,4471,Good,2024-11-13
1288,3237,Excellent,2025-06-06
1289,14196,Needs Improvement,2024-08-03
1290,4026,Needs Improvement,2025-06-29
1291,9726,Average,2025-07-02
1292,19478,Excellent,2025-02-07
1293,2358,Excellent,2024-08-26
1294,1230,Needs Improvement,2025-03-10
1295,1027,Average,2024-11-13
1296,13733,Excellent,2025-03-06
1297,12472,Excellent,2024-12-01
1298,5370,Average,2025-06-29
1299,2419,Needs Improvement,2025-06-09
1300,9127,Excellent,2024-09-20
1301,8637,Needs Improvement,2025-01-19
1302,3550,Needs Improvement,2024-12-15
1303,2664,Needs Improvement,2025-05-01
1304,17900,Average,2024-09-11
1305,2889,Needs Improvement,2024-09-09
1306,394,Needs Improvement,2025-03-09
1307,10632,Good,2025-04-08
1308,15894,Excellent,2024-09-10
1309,2184,Excellent,2024-11-27
1310,14925,Needs Improvement,2025-03-26
1311,19364,Excellent,2024-10-29
1312,8935,Needs Improvement,2025-06-22
1313,4285,Good,2025-04-22
1314,7590,Excellent,2025-02-15
1315,2805,Needs Improvement,2024-07-29
1316,8218,Needs Improvement,2025-01-17
1317,5647,Good,2025-01-31
1318,3556,Good,2024-10-04
1319,5698,Excellent,2025-06-07
1320,9153,Needs Improvement,2024-10-05
1321,12857,Needs Improvement,2025-04-30
1322,9523,Needs Improvement,2025-04-12
1323,10098,Good,2024-08-19
1324,18642,Excellent,2024-08-01
1325,13062,Excellent,2025-04-22
1326,4726,Good,2024-12-22
1327,4928,Average,2025-02-12
1328,14718,Excellent,2025-03-17
1329,4439,Average,2024-10-18
1330,2145,Excellent,2025-03-17
1331,1262,Average,2025-02-07
1332,4950,Average,2024-08-30
1333,2195,Needs Improvement,2025-05-12
1334,11216,Average,2024-09-28
1335,14724,Needs Improvement,2025-01-11
1336,15405,Good,2025-05-30
1337,12214,Excellent,2024-07-10
1338,2387,Excellent,2025-03-09
1339,13596,Excellent,2025-07-03
1340,17120,Average,2024-07-15
1341,9936,Average,2024-08-25
1342,12069,Needs Improvement,2024-10-22
1343,665,Average,2025-05-19
1344,1122,Average,2024-08-16
1345,13378,Average,2025-01-30
1346,5051,Excellent,2025-04-11
1347,1682,Excellent,2024-11-06
1348,5705,Needs Improvement,2024-12-20
1349,6639,Good,2025-05-23
1350,10168,Good,2025-06-16
1351,15690,Excellent,2025-05-24
1352,1725,Excellent,2025-03-14
1353,19293,Good,2024-07-30
1354,8663,Needs Improvement,2024-10-01
1355,4192,Needs Improvement,2024-09-24
1356,4950,Excellent,2024-07-28
1357,371,Good,2024-07-27
1358,12235,Average,2025-05-25
1359,16135,Needs Improvement,2025-02-18
1360,13167,Excellent,2024-12-04
1361,5935,Good,2024-08-26
1362,6451,Good,2024-11-03
1363,7186,Needs Improvement,2025-05-08
1364,14875,Good,2024-07-30
1365,9807,Excellent,2024-10-13
1366,9923,Good,2024-12-21
1367,15574,Good,2024-07-06
1368,5424,Good,2024-12-19
1369,2646,Good,2025-04-25
1370,9493,Average,2024-10-13
1371,1065,Good,2024-09-22
1372,3446,Needs Improvement,2025-06-25
1373,4410,Average,2025-05-03
1374,17607,Needs Improvement,2025-02-18
1375,3429,Good,2024-08-13
1376,18978,Average,2025-04-21
1377,15014,Average,2025-01-25
1378,4631,Average,2024-07-16
1379,727,Good,2025-01-29
1380,7686,Excellent,2025-03-22
1381,9739,Needs Improvement,2025-04-14
1382,8610,Good,2024-09-09
1383,14563,Good,2024-08-28
1384,13667,Good,2024-11-04
1385,17235,Needs Improvement,2025-07-03
1386,13171,Average,2025-02-12
1387,15878,Excellent,2024-09-14
1388,11164,Excellent,2024-08-16
1389,17118,Needs Improvement,2025-05-05
1390,5173,Good,2025-06-26
1391,3446,Average,2025-02-26
1392,274,Excellent,2025-04-28
1393,9232,Needs Improvement,2025-01-06
1394,7518,Average,2024-11-14
1395,2413,Average,2024-12-29
1396,19216,Needs Improvement,2025-05-18
1397,19350,Average,2024-10-15
1398,18673,Needs Improvement,2024-10-30
1399,9998,Average,2025-05-13
1400,15967,Good,2024-09-20
1401,19408,Average,2025-05-19
1402,14532,Good,2024-08-03
1403,6344,Average,2025-03-05
1404,14895,Excellent,2024-09-05
1405,19229,Average,2024-11-19
1406,4204,Needs Improvement,2024-11-07
1407,2171,Average,2024-09-01
1408,15076,Needs Improvement,2025-02-19
1409,1050,Good,2025-01-16
1410,6679,Needs Improvement,2024-09-19
1411,14653,Good,2025-02-19
1412,13188,Average,2024-09-22
1413,8644,Excellent,2024-07-11
1414,19925,Needs Improvement,2024-12-21
1415,8621,Average,2025-03-08
1416,10780,Needs Improvement,2025-06-18
1417,10775,Good,2024-09-09
1418,99,Good,2025-03-29
1419,5181,Good,2024-12-09
1420,17000,Needs Improvement,2024-10-17
1421,16654,Good,2025-05-03
1422,18833,Good,2025-05-17
1423,1740,Average,2024-09-10
1424,9588,Average,2024-12-13
1425,13857,Needs Improvement,2025-06-23
1426,2309,Excellent,2024-08-03
1427,8228,Good,2024-11-05
1428,17341,Good,2025-02-01
1429,6536,Good,2024-10-17
1430,6880,Good,2025-03-22
1431,19488,Average,2025-01-16
1432,10888,Good,2025-06-09
1433,4533,Average,2024-12-29
1434,19053,Average,2025-03-18
1435,9370,Average,2024-08-27
1436,1774,Good,2025-02-10
1437,1120,Average,2025-01-01
1438,7027,Excellent,2024-09-27
1439,6230,Needs Improvement,2025-07-03
1440,19649,Excellent,2025-02-26
1441,13551,Needs Improvement,2025-06-05
1442,17110,Average,2024-07-23
1443,4903,Good,2025-04-07
1444,11203,Good,2024-08-23
1445,8642,Good,2024-11-06
1446,7196,Average,2024-07-19
1447,1410,Excellent,2025-03-27
1448,3224,Good,2025-01-29
1449,13519,Needs Improvement,2025-05-10
1450,14534,Excellent,2025-02-23
1451,2785,Needs Improvement,2025-02-20
1452,9776,Needs Improvement,2025-02-20
1453,8864,Excellent,2024-11-16
1454,4028,Needs Improvement,2025-05-05
1455,14988,Excellent,2025-01-25
1456,16502,Average,2024-11-06
1457,19080,Good,2024-12-03
1458,8175,Average,2025-02-26
1459,157,Needs Improvement,2024-09-05
1460,16655,Good,2025-05-11
1461,5730,Needs Improvement,2025-04-04
1462,12809,Needs Improvement,2024-10-19
1463,7865,Needs Improvement,2025-05-14
1464,4809,Needs Improvement,2024-07-09
1465,18133,Needs Improvement,2025-03-17
1466,16091,Excellent,2025-03-05
1467,8483,Needs Improvement,2024-09-06
1468,19902,Needs Improvement,2025-01-14
1469,16070,Needs Improvement,2024-09-07
1470,10527,Needs Improvement,2025-03-14
1471,10642,Excellent,2025-06-27
1472,18004,Excellent,2024-11-05
1473,16952,Average,2024-09-14
1474,14050,Average,2024-09-11
1475,2050,Needs Improvement,2024-11-03
1476,12440,Average,2024-10-04
1477,4918,Average,2024-11-06
1478,1259,Average,2025-01-06
1479,1340,Needs Improvement,2024-12-20
1480,19111,Average,2025-03-17
1481,789,Needs Improvement,2024-08-07
1482,14833,Average,2025-02-18
1483,17058,Good,2025-01-05
1484,13373,Good,2024-10-23
1485,19083,Good,2025-01-28
1486,2689,Average,2024-11-09
1487,10763,Average,2025-03-25
1488,5377,Average,2024-12-06
1489,11270,Excellent,2025-04-06
1490,631,Average,2025-06-10
1491,11958,Needs Improvement,2024-11-02
1492,16997,Needs Improvement,2024-07-31
1493,3164,Average,2024-07-07
1494,3277,Good,2024-07-26
1495,1917,Excellent,2025-03-30
1496,11863,Average,2025-06-29
1497,10486,Needs Improvement,2025-05-20
1498,14869,Good,2025-01-20
1499,13260,Good,2024-10-26
1500,5583,Needs Improvement,2025-05-08
1501,11160,Good,2024-12-19
1502,19416,Good,2025-04-12
1503,5836,Needs Improvement,2025-03-07
1504,10913,Good,2024-07-29
1505,18265,Needs Improvement,2024-07-12
1506,4709,Good,2024-10-24
1507,1921,Good,2025-03-22
1508,5824,Good,2024-08-26
1509,177,Excellent,2025-01-15
1510,14303,Needs Improvement,2024-10-25
1511,19242,Excellent,2024-10-20
1512,17617,Good,2025-01-21
1513,13153,Good,2025-05-14
1514,4711,Average,2025-07-06
1515,10522,Needs Improvement,2025-02-18
1516,19032,Excellent,2025-01-18
1517,16123,Good,2024-10-26
1518,16743,Excellent,2025-04-02
1519,3779,Average,2024-07-06
1520,9270,Good,2025-04-11
1521,5761,Average,2025-02-18
1522,9036,Needs Improvement,2024-08-05
1523,1093,Needs Improvement,2025-01-13
1524,3078,Good,2024-07-17
1525,3974,Average,2025-06-22
1526,11009,Excellent,2024-10-21
1527,2912,Excellent,2024-11-15
1528,856,Needs Improvement,2024-12-23
1529,10123,Average,2025-04-22
1530,8370,Good,2024-10-13
1531,18120,Excellent,2024-10-20
1532,11127,Excellent,2025-05-29
1533,4849,Excellent,2025-06-09
1534,5747,Average,2024-12-09
1535,660,Excellent,2024-08-09
1536,5373,Average,2024-07-17
1537,12651,Excellent,2024-09-03
1538,12597,Needs Improvement,2025-02-07
1539,13216,Needs Improvement,2025-02-01
1540,5791,Average,2024-12-24
1541,422,Excellent,2025-02-25
1542,19716,Average,2025-05-07
1543,15712,Good,2025-03-25
1544,18999,Average,2024-08-16
1545,11733,Good,2024-09-15
1546,14370,Good,2024-11-09
1547,2713,Needs Improvement,2024-08-11
1548,14269,Average,2024-12-05
1549,16523,Needs Improvement,2024-09-01
1550,8290,Good,2024-09-08
1551,18217,Excellent,2025-05-30
1552,14983,Average,2025-01-19
1553,19655,Needs Improvement,2024-12-17
1554,15875,Average,2024-09-20
1555,4405,Needs Improvement,2024-10-30
1556,19140,Needs Improvement,2024-11-17
1557,12617,Needs Improvement,2025-04-12
1558,9901,Average,2025-01-19
1559,19759,Needs Improvement,2024-09-16
1560,14970,Needs Improvement,2024-08-27
1561,15288,Needs Improvement,2024-07-18
1562,18732,Good,2025-06-19
1563,4945,Average,2025-03-04
1564,13966,Needs Improvement,2024-11-01
1565,513,Needs Improvement,2025-04-16
1566,16039,Needs Improvement,2024-11-13
1567,10216,Needs Improvement,2025-02-28
1568,3655,Good,2024-10-21
1569,3631,Good,2025-06-03
1570,16008,Good,2024-10-13
1571,13338,Needs Improvement,2024-09-11
1572,7102,Excellent,2025-06-09
1573,19977,Excellent,2025-07-05
1574,8524,Average,2024-12-29
1575,1501,Average,2024-10-08
1576,18235,Excellent,2025-02-27
1577,2974,Good,2024-10-31
1578,9504,Needs Improvement,2024-08-21
1579,651,Good,2025-06-18
1580,12664,Average,2024-08-20
1581,3538,Good,2024-07-25
1582,19201,Needs Improvement,2025-02-24
1583,17697,Average,2024-07-19
1584,3076,Needs Improvement,2024-10-14
1585,11708,Good,2024-08-04
1586,6473,Excellent,2025-01-18
1587,4145,Excellent,2024-08-07
1588,8595,Needs Improvement,2024-10-13
1589,14866,Good,2024-11-03
1590,12418,Needs Improvement,2025-04-14
1591,5400,Average,2025-04-16
1592,16414,Needs Improvement,2024-11-13
1593,16185,Excellent,2025-04-18
1594,316,Needs Improvement,2025-05-07
1595,4688,Excellent,2025-04-30
1596,11115,Good,2024-09-20
1597,16559,Needs Improvement,2025-03-31
1598,9528,Excellent,2025-04-21
1599,18953,Good,2025-05-06
1600,9904,Excellent,2024-09-06
1601,8771,Good,2025-02-02
1602,14108,Excellent,2024-08-10
1603,9343,Excellent,2024-11-18
1604,19671,Average,2025-06-17
1605,16868,Excellent,2024-09-14
1606,19632,Needs Improvement,2024-11-28
1607,11216,Needs Improvement,2024-07-18
1608,9943,Good,2025-01-08
1609,14675,Excellent,2025-02-25
1610,2661,Excellent,2025-05-03
1611,8171,Average,2025-01-22
1612,13940,Excellent,2025-01-19
1613,16976,Good,2024-07-21
1614,15274,Average,2024-09-05
1615,1066,Good,2024-09-20
1616,6316,Excellent,2025-02-25
1617,3068,Excellent,2024-11-23
1618,1690,Average,2024-07-25
1619,10394,Excellent,2025-03-31
1620,14283,Good,2024-09-07
1621,3601,Needs Improvement,2024-10-14
1622,19432,Excellent,2025-04-01
1623,16733,Good,2025-03-26
1624,1850,Good,2024-11-26
1625,18059,Average,2024-12-28
1626,11147,Average,2025-04-10
1627,17530,Average,2025-04-05
1628,641,Average,2025-05-05
1629,16464,Average,2024-12-01
1630,4561,Excellent,2024-08-16
1631,7913,Excellent,2025-01-30
1632,11838,Excellent,2025-06-02
1633,18218,Excellent,2024-11-15
1634,4377,Needs Improvement,2024-11-10
1635,8513,Needs Improvement,2024-12-10
1636,2980,Excellent,2024-09-02
1637,9607,Average,2025-06-12
1638,17259,Good,2025-03-08
1639,15188,Good,2025-03-23
1640,5788,Good,2024-09-08
1641,6378,Needs Improvement,2024-11-18
1642,13019,Average,2024-12-23
1643,17350,Average,2025-06-24
1644,10731,Average,2024-07-29
1645,8485,Excellent,2024-12-16
1646,19050,Average,2025-06-26
1647,16093,Needs Improvement,2025-01-31
1648,4990,Excellent,2025-04-14
1649,4379,Good,2024-10-24
1650,8557,Needs Improvement,2024-11-29
1651,3690,Excellent,2025-03-09
1652,13758,Needs Improvement,2025-01-18
1653,16567,Excellent,2024-08-13
1654,17422,Average,2025-06-26
1655,3425,Average,2025-04-03
1656,19341,Good,2024-07-08
1657,551,Average,2025-06-24
1658,18109,Excellent,2024-12-04
1659,11954,Average,2024-10-20
1660,15079,Needs Improvement,2025-06-08
1661,7298,Needs Improvement,2025-01-31
1662,7694,Needs Improvement,2025-04-24
1663,12576,Average,2025-06-19
1664,10321,Needs Improvement,2024-12-31
1665,920,Excellent,2024-11-19
1666,15698,Average,2025-03-25
1667,15308,Excellent,2025-02-24
1668,9386,Average,2025-03-13
1669,5929,Average,2025-03-08
1670,17643,Needs Improvement,2024-08-05
1671,9687,Needs Improvement,2024-09-13
1672,18157,Excellent,2025-01-19
1673,8379,Average,2025-05-15
1674,2362,Excellent,2025-04-20
1675,2076,Good,2024-12-31
1676,17314,Good,2025-05-20
1677,14679,Average,2024-07-07
1678,6364,Good,2025-01-11
1679,3449,Average,2024-11-22
1680,15992,Average,2025-03-24
1681,15825,Average,2025-04-02
1682,7505,Good,2025-06-27
1683,11771,Needs Improvement,2025-06-25
1684,10455,Good,2024-11-27
1685,8465,Excellent,2025-04-18
1686,13801,Average,2025-04-10
1687,7508,Good,2025-04-10
1688,6123,Excellent,2024-10-12
1689,10448,Needs Improvement,2025-02-04
1690,3961,Needs Improvement,2025-02-19
1691,7950,Good,2025-02-09
1692,13899,Excellent,2025-05-15
1693,6251,Average,2024-08-13
1694,12202,Excellent,2025-05-15
1695,7637,Good,2025-07-02
1696,17030,Average,2024-08-11
1697,1531,Average,2024-11-11
1698,12391,Excellent,2025-01-31
1699,17286,Needs Improvement,2025-05-09
1700,14956,Good,2025-06-22
1701,2006,Excellent,2025-04-22
1702,7979,Needs Improvement,2024-09-11
1703,8665,Good,2025-04-25
1704,1888,Average,2025-03-24
1705,3781,Average,2024-12-13
1706,10848,Excellent,2025-03-05
1707,7620,Good,2025-01-11
1708,16422,Average,2025-06-03
1709,6853,Good,2025-06-03
1710,12180,Excellent,2025-04-03
1711,953,Average,2025-04-23
1712,9679,Average,2024-07-11
1713,13627,Good,2025-05-15
1714,1709,Average,2025-06-22
1715,1038,Average,2025-06-16
1716,2937,Average,2025-06-17
1717,10175,Excellent,2025-01-18
1718,1038,Excellent,2024-11-24
1719,8134,Good,2024-12-05
1720,10753,Excellent,2025-05-11
1721,18403,Good,2025-02-25
1722,9559,Good,2025-05-07
1723,10042,Excellent,2024-07-06
1724,14440,Good,2025-02-14
1725,5842,Needs Improvement,2024-08-01
1726,18136,Good,2024-08-27
1727,2549,Good,2024-07-22
1728,449,Good,2025-07-03
1729,9583,Needs Improvement,2025-01-30
1730,2599,Excellent,2024-10-26
1731,203,Good,2025-04-05
1732,5429,Needs Improvement,2025-02-15
1733,4877,Good,2025-06-04
1734,12765,Average,2024-11-30
1735,10003,Needs Improvement,2024-07-28
1736,14861,Good,2024-08-12
1737,9567,Excellent,2025-03-03
1738,8672,Average,2024-11-06
1739,19112,Excellent,2025-01-02
1740,9120,Needs Improvement,2025-04-07
1741,10896,Needs Improvement,2025-05-04
1742,13992,Average,2025-03-16
1743,4249,Good,2024-08-03
1744,16504,Needs Improvement,2024-11-11
1745,13288,Good,2025-03-28
1746,4401,Excellent,2024-09-23
1747,17496,Needs Improvement,2025-05-23
1748,5519,Needs Improvement,2024-12-18
1749,3089,Needs Improvement,2024-09-07
1750,10389,Good,2025-06-17
1751,12655,Good,2024-07-22
1752,1771,Needs Improvement,2024-09-11
1753,10071,Excellent,2025-04-10
1754,13209,Good,2024-10-09
1755,19102,Average,2024-07-25
1756,8985,Good,2025-04-26
1757,8895,Average,2025-05-22
1758,10453,Good,2025-05-15
1759,15700,Good,2024-07-12
1760,19769,Excellent,2025-06-24
1761,3531,Good,2025-06-28
1762,5605,Good,2024-08-17
1763,7701,Needs Improvement,2024-12-15
1764,18682,Needs Improvement,2025-05-22
1765,16596,Excellent,2024-09-07
1766,236,Good,2025-05-07
1767,16130,Excellent,2024-10-21
1768,11465,Excellent,2024-07-11
1769,4131,Needs Improvement,2025-06-12
1770,11660,Average,2025-03-28
1771,8392,Needs Improvement,2025-04-20
1772,915,Needs Improvement,2024-07-28
1773,9004,Needs Improvement,2024-10-12
1774,14034,Needs Improvement,2024-09-09
1775,15757,Good,2025-05-17
1776,3813,Good,2025-03-06
1777,13173,Needs Improvement,2024-08-05
1778,14248,Average,2025-03-12
1779,19596,Needs Improvement,2025-01-05
1780,13896,Good,2024-08-22
1781,11429,Average,2025-06-27
1782,12095,Good,2025-03-19
1783,14679,Good,2025-04-01
1784,15513,Average,2024-09-05
1785,12123,Excellent,2025-04-20
1786,11345,Average,2024-09-19
1787,13066,Needs Improvement,2024-12-22
1788,7070,Average,2024-09-18
1789,922,Excellent,2025-02-10
1790,17329,Excellent,2025-04-29
1791,18626,Excellent,2024-12-09
1792,746,Needs Improvement,2025-05-08
1793,13856,Average,2025-04-04
1794,7994,Average,2025-03-14
1795,10603,Good,2024-09-28
1796,2512,Good,2024-11-28
1797,8974,Good,2024-11-25
1798,2493,Needs Improvement,2025-01-16
1799,13158,Average,2025-03-20
1800,4591,Good,2024-08-10
1801,14607,Good,2024-10-20
1802,8253,Excellent,2024-10-26
1803,2837,Good,2025-03-14
1804,5873,Needs Improvement,2024-09-05
1805,13736,Excellent,2025-02-04
1806,9841,Good,2025-03-20
1807,4024,Good,2025-02-13
1808,17773,Needs Improvement,2024-11-08
1809,2168,Needs Improvement,2025-05-04
1810,8760,Excellent,2025-05-06
1811,18228,Needs Improvement,2025-07-04
1812,13075,Good,2025-06-18
1813,4134,Good,2024-08-30
1814,8614,Excellent,2025-03-15
1815,18005,Good,2024-08-31
1816,8214,Average,2025-05-12
1817,19643,Needs Improvement,2024-08-20
1818,7480,Good,2024-09-20
1819,572,Good,2025-02-18
1820,17305,Average,2024-10-04
1821,9022,Excellent,2025-04-18
1822,17948,Good,2024-09-07
1823,14982,Excellent,2025-06-22
1824,63,Good,2024-08-26
1825,19667,Excellent,2024-09-13
1826,16078,Excellent,2025-03-11
1827,15197,Excellent,2025-06-14
1828,2514,Excellent,2025-05-29
1829,20000,Good,2024-12-24
1830,15350,Good,2024-09-17
1831,4003,Average,2025-02-12
1832,2189,Average,2024-07-25
1833,11184,Excellent,2024-12-30
1834,5298,Excellent,2025-01-06
1835,15776,Excellent,2025-06-14
1836,3777,Excellent,2024-09-09
1837,18374,Needs Improvement,2025-06-11
1838,16817,Good,2025-05-17
1839,7284,Needs Improvement,2025-02-08
1840,1078,Excellent,2025-06-28
1841,18737,Average,2024-12-23
1842,19843,Needs Improvement,2024-08-25
1843,10445,Good,2025-05-31
1844,12494,Excellent,2025-04-04
1845,17236,Excellent,2025-03-16
1846,1392,Average,2025-01-29
1847,17991,Needs Improvement,2024-11-08
1848,3852,Excellent,2024-09-10
1849,10105,Needs Improvement,2025-04-09
1850,4865,Average,2025-01-09
1851,9292,Average,2024-09-19
1852,4281,Average,2024-11-23
1853,16252,Good,2024-07-07
1854,15844,Excellent,2025-05-26
1855,18803,Excellent,2025-01-04
1856,15267,Average,2024-08-16
1857,12354,Good,2024-07-17
1858,11297,Average,2025-06-10
1859,16057,Good,2024-10-24
1860,10296,Needs Improvement,2025-04-20
1861,17468,Excellent,2024-09-16
1862,1250,Good,2025-02-28
1863,3514,Needs Improvement,2024-12-06
1864,15209,Needs Improvement,2025-04-12
1865,14380,Needs Improvement,2024-12-02
1866,4365,Good,2025-01-23
1867,9802,Good,2024-09-09
1868,8865,Needs Improvement,2024-09-19
1869,4173,Good,2024-12-05
1870,7557,Needs Improvement,2025-01-19
1871,8282,Average,2024-09-12
1872,10763,Needs Improvement,2025-06-11
1873,17573,Excellent,2025-05-22
1874,12225,Average,2025-05-27
1875,11491,Good,2024-09-03
1876,2374,Average,2025-06-29
1877,10616,Average,2024-08-12
1878,3684,Needs Improvement,2024-09-19
1879,13628,Average,2024-07-31
1880,12390,Needs Improvement,2024-11-11
1881,2075,Needs Improvement,2025-02-13
1882,4002,Average,2025-05-11
1883,680,Needs Improvement,2024-09-11
1884,11563,Average,2025-01-25
1885,6278,Needs Improvement,2025-01-02
1886,11501,Good,2024-08-28
1887,18063,Average,2024-11-21
1888,2211,Good,2024-09-27
1889,15632,Good,2025-03-12
1890,18752,Good,2025-06-11
1891,748,Excellent,2025-06-18
1892,5971,Excellent,2025-02-28
1893,17794,Average,2025-04-15
1894,9827,Good,2025-02-10
1895,10900,Needs Improvement,2025-06-03
1896,12290,Good,2024-10-20
1897,8647,Excellent,2024-07-19
1898,15957,Good,2024-11-07
1899,17499,Excellent,2024-10-23
1900,18939,Needs Improvement,2024-08-13
1901,10516,Needs Improvement,2024-08-19
1902,17512,Excellent,2025-01-12
1903,16089,Average,2024-12-06
1904,17422,Needs Improvement,2024-11-08
1905,10226,Good,2024-08-28
1906,4836,Excellent,2024-08-27
1907,19645,Average,2025-05-24
1908,13157,Excellent,2025-01-06
1909,19282,Excellent,2024-10-21
1910,8579,Excellent,2025-04-01
1911,3617,Excellent,2024-10-27
1912,3143,Average,2025-01-20
1913,10404,Average,2024-07-15
1914,15414,Good,2025-01-05
1915,10298,Excellent,2024-11-06
1916,19739,Excellent,2025-07-01
1917,11764,Good,2024-11-27
1918,9753,Good,2024-10-10
1919,13893,Excellent,2025-03-22
1920,13176,Average,2024-09-02
1921,15666,Needs Improvement,2025-03-05
1922,12961,Good,2025-04-19
1923,2116,Needs Improvement,2025-03-03
1924,14057,Average,2024-09-20
1925,1254,Good,2024-07-16
1926,3621,Excellent,2025-05-29
1927,6713,Good,2025-01-17
1928,2873,Needs Improvement,2025-03-05
1929,16952,Average,2024-10-23
1930,17856,Needs Improvement,2024-08-04
1931,15000,Needs Improvement,2024-08-05
1932,14534,Good,2024-08-16
1933,9757,Good,2025-02-05
1934,16618,Excellent,2024-11-03
1935,19052,Needs Improvement,2025-03-22
1936,4672,Average,2025-03-05
1937,1137,Average,2025-06-11
1938,12297,Needs Improvement,2024-11-19
1939,17266,Needs Improvement,2025-01-24
1940,19339,Excellent,2025-06-23
1941,6971,Average,2024-08-14
1942,3728,Average,2024-12-15
1943,5882,Good,2024-07-21
1944,5485,Needs Improvement,2025-04-11
1945,2071,Average,2025-06-09
1946,2009,Good,2025-03-25
1947,5360,Needs Improvement,2024-12-07
1948,17119,Needs Improvement,2024-11-19
1949,4372,Needs Improvement,2024-09-10
1950,13947,Needs Improvement,2024-09-21
1951,9343,Good,2024-09-27
1952,9958,Average,2025-04-02
1953,16777,Average,2025-05-11
1954,19346,Excellent,2025-04-26
1955,14857,Average,2024-07-28
1956,16741,Average,2024-10-26
1957,5236,Excellent,2024-11-28
1958,1607,Good,2024-09-02
1959,16065,Average,2024-12-30
1960,8698,Average,2025-04-30
1961,16996,Needs Improvement,2024-08-12
1962,15544,Needs Improvement,2025-06-28
1963,16149,Needs Improvement,2025-05-21
1964,12314,Average,2024-07-28
1965,4149,Average,2025-03-06
1966,293,Excellent,2024-09-28
1967,11074,Average,2024-10-18
1968,9835,Needs Improvement,2024-10-27
1969,10451,Excellent,2025-05-14
1970,19010,Excellent,2025-01-30
1971,2109,Average,2025-04-28
1972,528,Average,2025-03-23
1973,17955,Excellent,2024-12-29
1974,6743,Average,2025-06-09
1975,17914,Good,2024-12-19
1976,12689,Needs Improvement,2024-10-29
1977,4379,Needs Improvement,2024-08-05
1978,10865,Needs Improvement,2025-02-13
1979,10461,Needs Improvement,2024-08-15
1980,18540,Good,2024-12-10
1981,19067,Needs Improvement,2025-05-31
1982,10101,Excellent,2025-06-27
1983,12566,Needs Improvement,2025-06-21
1984,369,Average,2024-11-22
1985,18869,Good,2024-08-13
1986,16201,Excellent,2025-05-01
1987,3405,Average,2025-02-19
1988,5679,Needs Improvement,2025-02-21
1989,15857,Excellent,2024-10-05
1990,19464,Needs Improvement,2025-01-13
1991,8967,Needs Improvement,2025-03-07
1992,1336,Needs Improvement,2025-06-28
1993,12714,Excellent,2025-04-13
1994,1367,Average,2024-07-20
1995,2357,Good,2024-07-26
1996,18943,Needs Improvement,2025-05-15
1997,12398,Excellent,2024-08-15
1998,6011,Good,2024-08-13
1999,13451,Excellent,2024-12-25
2000,12123,Needs Improvement,2024-08-10
2001,9150,Average,2025-03-13
2002,7518,Good,2025-01-26
2003,4036,Average,2024-11-03
2004,11012,Average,2024-10-30
2005,15081,Average,2024-12-05
2006,6204,Needs Improvement,2025-06-13
2007,7598,Average,2025-04-22
2008,14372,Good,2025-06-24
2009,6631,Good,2025-06-21
2010,13992,Needs Improvement,2024-11-25
2011,10273,Average,2025-06-08
2012,18472,Good,2024-12-31
2013,8819,Excellent,2024-12-16
2014,11979,Average,2024-12-23
2015,14202,Excellent,2025-03-09
2016,17274,Good,2024-10-28
2017,2042,Average,2025-04-07
2018,12108,Average,2025-01-07
2019,12668,Good,2025-06-02
2020,6822,Needs Improvement,2024-11-22
2021,2341,Needs Improvement,2025-01-03
2022,16718,Average,2024-10-08
2023,8303,Good,2024-07-17
2024,18644,Average,2024-10-29
2025,4858,Good,2024-12-11
2026,14383,Excellent,2025-06-27
2027,17964,Average,2025-02-06
2028,6090,Average,2024-10-16
2029,10396,Excellent,2025-03-11
2030,12322,Good,2025-06-07
2031,10824,Needs Improvement,2024-09-19
2032,5646,Excellent,2024-10-23
2033,12631,Average,2025-04-08
2034,19728,Average,2024-10-22
2035,16270,Good,2024-12-09
2036,13750,Good,2024-07-09
2037,5061,Needs Improvement,2024-08-02
2038,8959,Excellent,2025-03-02
2039,15029,Good,2025-03-16
2040,319,Needs Improvement,2025-03-30
2041,8708,Needs Improvement,2025-01-23
2042,10409,Good,2024-12-10
2043,10601,Good,2024-09-12
2044,16879,Average,2025-01-27
2045,17025,Needs Improvement,2024-10-07
2046,1627,Good,2025-02-22
2047,12398,Average,2025-05-13
2048,2718,Good,2024-10-28
2049,3024,Needs Improvement,2025-02-01
2050,7477,Excellent,2024-10-28
2051,3417,Good,2024-12-28
2052,14261,Excellent,2025-01-20
2053,15597,Excellent,2025-02-12
2054,4433,Average,2025-02-01
2055,14584,Excellent,2024-07-18
2056,3886,Good,2024-12-26
2057,19682,Excellent,2024-09-29
2058,1082,Excellent,2024-12-02
2059,16778,Needs Improvement,2024-11-25
2060,7755,Good,2025-03-08
2061,16829,Average,2025-01-11
2062,4445,Excellent,2024-12-30
2063,19195,Excellent,2025-04-01
2064,10178,Good,2025-01-06
2065,17969,Needs Improvement,2025-06-17
2066,6534,Average,2025-05-02
2067,6303,Good,2024-07-23
2068,19280,Average,2024-09-18
2069,14001,Needs Improvement,2025-01-06
2070,12290,Excellent,2024-12-01
2071,14733,Needs Improvement,2025-07-03
2072,9036,Excellent,2025-06-20
2073,12433,Good,2024-09-01
2074,829,Excellent,2025-04-08
2075,7646,Average,2024-10-28
2076,724,Excellent,2024-09-06
2077,5629,Excellent,2025-02-07
2078,2545,Needs Improvement,2024-09-22
2079,16225,Good,2024-10-15
2080,5369,Needs Improvement,2025-02-01
2081,18034,Needs Improvement,2025-02-18
2082,3093,Excellent,2024-11-25
2083,17077,Excellent,2024-11-26
2084,9453,Average,2025-07-06
2085,634,Average,2025-04-22
2086,2983,Good,2024-12-03
2087,19807,Average,2025-01-29
2088,18580,Excellent,2025-04-16
2089,8638,Average,2024-09-02
2090,14214,Excellent,2024-08-28
2091,18898,Average,2024-08-10
2092,9988,Excellent,2025-05-28
2093,4625,Excellent,2024-09-27
2094,19853,Average,2025-02-09
2095,15053,Excellent,2024-10-04
2096,10380,Average,2024-07-11
2097,8243,Good,2024-08-12
2098,15370,Good,2024-07-30
2099,19487,Excellent,2024-10-22
2100,16303,Excellent,2024-09-12
2101,17197,Excellent,2025-04-27
2102,18940,Good,2025-02-13
2103,16052,Needs Improvement,2024-10-04
2104,127,Needs Improvement,2024-07-22
2105,16707,Needs Improvement,2024-11-22
2106,3616,Excellent,2025-04-11
2107,969,Excellent,2024-08-21
2108,17275,Excellent,2024-10-21
2109,3565,Needs Improvement,2025-02-20
2110,3274,Excellent,2025-06-27
2111,8640,Excellent,2025-03-05
2112,10392,Average,2024-10-17
2113,8635,Needs Improvement,2025-01-27
2114,8112,Excellent,2024-12-19
2115,7094,Needs Improvement,2025-03-12
2116,5957,Average,2024-07-27
2117,1887,Average,2025-04-16
2118,16626,Average,2024-07-24
2119,2931,Good,2025-01-13
2120,19436,Excellent,2025-02-22
2121,12480,Average,2024-08-02
2122,13687,Good,2025-05-27
2123,3454,Good,2024-08-04
2124,6189,Excellent,2024-08-22
2125,15678,Average,2025-04-09
2126,3420,Good,2024-12-29
2127,10653,Average,2025-05-06
2128,17757,Average,2025-06-14
2129,14355,Needs Improvement,2025-06-24
2130,9488,Excellent,2024-07-24
2131,16263,Good,2025-06-23
2132,9316,Average,2025-03-12
2133,12532,Excellent,2025-07-01
2134,15549,Needs Improvement,2025-02-19
2135,9827,Excellent,2025-04-29
2136,3265,Good,2024-12-02
2137,5853,Excellent,2025-05-24
2138,15299,Good,2025-06-06
2139,2205,Needs Improvement,2025-02-28
2140,12070,Needs Improvement,2025-05-20
2141,2250,Good,2024-10-02
2142,7745,Needs Improvement,2024-08-11
2143,6281,Excellent,2024-07-11
2144,12942,Needs Improvement,2024-08-04
2145,6195,Needs Improvement,2024-10-24
2146,6108,Average,2025-06-10
2147,3214,Good,2025-06-03
2148,5534,Excellent,2025-06-25
2149,18088,Excellent,2024-11-06
2150,16372,Good,2025-01-02
2151,7012,Excellent,2025-02-23
2152,10003,Needs Improvement,2024-07-18
2153,18678,Good,2025-05-28
2154,5803,Average,2025-02-04
2155,7828,Average,2024-11-11
2156,3820,Average,2025-06-04
2157,2226,Average,2024-09-23
2158,2546,Needs Improvement,2025-03-16
2159,151,Good,2025-06-12
2160,4902,Good,2025-03-19
2161,9828,Excellent,2025-02-11
2162,6784,Needs Improvement,2024-12-03
2163,13852,Excellent,2025-04-26
2164,12061,Average,2024-10-11
2165,3326,Excellent,2024-12-30
2166,15978,Average,2025-02-24
2167,3587,Average,2025-04-23
2168,19591,Good,2025-03-23
2169,19973,Needs Improvement,2025-02-23
2170,16783,Needs Improvement,2025-06-03
2171,12244,Needs Improvement,2024-12-23
2172,1641,Needs Improvement,2025-01-04
2173,3551,Needs Improvement,2024-11-19
2174,17134,Good,2025-07-06
2175,4835,Good,2024-10-17
2176,12482,Excellent,2024-11-16
2177,16162,Excellent,2024-10-24
2178,8225,Excellent,2025-05-20
2179,10223,Average,2025-04-11
2180,11535,Good,2024-08-31
2181,7371,Good,2025-02-01
2182,6474,Excellent,2025-01-17
2183,7918,Excellent,2024-12-23
2184,8545,Good,2024-11-05
2185,3485,Good,2024-11-27
2186,17457,Needs Improvement,2024-08-18
2187,9686,Good,2025-07-05
2188,10678,Good,2024-08-06
2189,17078,Average,2025-05-02
2190,16926,Excellent,2025-05-12
2191,6473,Needs Improvement,2024-08-10
2192,19093,Needs Improvement,2024-09-06
2193,4184,Average,2025-03-08
2194,218,Good,2025-05-16
2195,13112,Average,2025-01-09
2196,11329,Needs Improvement,2024-09-11
2197,16413,Good,2024-12-27
2198,16029,Excellent,2025-04-26
2199,2047,Average,2025-03-17
2200,11861,Good,2025-06-17
2201,13222,Average,2024-09-12
2202,16622,Average,2025-02-22
2203,19534,Good,2024-12-02
2204,9324,Good,2024-09-05
2205,10575,Average,2024-10-19
2206,16737,Excellent,2025-01-29
2207,16732,Average,2025-05-02
2208,2880,Average,2025-03-16
2209,4014,Excellent,2025-01-07
2210,15055,Excellent,2025-05-24
2211,15216,Excellent,2024-10-17
2212,19311,Excellent,2024-12-24
2213,5938,Excellent,2024-11-10
2214,15123,Excellent,2024-08-22
2215,1054,Average,2024-10-08
2216,6735,Average,2025-05-07
2217,13575,Excellent,2024-10-09
2218,2382,Excellent,2025-01-11
2219,15069,Average,2025-01-30
2220,747,Needs Improvement,2024-07-18
2221,11872,Needs Improvement,2024-12-21
2222,11693,Good,2025-07-05
2223,10019,Excellent,2025-05-07
2224,10213,Needs Improvement,2024-08-04
2225,14207,Excellent,2024-08-21
2226,11320,Good,2025-04-26
2227,19187,Average,2025-03-01
2228,182,Excellent,2024-11-08
2229,10239,Good,2024-09-03
2230,7591,Excellent,2025-01-07
2231,16467,Average,2025-02-23
2232,2690,Good,2024-11-28
2233,642,Average,2025-04-01
2234,8517,Good,2025-03-16
2235,18481,Excellent,2025-02-03
2236,10503,Good,2025-07-05
2237,580,Needs Improvement,2024-07-16
2238,3230,Excellent,2025-06-17
2239,5043,Good,2025-01-17
2240,13127,Needs Improvement,2024-11-19
2241,13857,Excellent,2025-02-13
2242,1216,Needs Improvement,2024-08-30
2243,7782,Needs Improvement,2024-08-31
2244,16860,Average,2024-11-19
2245,19191,Good,2024-12-28
2246,12988,Average,2024-07-25
2247,6492,Average,2025-03-02
2248,7602,Excellent,2025-01-09
2249,878,Excellent,2024-09-18
2250,758,Average,2025-02-18
2251,14941,Average,2024-11-13
2252,9769,Excellent,2025-03-26
2253,19400,Average,2025-04-21
2254,7815,Excellent,2024-10-11
2255,3045,Needs Improvement,2025-05-30
2256,16724,Needs Improvement,2024-08-05
2257,7720,Excellent,2025-04-14
2258,12698,Excellent,2024-07-28
2259,5831,Needs Improvement,2024-07-08
2260,14867,Excellent,2024-12-03
2261,10806,Needs Improvement,2025-02-17
2262,5621,Average,2025-01-09
2263,18399,Good,2025-04-17
2264,18932,Excellent,2024-08-31
2265,9611,Excellent,2025-03-19
2266,271,Good,2025-03-25
2267,5488,Excellent,2024-12-13
2268,11141,Needs Improvement,2025-02-09
2269,3737,Needs Improvement,2025-03-02
2270,482,Needs Improvement,2025-02-01
2271,12566,Needs Improvement,2024-11-12
2272,9837,Excellent,2025-03-16
2273,16942,Excellent,2025-06-26
2274,19178,Average,2024-11-18
2275,8951,Excellent,2025-06-15
2276,5662,Average,2025-02-08
2277,11029,Good,2024-11-02
2278,13113,Excellent,2025-05-18
2279,12894,Needs Improvement,2025-03-07
2280,15347,Excellent,2025-01-27
2281,5649,Needs Improvement,2024-08-23
2282,8473,Excellent,2024-12-04
2283,10842,Needs Improvement,2024-09-09
2284,10618,Average,2025-02-03
2285,10339,Average,2025-05-30
2286,7735,Excellent,2024-11-27
2287,10996,Average,2024-08-17
2288,4544,Average,2025-03-28
2289,15272,Needs Improvement,2025-01-01
2290,19935,Average,2024-08-23
2291,12822,Average,2024-10-17
2292,7814,Good,2025-04-01
2293,15125,Average,2024-07-20
2294,493,Excellent,2025-03-30
2295,1598,Average,2025-03-23
2296,14741,Good,2024-12-26
2297,11857,Good,2025-04-22
2298,6994,Good,2024-11-22
2299,16134,Good,2024-12-29
2300,7976,Average,2024-11-15
2301,15343,Good,2024-11-26
2302,17156,Good,2025-05-15
2303,2626,Good,2024-11-06
2304,13554,Excellent,2025-02-11
2305,18882,Needs Improvement,2024-08-23
2306,17427,Excellent,2025-06-03
2307,4305,Excellent,2025-04-24
2308,158,Excellent,2025-05-23
2309,2550,Average,2024-07-07
2310,5357,Average,2025-03-01
2311,14398,Average,2024-09-08
2312,15688,Excellent,2025-06-11
2313,17398,Average,2025-04-23
2314,194,Needs Improvement,2025-01-05
2315,9138,Good,2025-03-04
2316,10779,Needs Improvement,2024-11-21
2317,4302,Good,2024-08-18
2318,10975,Average,2024-12-03
2319,12180,Excellent,2024-10-12
2320,10577,Average,2025-06-07
2321,2298,Excellent,2025-03-15
2322,1680,Good,2025-01-06
2323,17297,Average,2025-04-21
2324,18836,Average,2024-12-07
2325,6969,Good,2024-09-01
2326,16465,Needs Improvement,2025-01-25
2327,3495,Needs Improvement,2024-09-18
2328,18396,Excellent,2024-10-02
2329,4644,Average,2025-06-19
2330,14178,Excellent,2024-07-11
2331,4562,Average,2025-02-08
2332,11011,Good,2024-07-17
2333,6902,Needs Improvement,2025-04-27
2334,6341,Average,2024-08-18
2335,12283,Average,2024-09-18
2336,4243,Average,2024-12-17
2337,5820,Good,2024-09-09
2338,13550,Excellent,2024-08-22
2339,17110,Good,2025-04-29
2340,12447,Needs Improvement,2024-09-19
2341,10082,Good,2024-07-19
2342,15233,Good,2024-08-21
2343,4909,Good,2024-07-26
2344,4749,Excellent,2024-09-18
2345,18819,Average,2024-09-21
2346,3435,Good,2025-03-20
2347,18574,Average,2025-05-26
2348,17134,Needs Improvement,2025-01-14
2349,13881,Needs Improvement,2025-05-16
2350,19245,Average,2025-03-30
2351,8065,Average,2024-12-29
2352,15616,Good,2024-07-12
2353,13974,Excellent,2024-12-10
2354,14244,Average,2025-05-19
2355,13979,Good,2024-08-31
2356,3913,Good,2024-09-02
2357,11721,Good,2025-05-24
2358,311,Good,2024-12-26
2359,18783,Average,2024-09-19
2360,7495,Good,2024-10-24
2361,6657,Excellent,2024-08-06
2362,10773,Needs Improvement,2024-08-23
2363,3063,Average,2025-01-12
2364,1373,Average,2025-02-05
2365,3852,Average,2025-02-27
2366,16337,Average,2024-10-21
2367,8058,Good,2024-08-04
2368,5823,Average,2025-02-13
2369,6714,Average,2025-04-30
2370,18928,Excellent,2024-08-28
2371,1316,Average,2024-12-02
2372,11326,Needs Improvement,2025-02-13
2373,4405,Good,2024-10-25
2374,6006,Excellent,2025-06-13
2375,6641,Needs Improvement,2024-11-04
2376,12229,Good,2025-01-04
2377,3403,Needs Improvement,2024-09-14
2378,11789,Excellent,2024-11-12
2379,9256,Needs Improvement,2025-01-14
2380,15160,Average,2024-07-31
2381,1582,Average,2025-06-23
2382,8318,Good,2024-12-04
2383,19622,Needs Improvement,2024-07-15
2384,12248,Good,2024-09-28
2385,4262,Good,2024-07-15
2386,16000,Excellent,2025-03-15
2387,19088,Average,2024-12-25
2388,10329,Needs Improvement,2024-12-19
2389,7096,Average,2025-05-14
2390,16677,Good,2025-05-19
2391,1246,Good,2024-08-25
2392,13931,Needs Improvement,2024-08-09
2393,2930,Excellent,2024-08-10
2394,10889,Needs Improvement,2025-04-27
2395,3770,Excellent,2024-07-10
2396,15068,Good,2024-11-15
2397,19689,Average,2024-07-06
2398,3898,Average,2025-07-06
2399,12036,Excellent,2024-11-10
2400,984,Good,2025-03-12
2401,3281,Good,2024-08-04
2402,19954,Excellent,2025-01-30
2403,1645,Average,2025-02-12
2404,7412,Good,2024-11-20
2405,15623,Good,2024-11-16
2406,10608,Good,2025-03-24
2407,9230,Excellent,2025-03-19
2408,2923,Needs Improvement,2024-08-03
2409,2399,Average,2024-10-05
2410,13848,Excellent,2025-03-27
2411,16111,Excellent,2025-01-29
2412,5327,Good,2024-12-04
2413,11443,Needs Improvement,2024-11-07
2414,15255,Good,2024-08-31
2415,15661,Needs Improvement,2025-03-18
2416,10851,Excellent,2024-08-01
2417,1087,Average,2025-04-15
2418,4264,Excellent,2025-03-18
2419,7817,Needs Improvement,2024-09-12
2420,4349,Good,2024-08-23
2421,6866,Average,2024-08-29
2422,8205,Good,2025-05-31
2423,9680,Excellent,2024-11-28
2424,19173,Needs Improvement,2025-01-08
2425,12094,Good,2024-08-02
2426,9473,Average,2024-10-04
2427,326,Needs Improvement,2024-10-09
2428,5365,Average,2025-02-14
2429,275,Good,2024-07-11
2430,3516,Average,2024-08-25
2431,12263,Excellent,2025-01-11
2432,4558,Needs Improvement,2024-07-22
2433,1815,Good,2024-10-07
2434,1388,Average,2025-06-09
2435,12550,Average,2024-10-24
2436,19808,Excellent,2024-11-11
2437,16152,Needs Improvement,2025-04-03
2438,19392,Needs Improvement,2024-08-15
2439,3251,Good,2025-05-21
2440,831,Needs Improvement,2024-09-28
2441,15955,Needs Improvement,2024-08-25
2442,320,Needs Improvement,2024-09-02
2443,8667,Average,2025-06-29
2444,13382,Average,2024-07-24
2445,11434,Good,2025-04-06
2446,14678,Excellent,2024-12-09
2447,19780,Excellent,2024-10-02
2448,8307,Good,2025-04-24
2449,7218,Average,2025-04-04
2450,7978,Excellent,2025-06-30
2451,9749,Needs Improvement,2024-11-15
2452,13285,Needs Improvement,2024-07-07
2453,3886,Needs Improvement,2024-09-14
2454,12234,Needs Improvement,2025-03-10
2455,18470,Excellent,2025-01-05
2456,11339,Needs Improvement,2025-01-05
2457,13275,Average,2025-06-02
2458,7928,Good,2024-10-20
2459,12232,Excellent,2024-08-06
2460,18529,Needs Improvement,2025-06-03
2461,17063,Average,2025-03-16
2462,9397,Excellent,2024-10-14
2463,894,Average,2025-06-10
2464,19354,Average,2024-12-08
2465,7673,Excellent,2025-01-06
2466,12290,Needs Improvement,2024-07-28
2467,14613,Average,2025-02-09
2468,9110,Good,2025-06-01
2469,14064,Good,2024-08-22
2470,546,Excellent,2024-12-24
2471,11212,Good,2025-04-27
2472,5013,Needs Improvement,2025-02-15
2473,10955,Good,2024-11-21
2474,18879,Needs Improvement,2024-12-31
2475,13539,Average,2025-03-11
2476,3393,Average,2025-03-23
2477,6483,Needs Improvement,2025-03-02
2478,12285,Excellent,2025-01-19
2479,11917,Good,2024-07-07
2480,5180,Needs Improvement,2024-12-19
2481,14226,Excellent,2024-08-22
2482,533,Needs Improvement,2024-11-30
2483,4995,Needs Improvement,2025-03-27
2484,6796,Average,2024-10-18
2485,18119,Needs Improvement,2025-01-15
2486,4389,Good,2025-02-13
2487,4641,Average,2024-11-17
2488,8645,Needs Improvement,2024-08-01
2489,18467,Average,2025-03-16
2490,13097,Average,2025-06-15
2491,9326,Needs Improvement,2024-10-29
2492,19456,Average,2024-07-25
2493,13660,Average,2025-06-01
2494,9726,Average,2024-11-16
2495,6677,Excellent,2025-06-08
2496,3629,Average,2024-12-25
2497,9650,Good,2024-09-01
2498,8228,Needs Improvement,2024-10-29
2499,5550,Excellent,2024-11-25
2500,617,Excellent,2024-09-19
2501,13955,Good,2024-12-18
2502,3602,Average,2024-07-24
2503,16160,Good,2024-11-18
2504,2534,Needs Improvement,2024-12-03
2505,6779,Excellent,2025-01-09
2506,15781,Needs Improvement,2025-03-22
2507,18288,Needs Improvement,2024-08-03
2508,8237,Excellent,2025-03-09
2509,17883,Good,2024-12-17
2510,1372,Average,2025-02-20
2511,17598,Needs Improvement,2024-11-08
2512,19011,Average,2025-01-18
2513,8491,Good,2024-09-26
2514,18817,Good,2025-05-25
2515,14419,Average,2025-01-03
2516,12610,Needs Improvement,2024-09-22
2517,7271,Average,2025-04-06
2518,1457,Average,2024-11-19
2519,8595,Good,2025-01-14
2520,8847,Average,2025-06-13
2521,18678,Needs Improvement,2025-03-05
2522,17083,Needs Improvement,2025-05-28
2523,8449,Excellent,2025-01-15
2524,18909,Needs Improvement,2024-08-22
2525,6014,Good,2024-11-01
2526,1399,Needs Improvement,2024-12-17
2527,9731,Good,2024-11-14
2528,8488,Needs Improvement,2025-01-12
2529,5682,Needs Improvement,2024-08-14
2530,13284,Good,2025-06-07
2531,16668,Needs Improvement,2025-01-30
2532,13891,Needs Improvement,2025-01-27
2533,1500,Average,2024-07-17
2534,17180,Good,2024-12-09
2535,12956,Needs Improvement,2025-06-04
2536,9911,Excellent,2024-11-27
2537,4390,Excellent,2024-10-07
2538,13937,Excellent,2025-06-02
2539,18283,Average,2025-05-18
2540,11069,Good,2024-11-24
2541,14986,Excellent,2025-05-11
2542,14216,Good,2025-07-05
2543,17585,Excellent,2024-07-22
2544,7229,Needs Improvement,2025-02-12
2545,1042,Needs Improvement,2024-08-27
2546,3007,Good,2025-01-14
2547,6615,Good,2024-07-12
2548,7340,Good,2025-01-15
2549,4370,Good,2024-08-26
2550,11854,Average,2025-05-07
2551,13961,Average,2025-01-02
2552,17951,Good,2024-10-24
2553,5659,Average,2024-07-08
2554,1287,Excellent,2025-02-01
2555,14786,Good,2024-07-15
2556,16977,Good,2025-06-03
2557,10046,Excellent,2025-05-21
2558,9310,Needs Improvement,2024-10-03
2559,9011,Needs Improvement,2025-06-25
2560,6080,Excellent,2024-12-17
2561,11332,Average,2024-11-14
2562,9397,Excellent,2025-04-21
2563,7993,Needs Improvement,2025-04-08
2564,3255,Good,2025-06-22
2565,14631,Good,2024-07-26
2566,13464,Average,2024-08-01
2567,12771,Good,2025-03-04
2568,12939,Good,2024-10-23
2569,19558,Good,2025-01-29
2570,17730,Needs Improvement,2025-03-10
2571,8493,Average,2025-01-03
2572,11019,Excellent,2025-04-27
2573,165,Excellent,2024-12-15
2574,3120,Good,2024-07-25
2575,10257,Average,2024-07-31
2576,17765,Good,2025-02-17
2577,9215,Needs Improvement,2024-08-18
2578,10486,Average,2024-10-18
2579,4744,Good,2024-12-05
2580,15157,Good,2024-09-17
2581,17240,Good,2025-02-06
2582,2249,Excellent,2024-07-24
2583,14963,Average,2025-01-20
2584,4799,Excellent,2024-11-19
2585,16799,Needs Improvement,2025-01-06
2586,19413,Needs Improvement,2025-06-02
2587,11176,Good,2025-03-12
2588,9029,Excellent,2024-09-16
2589,7294,Good,2024-09-10
2590,6031,Good,2024-07-10
2591,17117,Excellent,2024-10-31
2592,11162,Needs Improvement,2024-10-17
2593,16988,Good,2025-04-21
2594,3082,Average,2025-03-20
2595,8180,Average,2024-12-05
2596,15590,Excellent,2025-01-10
2597,12691,Average,2025-02-08
2598,19030,Excellent,2025-07-06
2599,16296,Average,2025-05-02
2600,8319,Good,2024-10-29
2601,7422,Average,2024-09-28
2602,13347,Good,2024-11-11
2603,4435,Needs Improvement,2025-05-23
2604,6460,Good,2024-09-09
2605,4376,Average,2025-04-26
2606,15996,Average,2025-02-02
2607,12886,Average,2025-03-19
2608,16153,Excellent,2024-09-14
2609,4947,Needs Improvement,2024-07-31
2610,9886,Good,2024-12-05
2611,4424,Average,2025-02-23
2612,6665,Good,2024-12-14
2613,7859,Average,2025-04-26
2614,6018,Excellent,2025-05-20
2615,8174,Good,2025-03-17
2616,7157,Average,2025-06-27
2617,1826,Average,2025-01-26
2618,15836,Good,2025-05-11
2619,7459,Good,2024-10-26
2620,3155,Excellent,2024-12-09
2621,8035,Good,2024-08-09
2622,16318,Average,2025-05-10
2623,11260,Excellent,2025-06-06
2624,19348,Excellent,2024-12-09
2625,3685,Good,2025-06-10
2626,10507,Excellent,2024-08-23
2627,695,Good,2025-06-23
2628,4889,Excellent,2025-05-12
2629,3233,Average,2024-07-24
2630,13108,Average,2024-12-31
2631,7756,Average,2025-01-04
2632,286,Needs Improvement,2025-05-23
2633,9370,Good,2024-12-14
2634,5115,Good,2025-05-04
2635,8197,Needs Improvement,2024-12-07
2636,8292,Needs Improvement,2024-10-08
2637,11864,Good,2025-04-16
2638,2346,Excellent,2024-12-13
2639,1136,Excellent,2025-06-27
2640,4657,Needs Improvement,2024-11-05
2641,4902,Good,2024-11-21
2642,14998,Excellent,2024-07-22
2643,13738,Good,2025-04-18
2644,14715,Average,2025-02-14
2645,1742,Good,2025-04-27
2646,19571,Needs Improvement,2024-10-29
2647,656,Needs Improvement,2024-07-19
2648,8690,Average,2024-09-13
2649,14810,Needs Improvement,2025-06-15
2650,2682,Average,2024-07-28
2651,79,Average,2024-07-12
2652,16669,Average,2024-10-14
2653,12369,Average,2025-06-26
2654,5570,Excellent,2025-05-29
2655,15536,Average,2025-05-31
2656,13103,Needs Improvement,2025-01-19
2657,14131,Needs Improvement,2025-05-16
2658,8349,Average,2024-10-28
2659,10841,Excellent,2025-04-07
2660,15956,Average,2024-09-25
2661,17739,Good,2025-06-08
2662,10110,Needs Improvement,2024-07-13
2663,18222,Needs Improvement,2025-05-11
2664,6458,Excellent,2025-06-18
2665,2905,Excellent,2024-08-19
2666,9545,Needs Improvement,2024-08-30
2667,1377,Needs Improvement,2024-12-22
2668,4517,Good,2024-07-26
2669,5233,Good,2024-08-02
2670,9008,Good,2025-04-26
2671,18309,Good,2025-05-07
2672,606,Good,2025-03-28
2673,7152,Needs Improvement,2025-04-27
2674,9086,Needs Improvement,2025-02-01
2675,8163,Good,2025-04-17
2676,2850,Average,2025-02-10
2677,14336,Excellent,2025-02-17
2678,17636,Needs Improvement,2024-10-31
2679,12528,Good,2025-06-24
2680,8853,Good,2025-01-07
2681,10873,Average,2024-12-31
2682,11220,Needs Improvement,2025-05-24
2683,670,Needs Improvement,2024-11-09
2684,3987,Good,2025-04-07
2685,18325,Needs Improvement,2025-04-10
2686,7106,Good,2025-05-12
2687,9315,Good,2025-05-09
2688,7301,Excellent,2025-06-06
2689,2942,Excellent,2024-07-31
2690,6768,Average,2025-07-06
2691,905,Excellent,2024-08-17
2692,9883,Needs Improvement,2024-10-01
2693,10651,Good,2024-11-03
2694,12280,Average,2024-09-11
2695,4787,Needs Improvement,2025-01-17
2696,2357,Excellent,2025-04-06
2697,5066,Good,2025-02-05
2698,3137,Needs Improvement,2024-10-21
2699,11975,Good,2024-09-25
2700,13197,Needs Improvement,2024-09-12
2701,13948,Needs Improvement,2025-04-17
2702,265,Needs Improvement,2024-08-14
2703,14806,Average,2024-12-06
2704,18383,Good,2025-06-25
2705,19197,Good,2025-05-16
2706,16673,Excellent,2025-05-10
2707,1600,Average,2025-01-03
2708,7554,Excellent,2025-05-23
2709,8041,Good,2024-10-12
2710,17584,Needs Improvement,2024-11-27
2711,19439,Excellent,2024-09-12
2712,15002,Excellent,2025-03-31
2713,1918,Good,2024-07-31
2714,12084,Excellent,2025-06-09
2715,6899,Good,2025-02-02
2716,12274,Excellent,2025-03-11
2717,9210,Average,2025-05-30
2718,18388,Excellent,2025-05-04
2719,14103,Excellent,2024-12-10
2720,15187,Good,2025-04-21
2721,7248,Average,2025-05-27
2722,7200,Excellent,2025-04-19
2723,14963,Good,2025-05-25
2724,12429,Average,2025-07-05
2725,15888,Average,2025-06-04
2726,2628,Needs Improvement,2025-05-31
2727,19546,Excellent,2025-05-24
2728,9108,Needs Improvement,2025-04-24
2729,17797,Average,2024-12-30
2730,12991,Average,2024-07-28
2731,1647,Needs Improvement,2025-02-05
2732,9186,Good,2025-04-30
2733,558,Needs Improvement,2024-08-21
2734,7805,Needs Improvement,2025-06-23
2735,1084,Good,2024-07-22
2736,18689,Excellent,2024-09-13
2737,7775,Needs Improvement,2025-02-25
2738,3518,Excellent,2025-02-03
2739,17362,Average,2024-08-18
2740,19579,Needs Improvement,2025-01-30
2741,4309,Average,2024-09-11
2742,12314,Excellent,2024-09-05
2743,6919,Good,2024-08-06
2744,10807,Good,2024-09-12
2745,1279,Excellent,2024-11-25
2746,12455,Excellent,2025-03-07
2747,14127,Good,2024-08-18
2748,10463,Needs Improvement,2024-08-13
2749,18522,Excellent,2024-12-12
2750,12663,Excellent,2025-07-06
2751,8599,Needs Improvement,2024-11-27
2752,15156,Average,2024-11-23
2753,14976,Average,2024-10-18
2754,12953,Good,2025-03-15
2755,13072,Needs Improvement,2025-05-11
2756,14721,Excellent,2025-01-15
2757,4429,Excellent,2025-04-23
2758,8836,Needs Improvement,2025-02-02
2759,4859,Needs Improvement,2025-05-30
2760,15101,Needs Improvement,2024-08-31
2761,3229,Average,2024-12-10
2762,6388,Average,2025-04-20
2763,5185,Excellent,2025-06-16
2764,4575,Good,2024-09-23
2765,19392,Good,2025-03-19
2766,16284,Needs Improvement,2025-01-12
2767,14395,Needs Improvement,2025-05-24
2768,13525,Average,2024-11-13
2769,206,Needs Improvement,2025-04-21
2770,11806,Good,2025-04-19
2771,2408,Good,2024-09-24
2772,15389,Needs Improvement,2024-11-30
2773,19455,Average,2025-03-30
2774,7275,Good,2024-12-19
2775,16055,Excellent,2025-03-03
2776,14257,Excellent,2025-01-31
2777,13963,Good,2025-02-20
2778,18599,Average,2024-11-23
2779,19213,Excellent,2025-01-16
2780,11600,Good,2025-02-21
2781,11876,Average,2024-09-30
2782,10950,Excellent,2024-10-20
2783,12076,Needs Improvement,2025-07-03
2784,14872,Good,2025-07-06
2785,225,Good,2024-11-01
2786,8576,Good,2024-11-22
2787,3339,Needs Improvement,2024-10-23
2788,18987,Good,2024-10-26
2789,13344,Needs Improvement,2024-11-06
2790,19862,Good,2024-08-03
2791,11340,Good,2024-11-03
2792,6611,Average,2024-12-22
2793,11831,Needs Improvement,2025-05-28
2794,8665,Good,2024-12-01
2795,13685,Average,2024-12-18
2796,8828,Needs Improvement,2025-02-02
2797,17343,Needs Improvement,2025-06-08
2798,2051,Good,2025-03-23
2799,16972,Good,2025-04-18
2800,2685,Good,2025-06-23
2801,3307,Good,2024-07-31
2802,12619,Average,2024-11-24
2803,2858,Good,2024-08-18
2804,425,Needs Improvement,2024-12-09
2805,5052,Needs Improvement,2025-05-15
2806,13236,Average,2025-05-05
2807,9822,Needs Improvement,2025-06-25
2808,12525,Excellent,2025-05-17
2809,19211,Excellent,2025-01-17
2810,1947,Average,2025-02-22
2811,3145,Average,2024-07-26
2812,11948,Needs Improvement,2025-01-31
2813,17313,Good,2024-11-12
2814,3437,Needs Improvement,2024-10-05
2815,2011,Average,2025-02-26
2816,19862,Good,2024-10-02
2817,16893,Needs Improvement,2025-01-25
2818,16536,Needs Improvement,2025-02-19
2819,16671,Excellent,2025-03-21
2820,10800,Average,2025-03-03
2821,909,Average,2024-12-26
2822,15385,Good,2025-03-21
2823,15922,Good,2024-12-14
2824,14181,Average,2024-10-03
2825,11419,Needs Improvement,2024-10-05
2826,10386,Needs Improvement,2024-10-07
2827,2968,Average,2025-03-10
2828,3240,Needs Improvement,2025-03-21
2829,666,Good,2025-04-21
2830,3520,Good,2024-09-06
2831,13120,Good,2024-12-06
2832,12913,Good,2024-08-26
2833,8223,Needs Improvement,2025-06-25
2834,7395,Average,2025-06-16
2835,14989,Good,2024-09-25
2836,14444,Good,2024-09-26
2837,13719,Average,2025-03-11
2838,9979,Average,2025-03-14
2839,10539,Good,2024-09-29
2840,5346,Good,2024-07-08
2841,4841,Good,2025-01-07
2842,2708,Needs Improvement,2025-03-13
2843,12393,Good,2024-09-15
2844,10805,Average,2024-07-15
2845,12514,Good,2025-06-26
2846,5767,Needs Improvement,2025-03-14
2847,2822,Excellent,2024-09-04
2848,10464,Needs Improvement,2024-11-22
2849,19422,Needs Improvement,2025-03-12
2850,12812,Excellent,2024-11-22
2851,2865,Good,2025-05-31
2852,10465,Average,2025-04-19
2853,12038,Good,2025-04-23
2854,7200,Average,2024-08-27
2855,13562,Excellent,2025-01-16
2856,18730,Average,2025-01-28
2857,658,Excellent,2024-11-25
2858,19563,Good,2025-06-17
2859,14462,Good,2024-08-04
2860,14111,Average,2025-01-06
2861,9131,Needs Improvement,2024-08-03
2862,8975,Excellent,2025-06-10
2863,4634,Needs Improvement,2024-10-31
2864,18412,Average,2024-09-08
2865,6868,Excellent,2024-07-11
2866,2853,Needs Improvement,2025-01-28
2867,342,Good,2025-01-20
2868,10120,Excellent,2024-12-16
2869,277,Good,2025-06-23
2870,11430,Average,2024-07-21
2871,17100,Excellent,2024-10-25
2872,2562,Good,2025-01-07
2873,4834,Average,2024-12-04
2874,1129,Average,2025-01-04
2875,1508,Good,2024-07-10
2876,16991,Average,2025-04-30
2877,2560,Excellent,2025-05-19
2878,9004,Average,2025-01-18
2879,4615,Excellent,2025-06-08
2880,7126,Good,2025-03-10
2881,7907,Excellent,2024-11-24
2882,13058,Average,2024-09-25
2883,2864,Good,2024-08-19
2884,15789,Average,2024-10-04
2885,12005,Good,2024-12-05
2886,5086,Excellent,2024-12-22
2887,3502,Good,2024-09-16
2888,15569,Average,2025-03-28
2889,5828,Excellent,2025-05-24
2890,237,Good,2024-10-19
2891,6541,Good,2025-05-30
2892,3046,Average,2024-08-08
2893,15254,Excellent,2025-02-18
2894,6924,Needs Improvement,2024-08-06
2895,13983,Good,2024-08-06
2896,3242,Needs Improvement,2024-09-11
2897,16779,Needs Improvement,2024-09-07
2898,3371,Good,2025-02-22
2899,7029,Average,2025-03-17
2900,15335,Average,2025-05-05
2901,13933,Average,2025-01-11
2902,6162,Good,2025-04-21
2903,19680,Good,2024-12-30
2904,1132,Needs Improvement,2024-09-22
2905,16557,Good,2025-06-23
2906,18141,Needs Improvement,2025-03-15
2907,10796,Needs Improvement,2024-08-23
2908,758,Excellent,2024-10-15
2909,373,Average,2025-03-29
2910,18166,Excellent,2025-07-05
2911,11595,Average,2025-02-20
2912,1325,Excellent,2025-06-22
2913,19953,Good,2024-11-18
2914,5843,Needs Improvement,2024-07-27
2915,17363,Excellent,2024-08-30
2916,18583,Good,2025-05-03
2917,9768,Needs Improvement,2024-11-07
2918,12451,Needs Improvement,2024-09-11
2919,6318,Excellent,2025-01-04
2920,7746,Excellent,2024-10-18
2921,9664,Excellent,2025-06-26
2922,18219,Good,2024-11-03
2923,2083,Average,2025-06-24
2924,79,Average,2025-03-21
2925,3310,Good,2025-06-16
2926,10639,Good,2024-09-16
2927,5859,Needs Improvement,2024-10-25
2928,5676,Excellent,2025-03-21
2929,17448,Needs Improvement,2025-05-03
2930,11320,Average,2025-04-23
2931,446,Needs Improvement,2024-08-02
2932,16997,Excellent,2024-10-17
2933,4165,Excellent,2025-05-11
2934,659,Good,2025-01-27
2935,15640,Good,2024-07-20
2936,15471,Average,2025-06-27
2937,5898,Average,2025-03-11
2938,13610,Excellent,2024-07-16
2939,11892,Good,2025-02-23
2940,2286,Excellent,2024-07-21
2941,2950,Needs Improvement,2025-04-25
2942,3333,Average,2025-04-17
2943,3903,Excellent,2024-12-10
2944,10303,Needs Improvement,2025-04-25
2945,7854,Good,2024-07-26
2946,15158,Excellent,2025-01-16
2947,11439,Needs Improvement,2025-03-09
2948,5737,Good,2025-06-16
2949,6907,Average,2025-02-22
2950,14006,Good,2025-01-07
2951,538,Average,2025-02-15
2952,17021,Needs Improvement,2025-01-21
2953,13531,Good,2024-12-23
2954,14656,Needs Improvement,2024-09-14
2955,12736,Needs Improvement,2025-05-16
2956,17293,Excellent,2024-07-09
2957,15209,Average,2025-06-15
2958,6714,Average,2025-03-10
2959,263,Average,2024-12-10
2960,11296,Needs Improvement,2024-08-16
2961,14530,Needs Improvement,2025-03-12
2962,16907,Average,2024-09-02
2963,3381,Good,2025-02-27
2964,11648,Good,2024-10-31
2965,17095,Excellent,2025-05-30
2966,18402,Average,2024-08-06
2967,2671,Good,2025-01-01
2968,6057,Average,2025-01-22
2969,4954,Average,2025-05-13
2970,12577,Excellent,2025-06-30
2971,15726,Needs Improvement,2025-01-25
2972,18954,Good,2025-03-08
2973,3080,Average,2025-03-10
2974,3438,Needs Improvement,2025-02-28
2975,12831,Average,2024-12-08
2976,7901,Good,2025-03-03
2977,3557,Excellent,2025-06-18
2978,12539,Excellent,2025-02-04
2979,19717,Needs Improvement,2025-01-19
2980,10028,Needs Improvement,2025-03-06
2981,6362,Good,2025-03-10
2982,19838,Needs Improvement,2024-09-06
2983,6500,Average,2024-10-05
2984,8393,Good,2024-07-19
2985,18264,Excellent,2024-11-20
2986,19680,Good,2025-06-09
2987,13172,Good,2025-03-23
2988,11759,Good,2024-11-19
2989,17977,Needs Improvement,2024-11-12
2990,3798,Good,2025-05-16
2991,17970,Excellent,2024-10-29
2992,7409,Good,2024-12-03
2993,19897,Good,2024-10-24
2994,11407,Needs Improvement,2025-02-11
2995,14738,Needs Improvement,2025-01-26
2996,8738,Average,2024-08-02
2997,18095,Needs Improvement,2025-03-29
2998,14641,Excellent,2024-07-21
2999,1471,Good,2025-07-01
3000,11165,Average,2024-12-22
3001,17363,Average,2025-02-26
3002,12900,Excellent,2024-11-25
3003,9598,Good,2025-05-22
3004,7071,Good,2024-08-22
3005,14130,Average,2025-02-12
3006,16827,Good,2024-09-05
3007,13795,Good,2024-12-18
3008,16858,Needs Improvement,2024-11-13
3009,17669,Average,2024-10-03
3010,1076,Good,2024-07-26
3011,16082,Needs Improvement,2025-01-30
3012,4397,Needs Improvement,2025-05-14
3013,10790,Excellent,2025-01-13
3014,18080,Average,2024-09-09
3015,14203,Average,2025-06-19
3016,1419,Average,2025-02-17
3017,2886,Needs Improvement,2025-03-05
3018,6895,Excellent,2025-06-09
3019,9046,Good,2024-08-24
3020,8949,Excellent,2024-08-17
3021,9978,Needs Improvement,2024-08-17
3022,1267,Average,2024-11-25
3023,6614,Good,2024-12-04
3024,2869,Excellent,2024-09-06
3025,18896,Good,2025-06-22
3026,1175,Average,2025-04-21
3027,313,Excellent,2025-07-05
3028,2807,Good,2024-12-19
3029,10776,Excellent,2024-07-26
3030,1895,Average,2025-04-15
3031,10321,Good,2024-12-15
3032,13533,Excellent,2024-08-10
3033,11583,Excellent,2024-10-27
3034,14585,Needs Improvement,2024-10-30
3035,9354,Needs Improvement,2024-11-24
3036,19154,Needs Improvement,2024-08-06
3037,8359,Good,2025-02-19
3038,4193,Good,2025-01-29
3039,4893,Excellent,2024-12-16
3040,13861,Excellent,2024-12-08
3041,15144,Average,2025-03-25
3042,16660,Excellent,2024-12-15
3043,16674,Needs Improvement,2025-02-20
3044,9400,Needs Improvement,2024-08-09
3045,5677,Excellent,2024-12-20
3046,17427,Good,2025-02-24
3047,3632,Excellent,2025-01-26
3048,765,Average,2025-01-28
3049,17442,Excellent,2024-09-06
3050,10301,Needs Improvement,2025-02-20
3051,13732,Good,2025-03-18
3052,11927,Average,2024-08-04
3053,10974,Needs Improvement,2025-02-27
3054,16627,Excellent,2024-08-05
3055,8594,Excellent,2025-04-29
3056,8639,Needs Improvement,2025-02-09
3057,12645,Needs Improvement,2024-07-17
3058,15157,Good,2024-08-30
3059,328,Average,2025-03-03
3060,8112,Needs Improvement,2025-01-15
3061,1141,Average,2024-07-29
3062,980,Excellent,2024-12-31
3063,9857,Needs Improvement,2024-10-12
3064,12897,Excellent,2025-04-30
3065,3613,Needs Improvement,2024-10-31
3066,14818,Good,2025-06-10
3067,9692,Needs Improvement,2024-09-04
3068,13680,Needs Improvement,2024-10-29
3069,9990,Good,2024-09-03
3070,15866,Needs Improvement,2025-06-25
3071,12103,Average,2025-01-18
3072,6903,Needs Improvement,2025-02-06
3073,18452,Needs Improvement,2025-06-24
3074,6897,Good,2024-11-30
3075,10271,Good,2024-08-11
3076,9553,Good,2025-07-03
3077,3246,Needs Improvement,2025-04-13
3078,15415,Needs Improvement,2024-10-19
3079,5621,Average,2024-12-07
3080,6664,Average,2025-02-13
3081,9265,Good,2025-04-17
3082,13392,Needs Improvement,2024-12-04
3083,3429,Good,2024-12-08
3084,2118,Good,2024-07-23
3085,6010,Good,2024-07-06
3086,7009,Average,2025-05-09
3087,19020,Good,2024-11-19
3088,5079,Excellent,2024-12-21
3089,8192,Excellent,2025-04-21
3090,1360,Excellent,2024-08-23
3091,4704,Good,2024-12-23
3092,9453,Needs Improvement,2025-03-10
3093,15542,Needs Improvement,2024-12-27
3094,1510,Needs Improvement,2025-04-08
3095,19236,Average,2025-04-12
3096,885,Excellent,2024-11-02
3097,15961,Good,2024-08-12
3098,8659,Good,2024-12-29
3099,8010,Good,2025-05-01
3100,4905,Excellent,2024-08-27
3101,3549,Average,2024-07-29
3102,55,Needs Improvement,2024-11-14
3103,12449,Excellent,2024-12-25
3104,6034,Good,2025-02-04
3105,1910,Good,2024-08-31
3106,3059,Needs Improvement,2025-02-17
3107,15435,Needs Improvement,2024-09-29
3108,944,Average,2025-07-01
3109,227,Average,2024-12-29
3110,14111,Needs Improvement,2024-10-07
3111,9257,Average,2025-05-16
3112,4286,Average,2024-11-29
3113,17652,Good,2024-12-01
3114,8595,Good,2025-06-27
3115,582,Needs Improvement,2025-03-06
3116,9551,Good,2025-05-31
3117,13692,Average,2025-05-11
3118,19891,Excellent,2025-02-09
3119,16493,Good,2024-11-24
3120,5375,Average,2025-01-09
3121,8912,Good,2024-07-27
3122,6243,Excellent,2025-05-29
3123,4591,Excellent,2025-07-01
3124,19971,Good,2025-01-23
3125,1873,Average,2024-09-26
3126,13371,Excellent,2025-02-25
3127,17003,Needs Improvement,2024-12-17
3128,10372,Excellent,2024-09-20
3129,9841,Average,2025-01-01
3130,971,Good,2024-10-17
3131,17281,Needs Improvement,2025-03-30
3132,5471,Needs Improvement,2024-11-27
3133,8672,Needs Improvement,2024-08-18
3134,12833,Average,2025-06-18
3135,19984,Good,2024-11-25
3136,1368,Needs Improvement,2024-11-12
3137,13060,Average,2024-07-13
3138,10663,Good,2025-05-15
3139,11845,Good,2024-08-31
3140,13487,Average,2025-04-12
3141,8924,Good,2024-09-10
3142,12773,Needs Improvement,2024-08-26
3143,4046,Excellent,2025-04-04
3144,4310,Good,2024-08-17
3145,10040,Good,2025-06-24
3146,8128,Excellent,2025-05-02
3147,14822,Good,2025-06-14
3148,8858,Excellent,2024-10-09
3149,14712,Excellent,2024-07-21
3150,14108,Needs Improvement,2024-08-12
3151,3052,Good,2025-05-02
3152,942,Good,2025-02-06
3153,4782,Good,2025-04-09
3154,19685,Good,2025-06-17
3155,2087,Excellent,2025-04-15
3156,11634,Average,2025-06-15
3157,14251,Average,2025-03-30
3158,3523,Good,2024-10-16
3159,2707,Excellent,2024-12-31
3160,1937,Excellent,2025-01-22
3161,18511,Needs Improvement,2024-11-30
3162,10610,Excellent,2025-01-27
3163,732,Average,2024-08-13
3164,4282,Excellent,2024-12-10
3165,14524,Good,2025-01-05
3166,11314,Good,2025-02-07
3167,3230,Excellent,2025-03-08
3168,2488,Good,2024-12-04
3169,8812,Average,2025-05-14
3170,7796,Needs Improvement,2025-06-18
3171,16875,Excellent,2024-08-22
3172,16949,Average,2024-08-18
3173,4695,Needs Improvement,2025-01-01
3174,5350,Excellent,2025-01-09
3175,2762,Good,2024-07-21
3176,12241,Excellent,2025-05-29
3177,1654,Average,2025-03-17
3178,12471,Average,2025-02-12
3179,14334,Needs Improvement,2024-08-04
3180,9780,Needs Improvement,2024-07-24
3181,394,Average,2024-10-10
3182,17906,Average,2024-11-15
3183,19984,Good,2024-09-18
3184,6636,Needs Improvement,2025-03-04
3185,898,Needs Improvement,2024-10-08
3186,5252,Needs Improvement,2024-08-06
3187,6469,Excellent,2024-12-19
3188,6128,Excellent,2025-02-01
3189,19099,Excellent,2025-03-10
3190,15786,Needs Improvement,2025-01-31
3191,10917,Excellent,2025-03-24
3192,5019,Good,2024-08-13
3193,3992,Good,2024-10-10
3194,13241,Average,2024-08-19
3195,16241,Good,2025-05-07
3196,16582,Needs Improvement,2024-08-21
3197,6059,Needs Improvement,2024-08-15
3198,9436,Average,2025-01-17
3199,2766,Needs Improvement,2025-07-01
3200,11302,Excellent,2025-06-11
3201,8541,Needs Improvement,2024-12-12
3202,4872,Needs Improvement,2024-10-29
3203,11176,Needs Improvement,2024-09-09
3204,10166,Average,2025-02-25
3205,4147,Good,2024-09-04
3206,7951,Needs Improvement,2024-11-15
3207,17928,Good,2025-06-22
3208,17084,Good,2024-10-15
3209,7773,Excellent,2024-07-25
3210,9340,Excellent,2024-07-18
3211,4463,Good,2024-12-06
3212,5683,Excellent,2025-03-30
3213,7135,Excellent,2025-02-19
3214,18231,Excellent,2024-11-22
3215,4595,Average,2025-06-17
3216,18854,Average,2024-09-14
3217,2148,Needs Improvement,2025-04-25
3218,14916,Good,2024-07-30
3219,12319,Average,2024-08-29
3220,1227,Average,2025-03-05
3221,15345,Good,2024-08-24
3222,6583,Needs Improvement,2024-12-11
3223,13103,Excellent,2025-01-04
3224,11505,Needs Improvement,2025-02-27
3225,3007,Good,2024-09-27
3226,16570,Needs Improvement,2024-11-13
3227,9643,Good,2025-02-27
3228,3615,Needs Improvement,2024-08-17
3229,16332,Needs Improvement,2024-12-25
3230,3062,Needs Improvement,2024-10-11
3231,4390,Excellent,2024-11-04
3232,11282,Good,2025-05-28
3233,18077,Good,2024-12-19
3234,17417,Excellent,2024-09-19
3235,18552,Good,2025-04-11
3236,13886,Excellent,2025-03-14
3237,12572,Excellent,2024-12-20
3238,19856,Excellent,2025-03-22
3239,8679,Needs Improvement,2024-11-24
3240,8802,Good,2025-02-01
3241,18273,Needs Improvement,2025-01-25
3242,2329,Good,2025-02-13
3243,4609,Good,2025-01-08
3244,2979,Needs Improvement,2025-06-21
3245,15887,Needs Improvement,2025-01-12
3246,10806,Average,2024-07-25
3247,5829,Average,2025-04-11
3248,4414,Average,2025-04-14
3249,4852,Good,2024-11-22
3250,1469,Needs Improvement,2024-09-14
3251,2560,Excellent,2025-01-20
3252,14349,Good,2025-03-08
3253,7146,Excellent,2025-03-02
3254,8515,Good,2024-09-23
3255,15195,Good,2024-09-08
3256,3650,Excellent,2024-08-09
3257,688,Good,2024-09-09
3258,7095,Excellent,2024-10-03
3259,19050,Excellent,2025-05-27
3260,9507,Excellent,2025-02-23
3261,16030,Needs Improvement,2025-04-05
3262,6649,Excellent,2025-03-06
3263,581,Good,2025-02-11
3264,894,Average,2024-08-26
3265,8462,Needs Improvement,2025-01-25
3266,2439,Average,2024-07-11
3267,3162,Good,2025-05-29
3268,4965,Average,2025-01-11
3269,5275,Needs Improvement,2025-05-01
3270,7406,Good,2025-04-24
3271,10869,Good,2024-10-02
3272,16290,Average,2025-05-11
3273,18914,Needs Improvement,2025-06-09
3274,18325,Good,2024-11-01
3275,6658,Average,2025-06-16
3276,14703,Good,2024-07-31
3277,17703,Good,2024-10-19
3278,1956,Needs Improvement,2025-02-24
3279,2057,Needs Improvement,2024-11-26
3280,18908,Needs Improvement,2024-10-27
3281,19247,Needs Improvement,2025-02-25
3282,16196,Average,2025-04-29
3283,5724,Good,2024-12-27
3284,18227,Excellent,2025-07-01
3285,2539,Average,2024-08-26
3286,3432,Needs Improvement,2025-01-26
3287,6619,Excellent,2025-01-04
3288,10463,Needs Improvement,2024-09-08
3289,18772,Needs Improvement,2025-03-22
3290,18032,Good,2024-07-28
3291,7036,Needs Improvement,2024-10-08
3292,2721,Good,2024-12-01
3293,7427,Needs Improvement,2024-08-28
3294,11898,Excellent,2025-04-29
3295,2497,Excellent,2025-04-24
3296,11787,Excellent,2024-07-13
3297,15261,Excellent,2025-02-25
3298,10311,Good,2024-11-14
3299,6108,Needs Improvement,2024-11-09
3300,10152,Needs Improvement,2025-03-09
3301,6825,Needs Improvement,2025-01-10
3302,18745,Needs Improvement,2025-01-21
3303,11870,Average,2025-06-18
3304,9986,Good,2024-08-16
3305,9167,Good,2025-02-27
3306,8606,Needs Improvement,2025-02-08
3307,16085,Needs Improvement,2025-04-14
3308,5235,Excellent,2024-11-25
3309,7998,Average,2024-08-17
3310,5817,Average,2024-08-22
3311,3936,Needs Improvement,2025-05-13
3312,6427,Needs Improvement,2025-02-19
3313,3337,Needs Improvement,2025-02-12
3314,18325,Excellent,2024-07-06
3315,2435,Excellent,2024-11-13
3316,9658,Average,2024-09-18
3317,12681,Needs Improvement,2025-02-10
3318,11150,Excellent,2024-10-22
3319,17810,Good,2025-02-16
3320,14012,Needs Improvement,2025-01-17
3321,4208,Average,2025-02-10
3322,2761,Good,2025-05-08
3323,4637,Excellent,2025-06-03
3324,3854,Good,2024-11-19
3325,9725,Needs Improvement,2025-04-17
3326,6537,Average,2024-12-23
3327,13410,Excellent,2025-06-18
3328,11776,Average,2025-02-05
3329,18891,Excellent,2025-02-04
3330,11485,Excellent,2024-08-27
3331,10481,Good,2024-10-05
3332,14700,Needs Improvement,2025-06-11
3333,9410,Good,2025-04-09
3334,9752,Good,2024-09-27
3335,515,Excellent,2025-05-21
3336,12538,Excellent,2025-05-03
3337,10337,Average,2024-11-24
3338,13191,Average,2024-07-17
3339,9508,Needs Improvement,2024-09-28
3340,17478,Excellent,2024-08-30
3341,18469,Needs Improvement,2024-12-10
3342,14216,Needs Improvement,2024-10-23
3343,2856,Average,2024-09-05
3344,6884,Good,2024-10-09
3345,16676,Excellent,2025-01-23
3346,2520,Needs Improvement,2025-02-24
3347,7743,Excellent,2024-10-22
3348,8084,Good,2025-04-08
3349,2083,Good,2024-11-16
3350,2753,Average,2024-11-13
3351,1531,Needs Improvement,2024-08-18
3352,4906,Excellent,2024-12-28
3353,9761,Excellent,2025-05-23
3354,3141,Good,2025-03-10
3355,18106,Good,2024-11-29
3356,19018,Excellent,2025-04-30
3357,1821,Needs Improvement,2024-09-29
3358,16681,Average,2024-11-29
3359,7151,Average,2025-01-31
3360,12986,Average,2024-12-05
3361,5857,Excellent,2024-07-27
3362,12505,Average,2024-07-15
3363,6153,Needs Improvement,2024-07-12
3364,12744,Average,2024-07-08
3365,4244,Good,2024-12-12
3366,1176,Average,2024-10-07
3367,6087,Excellent,2025-06-09
3368,11803,Excellent,2024-08-25
3369,10350,Excellent,2025-06-09
3370,15660,Excellent,2025-06-23
3371,7329,Good,2024-09-05
3372,823,Needs Improvement,2025-06-24
3373,19591,Excellent,2025-04-14
3374,17224,Needs Improvement,2025-07-01
3375,5014,Needs Improvement,2025-06-03
3376,1512,Excellent,2024-12-09
3377,4699,Excellent,2024-10-01
3378,16035,Good,2025-02-13
3379,2349,Good,2025-02-05
3380,11431,Needs Improvement,2024-12-17
3381,5894,Excellent,2024-11-16
3382,16275,Excellent,2025-06-15
3383,13295,Needs Improvement,2024-11-05
3384,6185,Average,2025-06-26
3385,17843,Needs Improvement,2024-09-05
3386,18916,Excellent,2024-09-29
3387,19315,Average,2025-03-24
3388,9891,Needs Improvement,2024-07-18
3389,5991,Average,2025-06-18
3390,11103,Good,2025-02-08
3391,3357,Needs Improvement,2024-08-29
3392,13991,Excellent,2024-09-03
3393,12784,Needs Improvement,2024-10-01
3394,5099,Average,2025-07-02
3395,17770,Good,2024-09-02
3396,8154,Needs Improvement,2025-03-05
3397,3545,Excellent,2024-08-01
3398,3455,Average,2025-04-26
3399,9345,Excellent,2025-06-02
3400,9115,Average,2025-03-02
3401,11531,Average,2024-12-22
3402,19164,Good,2025-05-13
3403,15601,Average,2024-08-31
3404,13383,Excellent,2025-04-02
3405,5746,Needs Improvement,2025-02-11
3406,7361,Good,2025-05-20
3407,10922,Average,2025-04-08
3408,4342,Good,2024-08-13
3409,2750,Average,2025-04-01
3410,17652,Good,2024-11-22
3411,5290,Excellent,2025-01-16
3412,17809,Excellent,2024-11-11
3413,8068,Excellent,2025-04-24
3414,14813,Excellent,2024-12-07
3415,10286,Average,2024-09-20
3416,14216,Needs Improvement,2025-05-24
3417,9822,Excellent,2025-04-24
3418,13096,Needs Improvement,2025-05-14
3419,5651,Excellent,2025-03-31
3420,9290,Good,2025-06-30
3421,9191,Good,2024-09-10
3422,19532,Good,2025-01-03
3423,19023,Good,2025-04-09
3424,6759,Excellent,2025-04-07
3425,4153,Needs Improvement,2025-04-11
3426,9241,Average,2024-08-19
3427,7512,Average,2024-11-14
3428,6403,Excellent,2025-05-25
3429,14798,Average,2024-11-06
3430,17349,Needs Improvement,2025-02-10
3431,15223,Good,2025-04-08
3432,15584,Excellent,2025-02-13
3433,6793,Average,2025-05-05
3434,8103,Average,2025-05-29
3435,14748,Good,2024-12-30
3436,14409,Average,2025-05-01
3437,2459,Average,2024-09-19
3438,10951,Good,2025-02-11
3439,1409,Excellent,2024-09-07
3440,15467,Good,2025-02-24
3441,7480,Needs Improvement,2025-06-15
3442,407,Good,2024-09-16
3443,623,Needs Improvement,2025-04-18
3444,10487,Average,2024-07-18
3445,12637,Average,2024-07-16
3446,11659,Average,2025-03-17
3447,17977,Needs Improvement,2024-08-17
3448,5149,Average,2024-09-27
3449,271,Needs Improvement,2024-12-14
3450,5972,Needs Improvement,2025-02-26
3451,14328,Average,2025-01-24
3452,17333,Excellent,2025-03-29
3453,620,Excellent,2024-08-16
3454,5122,Needs Improvement,2025-02-12
3455,18982,Good,2025-05-08
3456,6866,Good,2025-01-03
3457,19980,Needs Improvement,2025-01-25
3458,12743,Excellent,2025-03-16
3459,2925,Excellent,2024-07-23
3460,14842,Good,2025-02-16
3461,13919,Good,2025-03-14
3462,13815,Excellent,2025-01-12
3463,12177,Excellent,2024-12-24
3464,13843,Good,2025-06-08
3465,3932,Needs Improvement,2025-04-19
3466,12933,Needs Improvement,2024-08-25
3467,10818,Needs Improvement,2024-07-24
3468,11205,Needs Improvement,2025-06-24
3469,13097,Excellent,2024-10-21
3470,4554,Average,2025-06-06
3471,14276,Excellent,2025-06-11
3472,160,Good,2025-03-27
3473,4632,Needs Improvement,2024-12-27
3474,2604,Excellent,2024-11-27
3475,3404,Good,2025-03-25
3476,5705,Average,2024-10-17
3477,4595,Needs Improvement,2025-04-01
3478,4697,Average,2024-11-21
3479,11411,Good,2025-06-07
3480,12211,Average,2024-12-22
3481,9935,Average,2024-07-24
3482,13335,Excellent,2024-09-25
3483,19059,Excellent,2025-04-30
3484,4733,Excellent,2025-04-08
3485,18186,Needs Improvement,2024-11-14
3486,501,Excellent,2025-01-15
3487,464,Excellent,2025-02-08
3488,10664,Good,2025-03-30
3489,2639,Excellent,2025-02-08
3490,3292,Good,2025-03-02
3491,19118,Good,2024-08-14
3492,10221,Needs Improvement,2024-10-25
3493,2450,Good,2024-09-06
3494,6447,Needs Improvement,2025-03-05
3495,3515,Average,2025-05-11
3496,13656,Average,2024-12-08
3497,17226,Average,2025-06-11
3498,19054,Needs Improvement,2024-12-25
3499,11176,Good,2024-12-10
3500,18278,Excellent,2025-05-16
3501,3172,Needs Improvement,2025-02-01
3502,6884,Good,2025-05-10
3503,16845,Good,2025-04-20
3504,6209,Good,2025-03-23
3505,15317,Excellent,2025-01-21
3506,10682,Average,2024-10-13
3507,8751,Good,2025-02-03
3508,15762,Average,2025-06-13
3509,12181,Excellent,2025-04-15
3510,7517,Excellent,2025-03-03
3511,15500,Average,2025-06-12
3512,8247,Excellent,2025-06-10
3513,3997,Excellent,2025-01-23
3514,3646,Excellent,2025-06-25
3515,19559,Average,2025-06-30
3516,6206,Needs Improvement,2025-06-09
3517,5720,Excellent,2024-11-26
3518,19056,Good,2025-02-25
3519,19029,Needs Improvement,2024-07-08
3520,6738,Average,2025-03-31
3521,994,Excellent,2024-09-22
3522,11248,Average,2025-03-23
3523,1843,Needs Improvement,2025-06-30
3524,1712,Excellent,2025-01-18
3525,5815,Good,2024-08-05
3526,6035,Excellent,2024-08-01
3527,1678,Needs Improvement,2025-03-25
3528,7554,Excellent,2025-04-13
3529,14783,Excellent,2025-05-07
3530,13276,Needs Improvement,2025-04-03
3531,19857,Excellent,2024-07-31
3532,9244,Good,2025-04-14
3533,4833,Needs Improvement,2025-03-09
3534,16595,Excellent,2024-09-27
3535,1384,Average,2025-04-23
3536,19905,Excellent,2025-03-23
3537,2710,Needs Improvement,2024-12-15
3538,16005,Excellent,2025-04-06
3539,1704,Good,2025-02-14
3540,1296,Good,2024-08-21
3541,15394,Average,2024-08-04
3542,6384,Needs Improvement,2024-10-25
3543,11357,Needs Improvement,2024-11-10
3544,1600,Good,2024-07-21
3545,279,Excellent,2024-11-28
3546,13904,Average,2025-02-21
3547,12378,Excellent,2025-04-17
3548,2755,Excellent,2024-07-17
3549,3610,Needs Improvement,2024-12-26
3550,14400,Average,2025-05-04
3551,143,Average,2024-07-15
3552,1964,Good,2025-03-15
3553,12810,Excellent,2025-01-15
3554,8614,Average,2024-08-17
3555,6056,Good,2025-06-20
3556,8243,Average,2025-03-13
3557,5497,Average,2025-02-02
3558,592,Average,2024-07-27
3559,5891,Needs Improvement,2025-05-22
3560,7573,Good,2025-05-12
3561,9524,Needs Improvement,2024-09-07
3562,2287,Excellent,2024-12-27
3563,2016,Average,2024-10-13
3564,9699,Excellent,2024-07-10
3565,13957,Excellent,2025-02-28
3566,4213,Excellent,2024-07-12
3567,11703,Average,2024-10-26
3568,13677,Needs Improvement,2025-07-04
3569,17189,Needs Improvement,2024-12-28
3570,3960,Average,2025-06-20
3571,4815,Average,2025-05-16
3572,9092,Good,2025-01-24
3573,19199,Average,2025-01-24
3574,14143,Needs Improvement,2025-01-09
3575,6455,Good,2025-03-29
3576,8523,Average,2025-02-01
3577,12857,Average,2025-03-31
3578,18571,Needs Improvement,2025-04-20
3579,9641,Excellent,2025-06-22
3580,5852,Excellent,2024-12-25
3581,12818,Needs Improvement,2024-12-03
3582,19228,Average,2024-08-27
3583,4210,Average,2024-11-19
3584,10768,Excellent,2024-11-18
3585,6462,Excellent,2025-01-04
3586,13710,Good,2025-03-26
3587,10383,Excellent,2025-06-06
3588,12828,Average,2024-08-10
3589,14232,Excellent,2024-12-12
3590,2338,Needs Improvement,2025-05-22
3591,5581,Excellent,2025-02-05
3592,8463,Excellent,2024-12-13
3593,15223,Average,2024-08-03
3594,919,Excellent,2024-11-17
3595,18575,Needs Improvement,2024-09-15
3596,19165,Good,2025-01-17
3597,9957,Needs Improvement,2025-06-18
3598,12165,Average,2024-11-04
3599,16653,Good,2024-07-20
3600,11926,Needs Improvement,2024-11-18
3601,365,Needs Improvement,2025-01-01
3602,4172,Average,2024-08-08
3603,15446,Good,2024-07-30
3604,13694,Excellent,2025-02-04
3605,13468,Needs Improvement,2024-08-03
3606,17817,Needs Improvement,2024-09-07
3607,17554,Average,2025-02-06
3608,18448,Needs Improvement,2024-12-22
3609,3088,Excellent,2024-12-25
3610,6156,Average,2025-05-15
3611,13804,Excellent,2025-04-15
3612,16767,Average,2024-12-21
3613,19989,Average,2025-06-08
3614,12970,Average,2024-10-28
3615,3433,Needs Improvement,2025-04-13
3616,16827,Good,2024-10-20
3617,19593,Excellent,2024-12-30
3618,10494,Average,2024-07-29
3619,6941,Excellent,2024-07-19
3620,18627,Average,2025-05-21
3621,19934,Good,2024-09-18
3622,13705,Average,2025-05-19
3623,2325,Average,2025-06-25
3624,9257,Good,2024-09-01
3625,10879,Average,2024-10-09
3626,11538,Excellent,2025-06-04
3627,4176,Excellent,2025-05-03
3628,15193,Excellent,2024-08-07
3629,2766,Needs Improvement,2025-01-28
3630,16676,Good,2024-10-20
3631,129,Excellent,2024-07-07
3632,7508,Average,2025-06-27
3633,5922,Good,2025-06-17
3634,6899,Good,2025-02-24
3635,5837,Excellent,2024-11-15
3636,19024,Excellent,2025-05-09
3637,18137,Excellent,2024-08-11
3638,17284,Excellent,2025-06-01
3639,17889,Good,2025-05-14
3640,16179,Excellent,2024-10-24
3641,16840,Needs Improvement,2024-12-07
3642,667,Excellent,2024-08-14
3643,1567,Needs Improvement,2024-11-23
3644,14337,Needs Improvement,2025-03-06
3645,17962,Excellent,2024-08-09
3646,7808,Good,2025-03-26
3647,18410,Needs Improvement,2025-01-13
3648,7066,Average,2025-03-12
3649,5007,Excellent,2025-04-24
3650,2510,Needs Improvement,2025-05-23
3651,4066,Excellent,2024-12-15
3652,5384,Good,2024-07-07
3653,1703,Excellent,2025-04-10
3654,17679,Excellent,2024-08-17
3655,4962,Excellent,2024-11-15
3656,1841,Excellent,2025-04-03
3657,9798,Average,2025-04-26
3658,9445,Excellent,2024-09-17
3659,4208,Good,2025-06-05
3660,12189,Good,2025-01-02
3661,120,Excellent,2025-04-03
3662,12349,Good,2024-08-11
3663,2425,Needs Improvement,2025-01-30
3664,9795,Needs Improvement,2025-01-15
3665,18233,Excellent,2025-03-22
3666,18990,Needs Improvement,2024-11-14
3667,8241,Good,2025-04-26
3668,15716,Average,2024-10-09
3669,9414,Excellent,2024-09-07
3670,8558,Excellent,2025-02-24
3671,12816,Good,2024-09-10
3672,19273,Good,2025-03-04
3673,4072,Excellent,2025-05-04
3674,8101,Good,2024-09-03
3675,7151,Average,2024-10-19
3676,14056,Excellent,2025-01-14
3677,4005,Needs Improvement,2024-09-30
3678,3438,Average,2025-05-23
3679,9554,Excellent,2024-12-31
3680,17963,Excellent,2024-09-11
3681,14821,Needs Improvement,2025-04-30
3682,3538,Average,2025-05-12
3683,11472,Good,2025-07-06
3684,4173,Good,2024-11-07
3685,4892,Excellent,2024-08-12
3686,3836,Good,2025-01-03
3687,8618,Good,2025-02-07
3688,9910,Average,2025-06-26
3689,6897,Needs Improvement,2024-07-21
3690,872,Average,2024-11-12
3691,16937,Excellent,2024-10-19
3692,10883,Average,2024-10-01
3693,3376,Good,2024-10-02
3694,18616,Average,2025-05-23
3695,7889,Good,2024-07-24
3696,5726,Average,2025-02-11
3697,19877,Good,2025-02-08
3698,5493,Needs Improvement,2024-09-27
3699,7375,Excellent,2024-08-11
3700,7133,Excellent,2025-03-17
3701,8270,Average,2025-05-29
3702,6928,Excellent,2025-03-05
3703,2152,Average,2025-05-11
3704,2487,Average,2025-02-02
3705,12980,Good,2024-07-13
3706,9125,Good,2024-08-19
3707,912,Average,2024-08-21
3708,15473,Good,2024-10-21
3709,17990,Good,2024-08-25
3710,10256,Needs Improvement,2024-10-04
3711,16817,Excellent,2025-06-19
3712,17046,Good,2025-06-24
3713,474,Good,2024-08-12
3714,15146,Average,2024-12-07
3715,12878,Needs Improvement,2025-02-17
3716,8832,Average,2025-04-24
3717,2144,Excellent,2025-03-23
3718,9487,Excellent,2025-05-23
3719,5326,Average,2024-11-26
3720,10270,Excellent,2024-09-21
3721,18306,Good,2024-09-07
3722,10686,Good,2024-08-08
3723,17284,Average,2025-01-03
3724,9937,Excellent,2024-09-11
3725,8432,Needs Improvement,2024-09-30
3726,12202,Good,2024-11-06
3727,6058,Average,2024-08-09
3728,1930,Good,2025-06-05
3729,7201,Average,2025-02-01
3730,10770,Good,2025-02-06
3731,14978,Good,2025-03-30
3732,19499,Needs Improvement,2025-06-30
3733,6394,Good,2024-11-04
3734,17109,Good,2024-12-17
3735,14167,Good,2025-03-16
3736,798,Average,2025-06-21
3737,19089,Average,2025-01-06
3738,1001,Excellent,2025-02-03
3739,7315,Needs Improvement,2025-06-30
3740,13855,Good,2024-08-04
3741,953,Average,2024-12-18
3742,6393,Good,2025-06-14
3743,15273,Average,2024-08-20
3744,12313,Excellent,2025-06-02
3745,11652,Average,2025-05-04
3746,2739,Needs Improvement,2024-08-05
3747,9982,Needs Improvement,2025-02-07
3748,8656,Good,2025-05-02
3749,8622,Average,2024-11-23
3750,18960,Needs Improvement,2025-01-23
3751,7902,Good,2024-10-21
3752,16639,Average,2024-10-05
3753,11560,Average,2025-03-13
3754,1826,Excellent,2024-12-28
3755,861,Needs Improvement,2024-08-10
3756,17722,Excellent,2025-02-06
3757,2193,Excellent,2024-11-16
3758,12059,Average,2024-09-28
3759,12751,Good,2024-08-23
3760,14855,Good,2025-06-15
3761,6763,Good,2024-11-23
3762,6142,Excellent,2025-01-30
3763,1936,Needs Improvement,2025-05-27
3764,14058,Needs Improvement,2024-11-30
3765,17504,Average,2025-05-23
3766,16807,Good,2024-12-17
3767,1426,Average,2024-11-04
3768,8663,Needs Improvement,2024-07-15
3769,7148,Good,2024-11-04
3770,16822,Needs Improvement,2025-03-18
3771,16318,Average,2025-04-02
3772,19766,Average,2024-12-16
3773,17204,Average,2024-11-08
3774,16127,Good,2024-12-23
3775,18516,Excellent,2025-06-26
3776,12520,Needs Improvement,2025-02-11
3777,741,Good,2025-02-22
3778,12646,Needs Improvement,2025-06-08
3779,9361,Average,2025-02-01
3780,19596,Good,2024-12-13
3781,10232,Good,2025-06-19
3782,14996,Needs Improvement,2024-07-23
3783,18007,Good,2025-03-10
3784,10686,Good,2025-03-26
3785,3272,Average,2025-02-25
3786,14882,Average,2024-08-29
3787,18001,Good,2025-02-07
3788,11811,Needs Improvement,2025-05-09
3789,7570,Good,2024-08-14
3790,18910,Excellent,2024-08-03
3791,2599,Good,2025-01-18
3792,17412,Good,2024-12-07
3793,16831,Needs Improvement,2025-02-25
3794,7677,Average,2024-10-14
3795,18430,Average,2024-11-19
3796,15674,Excellent,2025-06-01
3797,15877,Good,2024-10-12
3798,12010,Needs Improvement,2025-03-14
3799,13310,Excellent,2024-08-16
3800,4657,Excellent,2024-09-04
3801,6814,Average,2025-06-11
3802,15695,Average,2024-07-08
3803,9764,Good,2025-02-25
3804,12185,Excellent,2024-09-13
3805,14636,Excellent,2024-12-25
3806,7396,Average,2024-08-22
3807,18009,Good,2024-08-14
3808,10245,Average,2024-09-26
3809,7661,Good,2025-01-28
3810,18624,Average,2025-02-15
3811,15873,Needs Improvement,2024-10-09
3812,14754,Good,2025-06-04
3813,13734,Average,2024-12-06
3814,3826,Good,2024-11-29
3815,6816,Good,2024-10-08
3816,8808,Average,2025-04-07
3817,11019,Excellent,2025-03-13
3818,13283,Excellent,2025-04-23
3819,2660,Good,2024-07-25
3820,1427,Excellent,2025-04-25
3821,2083,Average,2024-08-01
3822,8662,Excellent,2025-04-13
3823,2470,Excellent,2025-06-26
3824,13954,Needs Improvement,2024-11-22
3825,6438,Excellent,2025-04-29
3826,14165,Excellent,2024-07-20
3827,10569,Needs Improvement,2025-03-19
3828,9561,Average,2024-11-03
3829,15059,Good,2024-07-07
3830,6849,Average,2025-02-19
3831,10291,Good,2025-05-24
3832,6183,Good,2024-08-27
3833,13621,Good,2024-12-29
3834,16115,Excellent,2025-03-19
3835,12818,Average,2025-01-16
3836,593,Needs Improvement,2024-08-20
3837,14542,Excellent,2025-05-25
3838,8845,Needs Improvement,2024-11-24
3839,12416,Needs Improvement,2024-12-21
3840,2759,Average,2025-04-22
3841,16505,Excellent,2024-11-19
3842,5842,Excellent,2025-03-01
3843,10579,Needs Improvement,2025-03-15
3844,18043,Excellent,2024-10-24
3845,9025,Excellent,2025-05-13
3846,10640,Average,2024-07-18
3847,3222,Average,2025-01-03
3848,3920,Needs Improvement,2025-07-03
3849,6987,Good,2025-04-20
3850,5853,Average,2025-02-28
3851,9312,Excellent,2025-01-31
3852,2504,Average,2024-08-18
3853,600,Excellent,2024-12-01
3854,8944,Needs Improvement,2024-08-25
3855,1063,Excellent,2025-04-15
3856,4276,Good,2025-06-13
3857,1957,Excellent,2024-10-03
3858,19184,Needs Improvement,2024-07-27
3859,19151,Excellent,2024-09-22
3860,7446,Good,2025-03-15
3861,5831,Good,2024-12-14
3862,2586,Needs Improvement,2025-03-27
3863,10150,Needs Improvement,2025-04-14
3864,3042,Excellent,2025-04-18
3865,8806,Good,2025-06-17
3866,3729,Good,2024-12-27
3867,19593,Needs Improvement,2025-03-30
3868,17068,Good,2025-03-02
3869,10553,Excellent,2025-03-24
3870,14588,Excellent,2024-11-11
3871,9829,Good,2025-02-22
3872,9130,Good,2024-12-16
3873,494,Average,2025-04-06
3874,1578,Good,2024-09-05
3875,12082,Needs Improvement,2025-04-30
3876,6703,Needs Improvement,2025-02-02
3877,14679,Good,2024-10-24
3878,15882,Excellent,2025-03-14
3879,8592,Average,2024-08-14
3880,16548,Average,2024-09-15
3881,3494,Excellent,2025-02-04
3882,14867,Good,2025-06-17
3883,6363,Needs Improvement,2024-08-02
3884,11100,Good,2024-09-28
3885,14797,Average,2024-07-31
3886,8177,Good,2024-12-12
3887,5571,Good,2024-09-16
3888,13473,Good,2025-06-29
3889,7741,Good,2025-01-17
3890,3760,Needs Improvement,2025-01-20
3891,11222,Good,2025-02-10
3892,11814,Good,2024-08-23
3893,3888,Excellent,2025-03-26
3894,4290,Excellent,2025-05-03
3895,8227,Average,2024-09-21
3896,15923,Needs Improvement,2025-05-17
3897,8269,Excellent,2024-12-29
3898,19502,Excellent,2024-08-25
3899,12157,Excellent,2025-02-13
3900,12495,Good,2024-10-05
3901,16628,Excellent,2024-09-03
3902,2925,Good,2024-10-18
3903,11083,Excellent,2025-06-03
3904,17379,Average,2024-08-11
3905,5285,Needs Improvement,2024-11-30
3906,10922,Needs Improvement,2025-04-07
3907,14495,Good,2025-06-08
3908,14669,Excellent,2025-04-17
3909,2494,Good,2025-02-12
3910,15508,Good,2024-09-30
3911,964,Needs Improvement,2025-06-06
3912,12216,Excellent,2024-08-13
3913,10387,Excellent,2024-07-12
3914,9962,Average,2024-07-23
3915,11375,Needs Improvement,2024-08-11
3916,18896,Excellent,2024-09-12
3917,7751,Good,2024-08-05
3918,3604,Needs Improvement,2025-02-17
3919,5971,Needs Improvement,2025-02-09
3920,13957,Needs Improvement,2024-08-12
3921,14344,Excellent,2025-02-06
3922,12798,Needs Improvement,2025-02-08
3923,3174,Average,2025-02-25
3924,19644,Needs Improvement,2025-05-01
3925,14560,Average,2025-05-17
3926,13128,Excellent,2024-09-08
3927,17456,Average,2024-07-07
3928,5278,Excellent,2024-10-06
3929,11266,Needs Improvement,2024-11-15
3930,14487,Excellent,2025-06-17
3931,10181,Average,2025-01-30
3932,6426,Good,2024-07-25
3933,19848,Excellent,2024-07-17
3934,6318,Needs Improvement,2024-12-26
3935,10094,Excellent,2025-02-09
3936,4300,Good,2025-01-26
3937,14779,Good,2025-06-22
3938,11528,Good,2024-10-15
3939,513,Good,2025-03-23
3940,3669,Excellent,2025-05-11
3941,9467,Needs Improvement,2025-05-27
3942,8265,Good,2025-02-17
3943,10216,Excellent,2024-11-05
3944,7925,Average,2025-03-13
3945,16185,Average,2025-03-29
3946,5719,Good,2024-08-21
3947,12249,Excellent,2025-05-11
3948,16475,Average,2025-05-06
3949,10568,Needs Improvement,2025-04-16
3950,5610,Excellent,2024-08-29
3951,6836,Good,2024-09-03
3952,1656,Excellent,2025-02-03
3953,18682,Excellent,2025-05-22
3954,1734,Excellent,2025-01-15
3955,16332,Good,2024-10-03
3956,16899,Average,2025-07-03
3957,10493,Excellent,2025-05-21
3958,8730,Good,2025-01-16
3959,8387,Needs Improvement,2024-12-15
3960,10356,Average,2024-10-11
3961,14232,Needs Improvement,2025-05-11
3962,8255,Good,2024-09-18
3963,7167,Average,2024-10-01
3964,1821,Excellent,2024-07-09
3965,4094,Good,2024-11-18
3966,11963,Average,2024-12-19
3967,14925,Excellent,2024-11-23
3968,3875,Excellent,2025-02-17
3969,5931,Average,2025-01-01
3970,8779,Good,2025-05-16
3971,12885,Good,2025-01-19
3972,1870,Good,2024-09-14
3973,19901,Good,2024-08-27
3974,2907,Good,2024-07-31
3975,7918,Good,2025-05-20
3976,11388,Needs Improvement,2024-10-29
3977,18188,Excellent,2024-10-31
3978,3907,Excellent,2024-07-27
3979,13128,Good,2024-07-11
3980,6617,Average,2025-05-21
3981,3189,Average,2025-05-07
3982,16610,Average,2024-10-28
3983,13011,Excellent,2025-01-08
3984,5880,Average,2024-10-16
3985,4232,Needs Improvement,2025-05-27
3986,13279,Excellent,2025-05-10
3987,2033,Excellent,2025-05-02
3988,1751,Average,2025-05-31
3989,906,Needs Improvement,2024-11-29
3990,7098,Average,2025-06-01
3991,9294,Excellent,2025-03-29
3992,16056,Excellent,2024-11-26
3993,15319,Excellent,2024-11-23
3994,12039,Needs Improvement,2025-05-06
3995,623,Excellent,2024-10-08
3996,1917,Excellent,2024-11-19
3997,9670,Excellent,2024-07-14
3998,15287,Needs Improvement,2025-05-12
3999,3307,Needs Improvement,2024-10-26
4000,10189,Excellent,2025-06-06
4001,11963,Good,2024-08-01
4002,3989,Good,2024-10-26
4003,16968,Needs Improvement,2024-09-29
4004,4779,Needs Improvement,2025-02-06
4005,14732,Excellent,2025-01-06
4006,14538,Good,2025-03-17
4007,8906,Needs Improvement,2024-11-29
4008,18935,Good,2024-11-19
4009,2070,Good,2024-12-16
4010,204,Good,2024-08-14
4011,8290,Excellent,2025-06-05
4012,15658,Excellent,2024-09-17
4013,11336,Excellent,2025-01-16
4014,15233,Good,2024-09-03
4015,11365,Average,2024-12-15
4016,19325,Average,2025-01-24
4017,13762,Needs Improvement,2024-07-11
4018,2457,Needs Improvement,2024-09-20
4019,18919,Average,2025-07-03
4020,3029,Needs Improvement,2025-05-12
4021,17999,Average,2025-03-10
4022,3795,Needs Improvement,2025-06-01
4023,8852,Average,2024-10-07
4024,10078,Average,2024-09-20
4025,5468,Average,2024-08-11
4026,12126,Excellent,2024-08-09
4027,613,Good,2024-07-08
4028,15911,Average,2024-11-27
4029,6453,Needs Improvement,2024-12-26
4030,18648,Good,2024-12-08
4031,14320,Average,2024-08-23
4032,1823,Excellent,2025-06-25
4033,209,Average,2025-04-21
4034,75,Average,2025-03-20
4035,19184,Average,2025-07-01
4036,19176,Average,2025-03-01
4037,9993,Average,2025-02-18
4038,17120,Good,2024-08-10
4039,1069,Average,2024-07-19
4040,8008,Good,2025-06-18
4041,13513,Good,2024-07-12
4042,18060,Good,2025-04-22
4043,6626,Good,2025-06-12
4044,16111,Average,2025-02-19
4045,10053,Average,2024-07-23
4046,5568,Needs Improvement,2024-08-04
4047,5398,Excellent,2024-12-11
4048,12736,Good,2025-05-09
4049,8057,Needs Improvement,2025-07-04
4050,1232,Average,2024-07-10
4051,3254,Excellent,2025-03-23
4052,685,Needs Improvement,2025-05-08
4053,2298,Excellent,2025-06-05
4054,2320,Needs Improvement,2025-06-04
4055,16045,Good,2025-05-19
4056,11645,Needs Improvement,2025-01-06
4057,14163,Good,2025-05-26
4058,3897,Average,2024-10-06
4059,16850,Needs Improvement,2025-05-20
4060,15854,Needs Improvement,2025-06-07
4061,7830,Average,2025-06-24
4062,6275,Good,2024-12-29
4063,11164,Average,2024-11-10
4064,18344,Good,2025-05-14
4065,11851,Needs Improvement,2025-03-04
4066,10787,Good,2025-06-30
4067,15434,Good,2024-11-08
4068,4053,Excellent,2025-03-18
4069,3404,Excellent,2025-06-10
4070,1127,Needs Improvement,2024-07-25
4071,19000,Good,2025-01-05
4072,3784,Average,2024-10-10
4073,1805,Average,2024-09-17
4074,6922,Average,2024-12-13
4075,18439,Average,2024-11-13
4076,897,Needs Improvement,2024-07-26
4077,6852,Excellent,2025-01-06
4078,15975,Good,2025-03-22
4079,8242,Average,2025-04-06
4080,2626,Good,2024-10-22
4081,10434,Excellent,2024-09-01
4082,19827,Average,2024-11-05
4083,10147,Average,2024-10-30
4084,437,Average,2025-01-30
4085,1677,Average,2025-05-04
4086,14844,Good,2024-08-19
4087,12191,Average,2025-01-04
4088,5624,Average,2024-11-23
4089,19868,Average,2024-08-09
4090,19390,Needs Improvement,2025-04-14
4091,15445,Needs Improvement,2025-05-02
4092,11330,Good,2024-09-04
4093,7646,Good,2024-08-23
4094,12797,Average,2025-04-25
4095,4421,Needs Improvement,2024-11-18
4096,18475,Excellent,2025-06-25
4097,6204,Average,2024-08-12
4098,19781,Average,2025-01-29
4099,14550,Needs Improvement,2024-07-13
4100,8318,Average,2024-10-11
4101,18609,Good,2025-03-20
4102,10406,Good,2025-07-01
4103,7902,Needs Improvement,2025-04-11
4104,17833,Good,2024-09-13
4105,6168,Excellent,2024-12-02
4106,15070,Excellent,2025-07-03
4107,18574,Good,2024-08-13
4108,17006,Average,2025-02-08
4109,1529,Needs Improvement,2024-12-02
4110,9081,Average,2024-07-15
4111,12376,Good,2025-06-12
4112,10532,Average,2025-04-24
4113,180,Good,2025-01-14
4114,14461,Excellent,2025-05-16
4115,15740,Excellent,2024-09-08
4116,3485,Average,2025-02-07
4117,10735,Needs Improvement,2024-11-03
4118,15008,Excellent,2024-09-29
4119,11354,Needs Improvement,2024-12-04
4120,1979,Excellent,2025-02-05
4121,1808,Excellent,2024-11-24
4122,19419,Average,2024-07-31
4123,5799,Average,2025-06-17
4124,7270,Good,2025-06-01
4125,17218,Needs Improvement,2025-06-11
4126,17457,Average,2025-02-27
4127,13421,Average,2024-07-31
4128,4037,Needs Improvement,2024-07-23
4129,6294,Good,2025-02-04
4130,10478,Excellent,2025-07-02
4131,12024,Average,2024-12-18
4132,12010,Good,2024-08-14
4133,284,Good,2025-01-07
4134,15826,Average,2024-08-02
4135,13160,Excellent,2025-05-21
4136,12370,Average,2024-09-23
4137,14243,Excellent,2024-07-28
4138,667,Good,2024-08-13
4139,6239,Excellent,2025-04-25
4140,9330,Average,2025-01-17
4141,11722,Good,2025-05-20
4142,16786,Excellent,2024-10-30
4143,822,Needs Improvement,2024-09-15
4144,5404,Average,2024-07-07
4145,5378,Good,2024-09-16
4146,5573,Needs Improvement,2024-08-25
4147,6548,Needs Improvement,2024-08-21
4148,19535,Excellent,2024-07-12
4149,4892,Average,2024-10-15
4150,18299,Excellent,2025-06-17
4151,12049,Good,2025-03-26
4152,6623,Excellent,2025-05-19
4153,15677,Average,2024-08-28
4154,4252,Good,2024-09-07
4155,12404,Excellent,2024-12-25
4156,6197,Average,2024-12-12
4157,1164,Average,2025-05-13
4158,13255,Excellent,2024-10-13
4159,18096,Excellent,2024-09-07
4160,13266,Needs Improvement,2025-01-23
4161,8820,Needs Improvement,2024-12-11
4162,19009,Average,2024-07-28
4163,18209,Average,2025-02-11
4164,14607,Excellent,2024-07-22
4165,9125,Needs Improvement,2024-10-08
4166,16623,Excellent,2025-05-13
4167,12758,Average,2025-06-07
4168,13943,Excellent,2025-03-06
4169,19753,Excellent,2024-11-07
4170,3604,Needs Improvement,2025-02-22
4171,7523,Average,2024-10-30
4172,15948,Average,2025-05-29
4173,1761,Needs Improvement,2025-02-05
4174,18339,Excellent,2025-01-22
4175,8964,Needs Improvement,2024-07-24
4176,18393,Excellent,2024-11-12
4177,9163,Needs Improvement,2024-07-20
4178,7509,Needs Improvement,2025-07-06
4179,9057,Average,2024-11-18
4180,15870,Average,2024-10-17
4181,15403,Needs Improvement,2025-05-27
4182,6385,Needs Improvement,2024-08-21
4183,7371,Good,2024-11-08
4184,10394,Excellent,2024-12-18
4185,4055,Average,2025-06-27
4186,12049,Average,2024-09-20
4187,31,Needs Improvement,2025-06-26
4188,9897,Excellent,2025-03-16
4189,12498,Needs Improvement,2024-10-29
4190,932,Excellent,2025-05-19
4191,5686,Average,2025-01-05
4192,10576,Needs Improvement,2024-07-11
4193,9885,Average,2024-09-22
4194,16486,Average,2024-08-13
4195,13593,Excellent,2025-01-25
4196,3091,Needs Improvement,2025-03-19
4197,15321,Good,2024-09-17
4198,7268,Average,2024-08-23
4199,14541,Good,2024-11-21
4200,2504,Good,2025-03-16
4201,12798,Needs Improvement,2024-10-10
4202,11933,Average,2025-07-05
4203,19441,Needs Improvement,2025-03-03
4204,7574,Excellent,2025-03-25
4205,13905,Needs Improvement,2025-05-13
4206,3630,Excellent,2025-07-01
4207,7449,Average,2025-04-30
4208,11579,Excellent,2025-02-04
4209,14803,Average,2024-11-27
4210,11466,Good,2025-01-24
4211,8985,Average,2025-03-11
4212,3835,Average,2024-11-07
4213,1269,Good,2025-05-24
4214,658,Needs Improvement,2024-11-06
4215,5602,Excellent,2025-02-20
4216,11969,Excellent,2025-05-12
4217,5129,Good,2024-08-15
4218,18243,Excellent,2025-06-26
4219,19115,Average,2025-02-27
4220,17944,Average,2025-03-10
4221,6200,Good,2025-05-19
4222,11625,Needs Improvement,2025-03-19
4223,19578,Average,2024-11-19
4224,1483,Good,2025-06-29
4225,13761,Good,2024-10-08
4226,5143,Good,2024-12-22
4227,12378,Average,2025-01-07
4228,15125,Excellent,2024-07-28
4229,11304,Excellent,2025-06-13
4230,17948,Needs Improvement,2024-10-05
4231,6588,Excellent,2024-08-17
4232,8836,Average,2024-11-19
4233,14237,Good,2025-05-15
4234,8177,Average,2024-08-20
4235,16403,Good,2025-01-17
4236,8417,Good,2025-05-10
4237,8845,Good,2025-04-05
4238,11392,Excellent,2024-10-07
4239,19273,Average,2024-10-31
4240,18806,Needs Improvement,2024-07-18
4241,10407,Good,2025-01-26
4242,18977,Average,2025-06-25
4243,9350,Average,2025-04-04
4244,16963,Good,2024-08-17
4245,11754,Average,2024-12-06
4246,3688,Excellent,2025-04-01
4247,16546,Good,2025-04-23
4248,9722,Good,2024-09-18
4249,10479,Excellent,2024-08-18
4250,11972,Good,2024-12-09
4251,9140,Needs Improvement,2024-11-14
4252,16124,Needs Improvement,2024-08-09
4253,17134,Average,2024-10-10
4254,108,Excellent,2025-06-21
4255,17389,Average,2025-07-01
4256,14074,Average,2024-11-30
4257,16006,Good,2025-01-04
4258,3693,Excellent,2024-12-01
4259,9094,Excellent,2025-04-21
4260,388,Good,2025-04-05
4261,1113,Good,2025-01-08
4262,30,Excellent,2025-01-23
4263,11561,Good,2024-12-05
4264,13199,Good,2025-06-21
4265,17479,Good,2024-08-27
4266,13614,Needs Improvement,2025-04-13
4267,4245,Good,2025-03-24
4268,17778,Excellent,2025-06-22
4269,9593,Average,2024-12-20
4270,15168,Good,2025-02-08
4271,19725,Needs Improvement,2024-10-08
4272,1814,Needs Improvement,2024-07-19
4273,16883,Average,2024-10-25
4274,19652,Excellent,2024-12-03
4275,11804,Excellent,2024-10-30
4276,636,Needs Improvement,2024-11-11
4277,8402,Good,2024-08-04
4278,378,Average,2024-12-09
4279,9928,Good,2025-01-17
4280,15333,Excellent,2024-08-26
4281,11410,Excellent,2024-09-16
4282,3292,Average,2024-11-21
4283,4573,Good,2025-05-11
4284,15794,Excellent,2025-03-02
4285,7370,Needs Improvement,2025-03-07
4286,6794,Average,2024-12-28
4287,9820,Average,2024-12-18
4288,17358,Excellent,2025-05-29
4289,8768,Excellent,2024-11-15
4290,18518,Needs Improvement,2025-02-09
4291,6095,Needs Improvement,2024-11-08
4292,11066,Needs Improvement,2025-04-22
4293,262,Average,2025-05-07
4294,11343,Average,2025-05-11
4295,1085,Good,2024-09-08
4296,18027,Excellent,2024-09-29
4297,1354,Good,2025-03-27
4298,18543,Excellent,2025-02-05
4299,19552,Needs Improvement,2024-07-31
4300,8979,Needs Improvement,2024-08-25
4301,15942,Good,2025-05-09
4302,9869,Average,2025-02-23
4303,13386,Average,2025-02-15
4304,10773,Needs Improvement,2025-02-25
4305,14144,Average,2024-11-18
4306,3953,Excellent,2025-06-16
4307,14982,Good,2025-01-24
4308,13323,Average,2024-09-27
4309,6765,Excellent,2025-06-28
4310,10031,Average,2024-10-20
4311,12144,Needs Improvement,2025-03-12
4312,4751,Good,2025-03-11
4313,5962,Needs Improvement,2024-10-22
4314,2906,Needs Improvement,2025-02-08
4315,7038,Average,2024-09-01
4316,12122,Excellent,2025-02-10
4317,751,Average,2025-03-16
4318,15256,Good,2024-12-13
4319,15918,Average,2024-07-19
4320,7312,Needs Improvement,2025-04-30
4321,14249,Excellent,2024-10-11
4322,1677,Good,2025-01-29
4323,14672,Good,2025-06-12
4324,1237,Average,2024-10-02
4325,13575,Average,2025-01-23
4326,9888,Good,2025-01-26
4327,12102,Good,2024-08-23
4328,9016,Needs Improvement,2025-05-28
4329,5643,Needs Improvement,2025-04-10
4330,13005,Excellent,2025-02-02
4331,15477,Average,2025-05-28
4332,18031,Excellent,2024-10-27
4333,17071,Needs Improvement,2025-02-05
4334,2444,Needs Improvement,2024-12-29
4335,6643,Needs Improvement,2024-10-22
4336,13480,Good,2024-12-05
4337,5947,Good,2025-06-13
4338,10690,Average,2024-08-02
4339,9733,Good,2025-06-12
4340,7555,Average,2024-09-21
4341,10128,Needs Improvement,2025-01-16
4342,10095,Good,2024-07-18
4343,16397,Average,2024-11-03
4344,64,Good,2025-01-12
4345,5026,Average,2025-02-10
4346,16733,Good,2024-07-25
4347,6680,Good,2024-09-22
4348,6272,Excellent,2025-05-16
4349,8397,Needs Improvement,2024-11-03
4350,1230,Good,2024-10-29
4351,11199,Good,2025-04-06
4352,5497,Average,2024-07-31
4353,9566,Excellent,2025-06-29
4354,7858,Good,2024-10-08
4355,1122,Average,2024-09-17
4356,12068,Excellent,2025-06-08
4357,209,Excellent,2024-08-25
4358,3490,Good,2025-05-13
4359,125,Average,2025-03-10
4360,16762,Excellent,2024-10-13
4361,13337,Excellent,2024-10-26
4362,4175,Good,2024-11-12
4363,7249,Needs Improvement,2025-04-08
4364,5466,Good,2024-11-09
4365,3805,Average,2025-06-18
4366,16037,Excellent,2024-11-29
4367,16718,Excellent,2025-01-05
4368,5840,Needs Improvement,2025-05-08
4369,18569,Good,2024-10-18
4370,5821,Good,2024-10-05
4371,15414,Average,2025-04-26
4372,3501,Good,2025-02-02
4373,1689,Good,2025-02-16
4374,19095,Average,2024-07-17
4375,7237,Average,2024-08-03
4376,18869,Good,2024-09-25
4377,15562,Average,2025-04-11
4378,7447,Average,2025-06-07
4379,17984,Excellent,2025-05-29
4380,18011,Good,2024-12-12
4381,16352,Needs Improvement,2024-10-16
4382,10032,Average,2025-01-28
4383,12648,Excellent,2024-10-04
4384,19540,Excellent,2025-02-04
4385,19665,Average,2025-02-15
4386,12665,Good,2024-08-27
4387,5502,Good,2024-11-19
4388,16666,Good,2024-09-16
4389,7437,Good,2025-06-05
4390,5979,Good,2025-06-17
4391,13220,Needs Improvement,2024-07-09
4392,14761,Excellent,2024-08-08
4393,3934,Good,2024-07-28
4394,13622,Excellent,2024-11-25
4395,17945,Average,2024-11-04
4396,15205,Average,2024-10-17
4397,18242,Needs Improvement,2024-07-09
4398,16439,Good,2024-09-09
4399,1038,Average,2024-12-07
4400,311,Needs Improvement,2024-09-25
4401,12934,Needs Improvement,2025-02-21
4402,8208,Average,2025-07-01
4403,18840,Excellent,2024-08-21
4404,14819,Needs Improvement,2025-02-25
4405,14329,Good,2025-03-21
4406,6371,Needs Improvement,2025-01-28
4407,13510,Excellent,2025-02-01
4408,9772,Average,2025-03-11
4409,18688,Average,2024-08-26
4410,6651,Needs Improvement,2025-03-09
4411,9998,Needs Improvement,2025-07-01
4412,10937,Needs Improvement,2024-10-16
4413,19682,Excellent,2025-01-11
4414,9907,Good,2024-11-09
4415,8207,Good,2025-04-20
4416,14549,Excellent,2024-08-30
4417,12130,Average,2025-01-09
4418,8355,Average,2024-07-24
4419,13410,Average,2024-09-20
4420,4477,Excellent,2025-03-28
4421,8496,Average,2025-06-30
4422,16834,Needs Improvement,2025-06-15
4423,3259,Average,2024-09-28
4424,9198,Average,2024-08-12
4425,3230,Needs Improvement,2025-06-21
4426,15227,Needs Improvement,2025-05-20
4427,7978,Average,2024-08-25
4428,392,Good,2024-10-07
4429,11900,Excellent,2024-10-01
4430,8487,Needs Improvement,2024-12-02
4431,17837,Needs Improvement,2024-07-09
4432,1305,Excellent,2025-04-16
4433,86,Good,2025-03-07
4434,8539,Needs Improvement,2025-03-04
4435,16233,Needs Improvement,2025-02-25
4436,12855,Excellent,2025-01-17
4437,2886,Excellent,2024-12-02
4438,19617,Excellent,2024-09-26
4439,13249,Average,2024-08-16
4440,9226,Good,2024-10-16
4441,7565,Average,2024-07-09
4442,8096,Good,2024-09-14
4443,9795,Good,2025-04-01
4444,15767,Needs Improvement,2024-08-25
4445,5350,Average,2024-11-26
4446,2862,Needs Improvement,2025-01-05
4447,14408,Average,2024-07-08
4448,3131,Average,2024-09-06
4449,11355,Excellent,2024-12-26
4450,10358,Excellent,2024-10-30
4451,14321,Average,2024-09-26
4452,14192,Average,2025-04-12
4453,5786,Excellent,2024-08-15
4454,5427,Excellent,2024-08-26
4455,19617,Average,2024-11-25
4456,2571,Needs Improvement,2025-04-19
4457,982,Excellent,2024-12-28
4458,8051,Excellent,2024-12-03
4459,6307,Average,2024-08-08
4460,15927,Average,2024-07-19
4461,12523,Average,2025-04-24
4462,19409,Excellent,2024-12-05
4463,6019,Good,2024-07-22
4464,17765,Average,2024-08-09
4465,4218,Excellent,2024-07-09
4466,10908,Average,2025-04-20
4467,967,Average,2025-01-06
4468,3259,Excellent,2024-08-02
4469,6891,Excellent,2024-12-15
4470,1843,Good,2025-02-09
4471,19654,Average,2025-04-06
4472,8826,Needs Improvement,2024-11-06
4473,6241,Average,2025-05-02
4474,2667,Needs Improvement,2025-03-17
4475,8483,Average,2024-10-19
4476,18487,Excellent,2024-12-31
4477,2013,Good,2025-03-27
4478,16823,Needs Improvement,2024-10-21
4479,9724,Good,2025-05-08
4480,18762,Average,2024-09-25
4481,15125,Good,2025-05-19
4482,9033,Excellent,2025-01-23
4483,2448,Average,2024-07-09
4484,17396,Good,2025-01-24
4485,5943,Excellent,2025-02-19
4486,5133,Needs Improvement,2025-04-15
4487,16880,Good,2025-01-26
4488,3161,Average,2024-11-12
4489,16331,Needs Improvement,2024-10-29
4490,11943,Good,2025-06-23
4491,8605,Needs Improvement,2025-01-03
4492,4068,Average,2025-04-24
4493,1393,Good,2024-07-13
4494,7753,Average,2025-01-01
4495,1505,Average,2024-09-10
4496,4221,Excellent,2024-12-25
4497,7931,Excellent,2024-09-17
4498,14077,Average,2025-03-17
4499,1511,Average,2024-10-24
4500,1238,Good,2024-11-07
4501,4203,Average,2024-08-07
4502,19961,Needs Improvement,2024-11-12
4503,15175,Needs Improvement,2024-08-26
4504,8857,Needs Improvement,2024-11-10
4505,6416,Excellent,2024-07-31
4506,3932,Excellent,2025-07-03
4507,9129,Needs Improvement,2024-11-03
4508,14208,Average,2024-07-10
4509,3924,Excellent,2025-05-29
4510,19962,Excellent,2025-07-02
4511,5717,Excellent,2024-12-28
4512,16029,Average,2024-12-18
4513,5835,Excellent,2025-03-28
4514,1604,Average,2024-07-24
4515,7306,Excellent,2024-11-13
4516,4201,Needs Improvement,2025-02-01
4517,6885,Excellent,2024-10-22
4518,1821,Good,2025-05-01
4519,17623,Average,2024-09-02
4520,8366,Average,2024-11-01
4521,8570,Excellent,2024-12-09
4522,2054,Average,2024-10-21
4523,18860,Good,2024-11-28
4524,19905,Good,2024-11-23
4525,17310,Excellent,2025-01-21
4526,13340,Average,2024-08-21
4527,18780,Needs Improvement,2025-03-13
4528,14747,Excellent,2025-02-10
4529,5573,Average,2025-02-10
4530,14485,Needs Improvement,2025-01-02
4531,3701,Excellent,2025-02-11
4532,6453,Needs Improvement,2025-02-25
4533,16505,Average,2024-08-19
4534,7052,Excellent,2025-01-06
4535,9445,Excellent,2025-05-24
4536,12398,Excellent,2024-12-17
4537,874,Good,2025-06-28
4538,12372,Average,2025-05-17
4539,10552,Average,2024-11-03
4540,3279,Needs Improvement,2025-03-31
4541,12692,Excellent,2025-05-03
4542,3888,Excellent,2025-03-16
4543,1545,Excellent,2025-01-14
4544,5628,Good,2025-06-09
4545,19331,Average,2025-02-20
4546,7703,Average,2025-05-21
4547,9545,Good,2025-06-19
4548,1974,Needs Improvement,2025-05-10
4549,17943,Needs Improvement,2025-05-31
4550,18447,Needs Improvement,2025-02-16
4551,10249,Average,2024-07-30
4552,17063,Excellent,2024-11-30
4553,7996,Excellent,2024-09-01
4554,10101,Excellent,2025-03-01
4555,4160,Average,2024-08-26
4556,490,Average,2024-11-30
4557,19959,Excellent,2024-10-07
4558,17151,Needs Improvement,2024-12-03
4559,8217,Needs Improvement,2025-03-10
4560,18508,Needs Improvement,2024-12-11
4561,2289,Average,2025-02-15
4562,12630,Average,2024-09-20
4563,3604,Needs Improvement,2024-09-05
4564,14450,Average,2024-09-03
4565,874,Excellent,2024-08-16
4566,8694,Needs Improvement,2025-01-14
4567,9297,Good,2024-08-11
4568,4058,Average,2024-11-12
4569,8086,Average,2024-10-14
4570,19139,Average,2025-02-23
4571,10221,Average,2025-06-10
4572,4791,Needs Improvement,2024-09-27
4573,7092,Good,2024-08-21
4574,11228,Average,2025-05-29
4575,15431,Excellent,2025-06-27
4576,8445,Needs Improvement,2025-03-14
4577,98,Needs Improvement,2025-03-07
4578,4440,Average,2025-01-02
4579,10137,Needs Improvement,2024-11-12
4580,13764,Excellent,2025-04-02
4581,16758,Good,2025-04-14
4582,9999,Needs Improvement,2024-08-16
4583,12779,Good,2025-05-24
4584,250,Average,2024-11-10
4585,16247,Excellent,2024-12-25
4586,2151,Excellent,2024-12-20
4587,17257,Excellent,2025-05-17
4588,15643,Average,2025-06-01
4589,8697,Good,2024-09-16
4590,19798,Excellent,2024-09-28
4591,16500,Needs Improvement,2025-06-07
4592,9461,Needs Improvement,2024-11-22
4593,15590,Excellent,2025-06-04
4594,13121,Good,2025-03-24
4595,5440,Average,2025-05-31
4596,12822,Average,2024-12-30
4597,7234,Needs Improvement,2024-09-28
4598,1752,Needs Improvement,2024-08-10
4599,16719,Good,2025-01-11
4600,7240,Excellent,2024-08-12
4601,7548,Needs Improvement,2024-09-03
4602,2388,Good,2024-08-21
4603,1618,Good,2024-09-09
4604,19745,Excellent,2024-08-24
4605,13894,Average,2025-02-13
4606,13914,Average,2024-10-25
4607,11058,Good,2024-07-09
4608,6125,Needs Improvement,2024-09-01
4609,15058,Excellent,2025-04-04
4610,16958,Average,2025-05-26
4611,3286,Needs Improvement,2025-03-13
4612,11109,Excellent,2024-11-30
4613,3060,Average,2025-07-02
4614,7027,Good,2025-06-27
4615,16710,Good,2025-05-28
4616,12528,Average,2025-01-29
4617,4502,Needs Improvement,2024-11-21
4618,19339,Average,2024-07-30
4619,2703,Average,2025-01-14
4620,19239,Excellent,2024-09-04
4621,5576,Needs Improvement,2024-07-06
4622,16084,Good,2025-01-03
4623,8215,Needs Improvement,2025-05-19
4624,11549,Average,2024-08-16
4625,51,Good,2025-01-22
4626,8156,Good,2025-06-20
4627,12107,Average,2024-12-21
4628,6577,Average,2024-11-17
4629,1723,Good,2025-03-16
4630,4420,Good,2025-02-17
4631,17958,Excellent,2024-10-13
4632,14047,Good,2025-02-15
4633,156,Excellent,2024-08-23
4634,15522,Average,2025-05-14
4635,9177,Excellent,2024-11-25
4636,18018,Good,2024-12-28
4637,11597,Good,2025-02-09
4638,13717,Needs Improvement,2024-10-17
4639,5120,Needs Improvement,2024-08-06
4640,10049,Average,2025-03-23
4641,11752,Needs Improvement,2024-11-09
4642,15573,Needs Improvement,2024-08-01
4643,17050,Average,2024-11-19
4644,278,Needs Improvement,2025-01-06
4645,18625,Good,2025-04-19
4646,3462,Needs Improvement,2025-03-23
4647,19852,Good,2025-05-04
4648,652,Excellent,2024-08-27
4649,11551,Average,2024-07-10
4650,17834,Excellent,2024-10-27
4651,1583,Good,2024-12-05
4652,4047,Good,2024-12-22
4653,10828,Excellent,2024-11-12
4654,18460,Excellent,2024-09-07
4655,9180,Average,2025-06-24
4656,14918,Excellent,2025-05-16
4657,15232,Average,2025-03-11
4658,17743,Needs Improvement,2025-04-05
4659,2960,Average,2025-03-09
4660,3571,Average,2024-10-30
4661,16290,Needs Improvement,2025-04-16
4662,10378,Average,2024-11-05
4663,1787,Average,2024-08-19
4664,15092,Excellent,2024-11-01
4665,10711,Average,2024-07-11
4666,17806,Needs Improvement,2024-11-17
4667,10913,Good,2025-02-27
4668,2352,Average,2025-01-25
4669,19315,Excellent,2024-11-06
4670,19210,Needs Improvement,2025-02-28
4671,13230,Average,2024-09-15
4672,3498,Excellent,2024-10-17
4673,15005,Needs Improvement,2024-12-05
4674,19221,Average,2024-07-19
4675,14488,Good,2025-03-23
4676,14442,Needs Improvement,2024-10-30
4677,3889,Needs Improvement,2024-07-11
4678,18240,Excellent,2025-01-15
4679,17027,Excellent,2025-03-17
4680,14129,Needs Improvement,2024-08-06
4681,16739,Average,2025-03-27
4682,14705,Average,2024-12-24
4683,11182,Excellent,2025-04-17
4684,18492,Excellent,2025-02-10
4685,989,Good,2024-12-01
4686,5887,Good,2024-12-25
4687,14270,Average,2024-08-05
4688,16522,Good,2024-12-01
4689,15853,Excellent,2025-02-14
4690,19978,Average,2025-01-25
4691,19924,Good,2025-03-18
4692,11401,Average,2025-06-27
4693,19492,Average,2025-04-22
4694,14944,Needs Improvement,2025-03-24
4695,7193,Excellent,2025-06-09
4696,13181,Good,2024-12-20
4697,12086,Excellent,2025-05-16
4698,10842,Excellent,2024-08-15
4699,1720,Needs Improvement,2025-01-29
4700,19209,Good,2024-07-13
4701,18735,Good,2024-09-19
4702,16384,Needs Improvement,2024-12-16
4703,1446,Needs Improvement,2024-07-29
4704,8526,Needs Improvement,2024-08-17
4705,18383,Needs Improvement,2025-05-23
4706,7789,Excellent,2024-12-15
4707,18153,Excellent,2025-05-14
4708,15880,Average,2025-01-23
4709,6259,Needs Improvement,2025-04-25
4710,2113,Excellent,2025-02-07
4711,17868,Excellent,2025-02-06
4712,7161,Good,2024-08-13
4713,16475,Average,2025-04-12
4714,12218,Average,2025-01-05
4715,13196,Average,2024-07-16
4716,7460,Good,2025-03-15
4717,19781,Average,2024-08-26
4718,10354,Average,2024-12-16
4719,5911,Needs Improvement,2024-10-11
4720,11299,Average,2024-08-27
4721,5176,Excellent,2025-01-18
4722,7407,Average,2025-06-09
4723,14128,Needs Improvement,2024-10-28
4724,19195,Average,2025-03-08
4725,6246,Average,2024-08-25
4726,4250,Average,2024-10-22
4727,8332,Needs Improvement,2024-08-13
4728,10450,Average,2024-12-10
4729,5074,Needs Improvement,2025-03-01
4730,11230,Average,2024-10-26
4731,17526,Needs Improvement,2025-02-03
4732,6254,Needs Improvement,2024-11-12
4733,1326,Needs Improvement,2025-02-14
4734,8212,Excellent,2025-06-14
4735,2850,Needs Improvement,2025-04-24
4736,13144,Needs Improvement,2024-07-23
4737,15956,Needs Improvement,2024-11-21
4738,12280,Needs Improvement,2025-05-27
4739,3953,Average,2024-07-27
4740,99,Good,2024-08-01
4741,19256,Excellent,2025-06-01
4742,6764,Needs Improvement,2024-12-29
4743,16819,Good,2025-05-09
4744,11120,Good,2025-02-02
4745,8872,Average,2025-03-03
4746,4608,Good,2025-03-24
4747,4307,Average,2025-03-26
4748,17203,Average,2025-01-05
4749,15662,Needs Improvement,2025-07-03
4750,11142,Needs Improvement,2025-03-12
4751,18524,Excellent,2025-05-17
4752,12758,Needs Improvement,2025-01-13
4753,14216,Needs Improvement,2024-09-09
4754,2851,Needs Improvement,2024-09-17
4755,17303,Excellent,2024-11-10
4756,16644,Average,2024-12-14
4757,11303,Good,2024-09-03
4758,19080,Good,2025-03-19
4759,16880,Average,2025-04-29
4760,19883,Needs Improvement,2025-06-03
4761,14843,Good,2025-06-25
4762,14737,Needs Improvement,2025-01-20
4763,17507,Average,2025-01-18
4764,8934,Excellent,2024-10-26
4765,494,Good,2025-06-04
4766,19012,Average,2024-10-22
4767,16051,Needs Improvement,2025-06-08
4768,15189,Excellent,2025-01-26
4769,1328,Needs Improvement,2024-11-04
4770,17348,Needs Improvement,2024-11-08
4771,2615,Good,2024-10-29
4772,9374,Average,2025-02-16
4773,3112,Average,2024-08-27
4774,4007,Excellent,2025-01-06
4775,946,Needs Improvement,2025-03-17
4776,10389,Good,2024-09-26
4777,7516,Average,2024-10-07
4778,19810,Needs Improvement,2024-11-15
4779,4042,Needs Improvement,2024-12-11
4780,7653,Average,2024-08-18
4781,6940,Excellent,2025-05-02
4782,3309,Excellent,2025-06-05
4783,4107,Average,2024-11-11
4784,6830,Excellent,2025-03-23
4785,14201,Needs Improvement,2024-10-20
4786,6152,Excellent,2024-08-22
4787,1909,Average,2025-05-29
4788,14295,Good,2024-10-31
4789,18790,Excellent,2025-03-11
4790,19244,Good,2024-08-30
4791,18444,Good,2025-05-02
4792,24,Average,2024-11-19
4793,16787,Good,2025-04-03
4794,3730,Excellent,2024-12-01
4795,3890,Average,2025-05-20
4796,11333,Average,2024-08-14
4797,17047,Good,2025-04-01
4798,11703,Average,2024-11-13
4799,5939,Excellent,2024-07-14
4800,2724,Good,2025-03-13
4801,17800,Needs Improvement,2025-05-26
4802,1136,Good,2024-11-17
4803,10412,Average,2024-08-19
4804,25,Average,2025-04-08
4805,10753,Average,2024-08-31
4806,7061,Good,2025-04-06
4807,12737,Needs Improvement,2025-05-29
4808,615,Average,2025-06-08
4809,803,Good,2024-09-16
4810,19486,Needs Improvement,2025-06-16
4811,12521,Good,2024-12-08
4812,8000,Average,2025-05-05
4813,3269,Needs Improvement,2024-07-24
4814,14580,Average,2024-11-20
4815,3316,Average,2024-08-12
4816,1326,Excellent,2024-08-24
4817,2626,Average,2025-05-21
4818,5845,Average,2024-11-13
4819,15780,Average,2024-11-24
4820,16191,Excellent,2024-10-18
4821,11606,Needs Improvement,2024-09-09
4822,9178,Average,2024-10-01
4823,545,Needs Improvement,2024-12-18
4824,987,Good,2025-04-03
4825,10421,Average,2025-05-20
4826,3651,Needs Improvement,2025-04-11
4827,102,Needs Improvement,2025-01-28
4828,2771,Average,2024-08-18
4829,1014,Needs Improvement,2024-08-28
4830,14605,Needs Improvement,2024-10-26
4831,3603,Needs Improvement,2025-02-27
4832,17186,Good,2025-01-09
4833,12521,Good,2025-02-05
4834,19333,Average,2024-08-03
4835,13244,Needs Improvement,2024-12-19
4836,19144,Excellent,2024-07-22
4837,8219,Good,2024-12-05
4838,9353,Average,2025-01-02
4839,5832,Good,2024-09-17
4840,11070,Excellent,2025-02-24
4841,8817,Excellent,2025-05-20
4842,17611,Needs Improvement,2025-03-06
4843,8229,Excellent,2024-07-19
4844,9795,Good,2024-08-10
4845,9945,Good,2024-07-23
4846,2038,Good,2025-03-16
4847,9662,Needs Improvement,2025-06-17
4848,14870,Needs Improvement,2024-07-20
4849,7929,Average,2024-09-13
4850,4632,Good,2025-05-26
4851,17655,Average,2025-01-27
4852,886,Needs Improvement,2024-12-27
4853,7415,Average,2025-03-03
4854,1856,Good,2024-09-06
4855,10753,Good,2025-06-15
4856,6368,Needs Improvement,2025-06-11
4857,18243,Good,2025-03-04
4858,15399,Good,2025-06-16
4859,7003,Needs Improvement,2025-04-23
4860,2470,Needs Improvement,2024-09-15
4861,16209,Excellent,2025-04-26
4862,7853,Good,2025-06-20
4863,18442,Needs Improvement,2025-04-13
4864,11204,Average,2025-05-31
4865,19303,Needs Improvement,2024-09-19
4866,4870,Good,2024-09-14
4867,1857,Needs Improvement,2024-12-17
4868,11163,Excellent,2024-10-05
4869,10420,Needs Improvement,2024-11-17
4870,8954,Excellent,2024-10-11
4871,8194,Average,2025-07-04
4872,19629,Needs Improvement,2024-07-27
4873,5475,Excellent,2025-01-24
4874,15355,Good,2025-02-26
4875,9843,Excellent,2024-09-22
4876,17713,Good,2024-12-05
4877,5261,Average,2024-08-22
4878,543,Excellent,2024-09-03
4879,11075,Needs Improvement,2025-07-04
4880,9400,Needs Improvement,2024-07-24
4881,5571,Good,2025-06-21
4882,1060,Good,2024-10-27
4883,2062,Needs Improvement,2025-04-13
4884,3747,Average,2024-10-23
4885,13923,Good,2025-06-04
4886,2320,Needs Improvement,2025-01-19
4887,7771,Needs Improvement,2024-07-18
4888,12195,Average,2024-07-20
4889,7307,Average,2024-09-24
4890,2991,Excellent,2024-11-28
4891,12332,Average,2025-03-31
4892,7582,Good,2025-04-29
4893,9806,Excellent,2025-02-25
4894,2163,Excellent,2025-06-28
4895,15280,Excellent,2025-05-29
4896,3777,Average,2025-02-22
4897,18556,Needs Improvement,2025-03-30
4898,7004,Average,2025-03-12
4899,14694,Average,2025-05-24
4900,17009,Excellent,2025-06-29
4901,12294,Needs Improvement,2024-09-21
4902,9921,Average,2025-02-01
4903,14855,Average,2025-06-11
4904,932,Needs Improvement,2024-07-07
4905,13427,Needs Improvement,2024-11-02
4906,8896,Good,2024-09-08
4907,4254,Needs Improvement,2025-01-23
4908,13744,Average,2024-10-28
4909,13055,Average,2025-07-05
4910,10286,Good,2024-10-03
4911,2951,Excellent,2025-05-11
4912,6001,Good,2025-04-23
4913,2724,Excellent,2025-06-25
4914,19362,Needs Improvement,2025-01-02
4915,11519,Average,2025-04-09
4916,19342,Excellent,2024-12-23
4917,17085,Average,2024-11-04
4918,1496,Needs Improvement,2025-03-05
4919,11716,Needs Improvement,2025-03-24
4920,14382,Excellent,2025-01-01
4921,17646,Excellent,2024-08-05
4922,10155,Needs Improvement,2025-06-11
4923,9581,Good,2024-12-25
4924,13369,Needs Improvement,2024-11-14
4925,7857,Excellent,2025-04-03
4926,16771,Average,2024-11-24
4927,7975,Average,2025-03-17
4928,19763,Average,2024-07-10
4929,13354,Good,2025-03-18
4930,2155,Average,2025-05-15
4931,7100,Excellent,2024-08-25
4932,10183,Average,2025-01-23
4933,13702,Needs Improvement,2025-03-05
4934,2924,Average,2025-04-15
4935,2715,Good,2024-10-15
4936,13953,Good,2024-07-09
4937,13158,Excellent,2025-01-14
4938,18199,Good,2024-12-15
4939,9424,Excellent,2025-04-03
4940,6771,Needs Improvement,2025-01-23
4941,11712,Needs Improvement,2024-08-10
4942,17294,Average,2024-11-09
4943,2439,Needs Improvement,2024-11-09
4944,16912,Average,2025-03-13
4945,10939,Good,2024-11-18
4946,17525,Excellent,2025-03-10
4947,5036,Excellent,2025-06-24
4948,11811,Excellent,2024-12-24
4949,2696,Needs Improvement,2025-05-15
4950,8326,Excellent,2025-01-13
4951,922,Needs Improvement,2024-07-13
4952,76,Excellent,2025-04-22
4953,1424,Average,2025-03-05
4954,15686,Excellent,2025-02-16
4955,1909,Needs Improvement,2024-10-24
4956,4808,Needs Improvement,2025-01-09
4957,3066,Good,2025-03-25
4958,4428,Good,2025-02-24
4959,6725,Excellent,2024-11-26
4960,7791,Needs Improvement,2025-03-06
4961,18928,Excellent,2025-06-01
4962,1230,Average,2024-12-18
4963,16820,Good,2024-09-22
4964,8877,Excellent,2024-11-03
4965,3584,Needs Improvement,2024-11-20
4966,18082,Good,2024-07-15
4967,2465,Good,2024-12-11
4968,14733,Needs Improvement,2025-05-01
4969,6674,Excellent,2025-03-12
4970,15705,Needs Improvement,2025-02-02
4971,17228,Excellent,2024-10-22
4972,16252,Good,2025-03-20
4973,2935,Good,2024-08-25
4974,19328,Excellent,2024-12-30
4975,331,Average,2024-11-04
4976,19167,Good,2024-09-06
4977,12422,Average,2024-09-27
4978,4179,Good,2025-02-03
4979,1063,Needs Improvement,2024-10-13
4980,153,Good,2025-01-01
4981,3361,Excellent,2025-01-01
4982,8776,Good,2025-01-08
4983,7584,Good,2024-12-29
4984,1551,Good,2024-10-11
4985,12138,Average,2024-12-26
4986,17219,Average,2025-01-21
4987,10423,Average,2024-12-07
4988,7519,Average,2024-11-17
4989,2848,Excellent,2025-01-15
4990,11939,Average,2025-02-07
4991,5816,Good,2024-12-24
4992,14562,Average,2024-07-22
4993,10097,Needs Improvement,2024-08-17
4994,1458,Excellent,2025-04-17
4995,5324,Good,2025-06-22
4996,4705,Average,2025-06-19
4997,7658,Average,2025-05-14
4998,13287,Needs Improvement,2025-05-29
4999,13257,Average,2024-08-23
5000,14152,Good,2024-09-19
5001,13761,Excellent,2025-02-01
5002,4625,Average,2025-03-17
5003,12369,Good,2024-12-24
5004,15755,Excellent,2024-11-25
5005,11067,Excellent,2024-11-05
5006,9337,Excellent,2025-03-09
5007,18072,Average,2025-05-18
5008,13433,Excellent,2025-05-28
5009,6638,Excellent,2024-10-30
5010,19433,Average,2025-01-06
5011,17261,Average,2024-11-25
5012,5681,Excellent,2025-05-26
5013,16959,Good,2024-12-28
5014,145,Needs Improvement,2025-06-05
5015,17672,Average,2024-10-18
5016,15440,Needs Improvement,2025-01-24
5017,7618,Average,2024-10-28
5018,14021,Needs Improvement,2025-05-29
5019,2282,Excellent,2024-10-10
5020,11579,Excellent,2024-11-14
5021,17270,Good,2025-06-30
5022,19145,Needs Improvement,2024-08-09
5023,5444,Excellent,2024-12-29
5024,11820,Needs Improvement,2025-05-21
5025,18603,Excellent,2025-05-03
5026,2395,Needs Improvement,2024-10-22
5027,8483,Good,2025-07-06
5028,8437,Excellent,2024-07-15
5029,13696,Needs Improvement,2024-09-24
5030,8215,Needs Improvement,2024-08-31
5031,17012,Good,2025-05-13
5032,3380,Needs Improvement,2024-07-20
5033,12800,Excellent,2025-05-31
5034,12007,Excellent,2025-04-21
5035,11546,Excellent,2025-01-01
5036,17266,Needs Improvement,2025-03-01
5037,9510,Needs Improvement,2025-05-13
5038,6172,Needs Improvement,2024-08-02
5039,3034,Excellent,2025-03-13
5040,8421,Excellent,2025-05-17
5041,8888,Needs Improvement,2025-06-28
5042,2650,Average,2025-02-01
5043,3600,Average,2024-08-05
5044,12240,Average,2025-05-13
5045,19004,Excellent,2025-03-20
5046,19934,Excellent,2025-03-03
5047,3030,Good,2025-03-30
5048,11249,Needs Improvement,2024-08-28
5049,3322,Good,2025-01-10
5050,4560,Average,2025-03-16
5051,13732,Average,2024-10-21
5052,11173,Excellent,2024-07-13
5053,17483,Average,2024-12-08
5054,6294,Needs Improvement,2025-04-05
5055,19946,Needs Improvement,2024-07-27
5056,12953,Average,2024-12-19
5057,18414,Needs Improvement,2024-10-03
5058,6271,Needs Improvement,2025-06-24
5059,18182,Needs Improvement,2024-09-27
5060,16127,Needs Improvement,2025-04-25
5061,4347,Excellent,2025-04-16
5062,15123,Excellent,2025-02-22
5063,3415,Excellent,2025-06-12
5064,16240,Good,2025-05-10
5065,9469,Average,2025-06-16
5066,7061,Average,2024-11-18
5067,15198,Needs Improvement,2025-01-25
5068,2326,Excellent,2025-04-23
5069,9995,Needs Improvement,2025-01-04
5070,14935,Average,2024-07-22
5071,81,Good,2025-02-26
5072,8980,Excellent,2024-11-04
5073,9888,Average,2025-01-15
5074,19793,Average,2024-12-19
5075,13913,Needs Improvement,2024-11-15
5076,7789,Needs Improvement,2024-11-20
5077,1947,Excellent,2025-01-18
5078,4814,Needs Improvement,2025-06-23
5079,9114,Good,2025-02-28
5080,224,Average,2025-01-22
5081,11833,Average,2025-03-22
5082,2903,Needs Improvement,2024-12-31
5083,10755,Excellent,2024-12-18
5084,1618,Good,2025-04-19
5085,7054,Needs Improvement,2025-01-10
5086,5962,Average,2025-01-25
5087,17127,Good,2024-12-26
5088,12908,Average,2024-08-26
5089,7162,Average,2024-07-06
5090,17294,Good,2025-04-25
5091,18043,Good,2025-06-29
5092,7219,Needs Improvement,2025-06-06
5093,664,Excellent,2024-07-20
5094,5994,Average,2024-08-03
5095,19522,Needs Improvement,2024-09-21
5096,16566,Needs Improvement,2024-09-09
5097,17679,Excellent,2025-05-22
5098,672,Average,2025-01-02
5099,8715,Good,2025-03-30
5100,14158,Excellent,2024-11-15
5101,5558,Needs Improvement,2025-02-12
5102,18495,Good,2024-10-22
5103,1337,Good,2024-07-16
5104,8626,Good,2024-12-22
5105,15768,Average,2024-11-02
5106,11850,Excellent,2024-07-30
5107,17786,Good,2024-09-08
5108,18439,Excellent,2024-11-26
5109,957,Needs Improvement,2025-06-12
5110,9937,Average,2024-12-17
5111,9516,Good,2025-02-06
5112,18649,Good,2025-02-15
5113,18736,Needs Improvement,2025-02-19
5114,7100,Average,2025-04-03
5115,17116,Good,2025-03-29
5116,16796,Good,2024-12-13
5117,18906,Needs Improvement,2025-05-03
5118,11401,Excellent,2024-10-10
5119,13199,Excellent,2025-06-09
5120,15640,Excellent,2025-02-18
5121,18942,Excellent,2025-01-09
5122,7970,Good,2025-05-20
5123,3389,Excellent,2024-08-31
5124,17797,Excellent,2025-05-05
5125,14585,Excellent,2024-09-08
5126,15366,Average,2025-05-27
5127,14360,Average,2025-05-25
5128,2279,Average,2024-11-15
5129,6790,Good,2024-09-19
5130,4934,Needs Improvement,2024-10-31
5131,1999,Good,2025-02-12
5132,19696,Needs Improvement,2024-12-09
5133,14331,Needs Improvement,2025-05-23
5134,7070,Needs Improvement,2025-03-24
5135,9243,Good,2025-03-24
5136,15500,Excellent,2024-10-10
5137,896,Excellent,2024-11-02
5138,17879,Average,2025-06-02
5139,19691,Excellent,2024-09-20
5140,6784,Needs Improvement,2024-08-19
5141,14190,Average,2025-05-07
5142,18891,Good,2025-01-14
5143,457,Good,2025-02-21
5144,5628,Needs Improvement,2025-05-21
5145,18108,Needs Improvement,2025-04-15
5146,2343,Good,2024-10-25
5147,7874,Needs Improvement,2024-09-06
5148,102,Average,2024-12-14
5149,8237,Average,2024-12-23
5150,12834,Good,2024-12-30
5151,5084,Average,2025-05-30
5152,794,Excellent,2025-04-18
5153,17283,Needs Improvement,2025-05-06
5154,14828,Good,2024-11-16
5155,14665,Needs Improvement,2025-03-22
5156,12023,Good,2024-07-14
5157,11980,Excellent,2024-07-27
5158,5248,Average,2025-05-02
5159,13301,Needs Improvement,2024-12-01
5160,2971,Needs Improvement,2024-09-01
5161,5098,Average,2025-05-27
5162,19028,Excellent,2024-07-26
5163,10060,Good,2024-08-25
5164,7455,Excellent,2025-01-29
5165,10068,Excellent,2024-07-09
5166,11759,Needs Improvement,2025-03-04
5167,11260,Needs Improvement,2024-12-02
5168,8848,Good,2024-07-18
5169,1747,Average,2024-11-07
5170,17549,Good,2025-02-05
5171,8497,Good,2024-12-06
5172,8613,Excellent,2024-09-18
5173,13466,Good,2025-02-11
5174,10394,Needs Improvement,2025-05-25
5175,763,Average,2025-05-21
5176,5665,Excellent,2024-10-02
5177,19531,Needs Improvement,2024-10-11
5178,12824,Good,2025-04-19
5179,7270,Good,2025-04-09
5180,4566,Excellent,2025-01-17
5181,6058,Needs Improvement,2024-07-29
5182,11831,Good,2024-12-28
5183,923,Excellent,2025-06-06
5184,7381,Average,2024-11-14
5185,14772,Good,2024-11-13
5186,11976,Needs Improvement,2025-06-27
5187,8476,Excellent,2024-12-16
5188,3121,Needs Improvement,2024-09-03
5189,17516,Needs Improvement,2024-09-18
5190,19033,Needs Improvement,2024-07-12
5191,4412,Good,2024-11-12
5192,4911,Average,2024-12-28
5193,8560,Average,2025-06-28
5194,15773,Needs Improvement,2024-08-29
5195,16845,Good,2025-03-20
5196,6219,Average,2024-10-31
5197,10937,Average,2024-10-02
5198,11651,Good,2025-06-16
5199,15458,Average,2024-11-07
5200,9348,Needs Improvement,2025-03-25
5201,12830,Needs Improvement,2024-12-22
5202,5164,Needs Improvement,2025-02-02
5203,13117,Good,2025-07-01
5204,18993,Good,2024-10-16
5205,19815,Average,2024-07-23
5206,7691,Needs Improvement,2025-01-04
5207,11999,Needs Improvement,2025-03-10
5208,3324,Needs Improvement,2024-11-04
5209,6288,Good,2025-01-24
5210,14556,Good,2025-04-10
5211,1005,Excellent,2025-01-20
5212,18531,Good,2024-07-08
5213,10481,Needs Improvement,2025-04-02
5214,13586,Needs Improvement,2024-08-13
5215,3097,Needs Improvement,2024-10-29
5216,19830,Excellent,2024-07-31
5217,9574,Needs Improvement,2025-06-12
5218,5232,Needs Improvement,2025-01-27
5219,4949,Good,2024-11-10
5220,8524,Good,2024-07-16
5221,4754,Average,2024-07-24
5222,14735,Good,2025-04-11
5223,6498,Excellent,2024-10-10
5224,3002,Good,2024-12-28
5225,11338,Excellent,2025-03-21
5226,17214,Excellent,2025-04-10
5227,18195,Needs Improvement,2024-08-23
5228,15647,Average,2025-02-05
5229,15227,Needs Improvement,2024-09-08
5230,14537,Good,2025-06-03
5231,6703,Needs Improvement,2025-02-06
5232,265,Good,2024-12-04
5233,16596,Excellent,2025-01-15
5234,448,Needs Improvement,2024-07-26
5235,11512,Good,2025-01-02
5236,2348,Needs Improvement,2025-02-06
5237,9285,Good,2024-11-20
5238,11092,Excellent,2024-07-08
5239,19103,Excellent,2025-01-01
5240,7626,Needs Improvement,2024-09-26
5241,1052,Needs Improvement,2025-02-12
5242,13271,Needs Improvement,2024-08-16
5243,10766,Needs Improvement,2024-08-18
5244,6768,Good,2025-06-24
5245,115,Good,2024-09-13
5246,17638,Excellent,2025-02-02
5247,9763,Needs Improvement,2024-09-18
5248,42,Excellent,2025-03-21
5249,6848,Needs Improvement,2024-07-15
5250,742,Average,2025-04-09
5251,16016,Excellent,2025-01-15
5252,16275,Average,2024-12-22
5253,19588,Needs Improvement,2024-12-29
5254,15320,Average,2025-04-30
5255,16729,Needs Improvement,2024-07-29
5256,15509,Needs Improvement,2025-01-14
5257,16103,Needs Improvement,2024-07-08
5258,1697,Excellent,2025-04-03
5259,15091,Needs Improvement,2024-09-13
5260,8911,Average,2024-11-10
5261,16567,Good,2025-01-13
5262,4268,Average,2024-08-06
5263,6504,Excellent,2024-12-05
5264,3821,Excellent,2025-01-23
5265,1242,Good,2024-12-26
5266,7936,Excellent,2025-03-14
5267,16252,Average,2025-01-19
5268,7617,Average,2025-05-22
5269,369,Excellent,2024-09-15
5270,1490,Excellent,2025-05-20
5271,2179,Average,2024-12-03
5272,841,Average,2025-02-04
5273,12213,Average,2024-10-28
5274,9368,Needs Improvement,2024-12-11
5275,10206,Good,2024-12-14
5276,1667,Excellent,2024-11-08
5277,17864,Needs Improvement,2025-06-07
5278,12514,Needs Improvement,2025-05-07
5279,8826,Needs Improvement,2024-09-25
5280,10079,Needs Improvement,2024-10-31
5281,5707,Excellent,2024-10-13
5282,11853,Needs Improvement,2024-08-12
5283,2631,Excellent,2025-02-03
5284,6216,Good,2024-09-14
5285,4036,Needs Improvement,2025-05-21
5286,6460,Excellent,2025-01-21
5287,17435,Needs Improvement,2024-11-20
5288,17075,Good,2025-02-04
5289,8059,Needs Improvement,2025-06-07
5290,2102,Excellent,2025-06-25
5291,15825,Average,2024-12-30
5292,5716,Good,2025-05-17
5293,10289,Average,2025-06-25
5294,1058,Needs Improvement,2024-11-05
5295,1014,Good,2025-04-05
5296,14443,Average,2024-10-19
5297,357,Average,2025-06-27
5298,4474,Needs Improvement,2024-10-07
5299,10844,Good,2025-05-01
5300,6879,Good,2025-03-16
5301,10671,Excellent,2025-01-24
5302,4814,Good,2024-09-13
5303,10350,Average,2024-07-29
5304,8371,Needs Improvement,2025-01-21
5305,3634,Average,2024-07-30
5306,1186,Excellent,2024-11-08
5307,1811,Needs Improvement,2025-03-02
5308,5543,Excellent,2024-09-24
5309,10983,Excellent,2024-09-04
5310,12973,Needs Improvement,2025-05-12
5311,8739,Needs Improvement,2024-10-29
5312,12511,Good,2025-03-22
5313,11453,Excellent,2024-07-27
5314,6540,Average,2025-07-04
5315,10011,Good,2025-05-04
5316,9600,Average,2025-01-23
5317,15350,Average,2024-07-15
5318,1281,Needs Improvement,2025-07-01
5319,10624,Needs Improvement,2024-07-14
5320,5480,Average,2025-05-26
5321,5912,Good,2024-12-15
5322,16483,Needs Improvement,2024-10-24
5323,13909,Average,2025-01-14
5324,4004,Average,2024-08-06
5325,14939,Good,2024-09-12
5326,7753,Excellent,2024-11-18
5327,5907,Excellent,2025-03-26
5328,13122,Good,2024-11-12
5329,7106,Excellent,2024-09-10
5330,3321,Average,2025-02-25
5331,15124,Excellent,2025-05-17
5332,13804,Good,2025-03-02
5333,7736,Needs Improvement,2025-04-15
5334,7738,Excellent,2024-09-14
5335,9485,Average,2024-10-17
5336,12141,Excellent,2024-07-14
5337,3295,Good,2024-07-09
5338,18185,Good,2025-02-09
5339,5144,Needs Improvement,2025-06-27
5340,7539,Excellent,2025-05-23
5341,18172,Good,2025-02-21
5342,16117,Average,2025-01-13
5343,10377,Good,2024-07-14
5344,7008,Average,2025-03-10
5345,7813,Needs Improvement,2025-02-16
5346,18958,Good,2025-04-18
5347,2484,Good,2024-10-25
5348,13336,Average,2025-02-22
5349,9645,Good,2024-08-15
5350,585,Needs Improvement,2025-05-19
5351,8960,Needs Improvement,2024-10-22
5352,4927,Average,2024-07-11
5353,15639,Good,2025-05-31
5354,7811,Average,2024-07-24
5355,10692,Excellent,2025-05-21
5356,1119,Good,2024-07-21
5357,9854,Average,2025-02-23
5358,19337,Average,2025-06-17
5359,4457,Average,2024-12-24
5360,277,Needs Improvement,2024-12-07
5361,4090,Needs Improvement,2024-09-20
5362,10129,Average,2025-04-29
5363,6143,Good,2025-03-08
5364,2128,Excellent,2025-06-22
5365,16324,Good,2024-07-09
5366,12948,Average,2024-11-18
5367,3381,Good,2024-12-28
5368,5188,Excellent,2025-02-10
5369,17404,Good,2024-11-05
5370,15644,Average,2024-12-28
5371,4323,Average,2025-05-11
5372,2865,Average,2025-04-23
5373,12048,Good,2024-08-29
5374,14948,Needs Improvement,2025-03-08
5375,9129,Excellent,2024-10-16
5376,1347,Excellent,2025-06-19
5377,681,Excellent,2024-08-04
5378,11133,Needs Improvement,2025-02-08
5379,18159,Needs Improvement,2025-05-07
5380,12082,Average,2025-03-14
5381,17378,Average,2024-08-25
5382,11045,Average,2025-07-02
5383,11561,Excellent,2024-11-09
5384,17213,Excellent,2024-11-17
5385,6663,Needs Improvement,2024-11-15
5386,12914,Average,2025-04-16
5387,9030,Excellent,2025-06-30
5388,10532,Good,2025-04-22
5389,14697,Good,2024-10-31
5390,19458,Average,2025-01-22
5391,303,Average,2024-09-09
5392,15172,Excellent,2025-05-29
5393,505,Average,2024-07-19
5394,17637,Good,2025-03-30
5395,11619,Average,2025-01-27
5396,548,Good,2025-07-02
5397,9774,Average,2024-11-20
5398,8204,Excellent,2025-04-08
5399,19920,Needs Improvement,2025-04-16
5400,13798,Excellent,2024-12-09
5401,1890,Needs Improvement,2025-06-23
5402,2158,Excellent,2024-10-25
5403,1584,Needs Improvement,2025-04-24
5404,11203,Average,2024-11-15
5405,4926,Needs Improvement,2025-01-07
5406,18430,Good,2024-12-04
5407,6481,Average,2025-01-23
5408,6715,Needs Improvement,2024-08-01
5409,4103,Average,2024-09-21
5410,5140,Good,2024-12-12
5411,3453,Average,2024-11-02
5412,16865,Good,2024-10-02
5413,17105,Good,2025-05-26
5414,15799,Good,2025-05-09
5415,14264,Needs Improvement,2024-12-25
5416,6494,Needs Improvement,2025-02-23
5417,17959,Good,2024-08-28
5418,12820,Good,2024-10-16
5419,3813,Average,2024-11-11
5420,50,Excellent,2025-02-21
5421,4336,Excellent,2025-05-09
5422,11574,Needs Improvement,2025-06-19
5423,15402,Good,2024-12-30
5424,14853,Excellent,2024-12-07
5425,12435,Good,2024-10-29
5426,19650,Average,2024-08-29
5427,76,Average,2025-04-06
5428,6330,Needs Improvement,2024-09-23
5429,19731,Good,2025-05-01
5430,18905,Needs Improvement,2025-01-05
5431,3685,Good,2024-09-28
5432,7825,Good,2025-03-27
5433,10467,Good,2025-03-29
5434,4426,Average,2025-06-25
5435,340,Average,2025-06-15
5436,6876,Needs Improvement,2025-06-23
5437,4698,Excellent,2025-04-12
5438,17786,Average,2024-08-14
5439,16760,Average,2024-10-03
5440,16443,Needs Improvement,2025-02-12
5441,7362,Good,2024-12-05
5442,15626,Excellent,2024-08-06
5443,14729,Needs Improvement,2025-02-26
5444,19907,Needs Improvement,2025-02-09
5445,11670,Good,2025-02-04
5446,19380,Excellent,2025-06-16
5447,2694,Needs Improvement,2025-03-10
5448,6393,Excellent,2025-04-19
5449,14512,Needs Improvement,2024-08-06
5450,12660,Needs Improvement,2024-08-04
5451,12118,Average,2024-12-30
5452,6816,Average,2024-08-27
5453,13000,Needs Improvement,2024-10-14
5454,3535,Good,2024-07-06
5455,3184,Needs Improvement,2025-04-07
5456,8593,Average,2024-10-25
5457,13905,Good,2025-02-25
5458,2032,Excellent,2024-07-28
5459,3255,Excellent,2024-07-14
5460,855,Average,2024-10-25
5461,3251,Good,2024-08-02
5462,3247,Average,2025-04-07
5463,18851,Excellent,2024-10-26
5464,8906,Needs Improvement,2024-11-19
5465,3119,Average,2025-05-06
5466,18345,Good,2025-04-19
5467,10727,Good,2024-12-11
5468,15651,Excellent,2025-03-15
5469,12302,Excellent,2025-05-20
5470,6291,Excellent,2024-12-29
5471,10845,Excellent,2025-04-22
5472,7662,Excellent,2024-08-02
5473,3640,Needs Improvement,2024-12-09
5474,18122,Good,2025-01-03
5475,17345,Needs Improvement,2024-12-07
5476,18998,Excellent,2024-11-22
5477,8902,Excellent,2024-11-05
5478,8972,Good,2025-03-24
5479,8499,Average,2024-09-26
5480,15293,Needs Improvement,2025-02-14
5481,14055,Needs Improvement,2024-08-29
5482,10898,Excellent,2025-04-22
5483,2038,Good,2025-01-31
5484,12131,Excellent,2025-01-11
5485,16667,Excellent,2025-05-05
5486,12718,Good,2025-04-26
5487,1385,Good,2025-04-21
5488,14798,Good,2025-05-05
5489,147,Good,2024-12-25
5490,444,Needs Improvement,2025-01-04
5491,14666,Good,2025-06-06
5492,12291,Good,2025-03-05
5493,17866,Needs Improvement,2024-10-08
5494,12868,Good,2025-01-24
5495,17556,Good,2024-07-15
5496,3565,Needs Improvement,2025-04-02
5497,19452,Average,2025-05-27
5498,9980,Good,2024-12-18
5499,1578,Excellent,2025-01-28
5500,9067,Needs Improvement,2024-10-16
5501,13184,Average,2024-10-30
5502,17506,Average,2025-06-16
5503,7527,Needs Improvement,2025-06-08
5504,16767,Needs Improvement,2025-07-01
5505,6572,Good,2025-05-18
5506,15196,Needs Improvement,2024-08-31
5507,3678,Good,2024-09-05
5508,12217,Good,2025-05-27
5509,4729,Good,2024-11-14
5510,14616,Good,2025-02-07
5511,1264,Needs Improvement,2024-09-30
5512,11346,Average,2025-05-11
5513,4196,Good,2024-11-22
5514,8841,Excellent,2024-08-05
5515,14040,Average,2025-02-16
5516,12259,Needs Improvement,2025-04-03
5517,19160,Average,2025-01-03
5518,3654,Good,2025-04-18
5519,11971,Good,2024-08-18
5520,18705,Excellent,2024-09-06
5521,6182,Needs Improvement,2025-05-31
5522,2696,Good,2024-08-12
5523,15951,Needs Improvement,2025-03-13
5524,3774,Average,2024-07-12
5525,7533,Average,2025-03-08
5526,8544,Average,2025-06-23
5527,1867,Needs Improvement,2024-07-25
5528,52,Excellent,2024-12-31
5529,4014,Excellent,2025-03-11
5530,10815,Good,2025-04-29
5531,13608,Excellent,2025-05-20
5532,15626,Good,2025-06-14
5533,2632,Good,2025-03-17
5534,7914,Average,2025-05-15
5535,9234,Excellent,2025-05-24
5536,17577,Excellent,2025-07-03
5537,4730,Needs Improvement,2024-12-18
5538,11099,Excellent,2025-03-20
5539,13033,Needs Improvement,2024-09-23
5540,7390,Needs Improvement,2024-07-30
5541,18191,Average,2024-08-10
5542,1323,Needs Improvement,2024-10-26
5543,2213,Needs Improvement,2024-09-22
5544,2376,Average,2025-04-28
5545,17052,Excellent,2025-01-20
5546,7507,Needs Improvement,2024-11-18
5547,8647,Needs Improvement,2024-09-24
5548,18154,Good,2025-06-13
5549,12295,Good,2025-02-27
5550,15767,Needs Improvement,2024-11-20
5551,3472,Average,2025-01-19
5552,13162,Average,2024-10-03
5553,19493,Excellent,2024-12-12
5554,10983,Average,2025-04-12
5555,12470,Good,2024-12-03
5556,19408,Average,2024-08-07
5557,19579,Average,2025-05-22
5558,10241,Average,2024-07-18
5559,14868,Good,2025-02-22
5560,19255,Average,2024-08-03
5561,14638,Good,2024-10-28
5562,4340,Average,2024-11-27
5563,16683,Good,2024-08-31
5564,10347,Needs Improvement,2025-03-11
5565,9077,Needs Improvement,2024-11-07
5566,18604,Excellent,2024-08-31
5567,11216,Excellent,2024-12-25
5568,2313,Excellent,2025-02-23
5569,5238,Good,2025-06-02
5570,4780,Needs Improvement,2024-09-30
5571,16035,Excellent,2025-05-01
5572,5394,Good,2025-03-19
5573,9992,Good,2025-05-21
5574,843,Excellent,2025-05-28
5575,19519,Good,2024-11-20
5576,9612,Excellent,2025-02-17
5577,5462,Average,2025-04-23
5578,3846,Needs Improvement,2024-08-02
5579,17385,Average,2024-08-14
5580,14902,Needs Improvement,2025-01-08
5581,6385,Average,2024-11-25
5582,10147,Average,2024-11-03
5583,3902,Good,2025-05-08
5584,14985,Excellent,2024-09-27
5585,10174,Average,2024-10-19
5586,9919,Good,2025-01-14
5587,6470,Good,2025-02-04
5588,10100,Excellent,2024-07-29
5589,15348,Excellent,2025-06-17
5590,13922,Needs Improvement,2025-06-04
5591,389,Excellent,2025-04-27
5592,17180,Good,2025-06-21
5593,11840,Excellent,2025-03-25
5594,13496,Good,2025-01-09
5595,12601,Average,2024-12-21
5596,11371,Needs Improvement,2024-09-06
5597,19268,Excellent,2025-03-16
5598,3494,Good,2025-06-24
5599,7575,Average,2024-11-15
5600,6677,Needs Improvement,2024-10-15
5601,3633,Average,2025-02-08
5602,17510,Good,2025-03-12
5603,799,Needs Improvement,2024-12-03
5604,7988,Needs Improvement,2024-12-09
5605,57,Needs Improvement,2025-06-02
5606,813,Excellent,2024-10-30
5607,7618,Good,2024-10-18
5608,205,Good,2025-04-23
5609,14687,Good,2025-04-05
5610,19525,Needs Improvement,2024-12-29
5611,12224,Good,2025-06-15
5612,16989,Excellent,2024-07-11
5613,9992,Excellent,2025-05-16
5614,10541,Excellent,2024-08-02
5615,3798,Excellent,2024-11-26
5616,1313,Average,2025-05-01
5617,6831,Needs Improvement,2025-06-25
5618,9502,Excellent,2025-04-06
5619,7554,Excellent,2024-11-30
5620,13842,Needs Improvement,2025-06-06
5621,18586,Average,2025-03-09
5622,17653,Needs Improvement,2025-06-18
5623,4283,Excellent,2024-12-30
5624,13398,Average,2025-01-19
5625,1181,Excellent,2025-02-28
5626,1736,Good,2024-12-16
5627,8358,Average,2024-08-03
5628,5658,Needs Improvement,2024-12-26
5629,19677,Excellent,2024-12-29
5630,14201,Good,2025-03-20
5631,15121,Needs Improvement,2025-05-20
5632,3814,Needs Improvement,2024-11-06
5633,13505,Needs Improvement,2024-12-25
5634,4815,Needs Improvement,2025-06-07
5635,17149,Average,2025-03-28
5636,1732,Excellent,2025-01-31
5637,8842,Average,2025-04-27
5638,11134,Good,2025-03-25
5639,3450,Average,2024-11-24
5640,97,Needs Improvement,2025-02-03
5641,1567,Good,2024-07-11
5642,5842,Average,2024-07-15
5643,19528,Average,2025-04-20
5644,5310,Average,2025-06-23
5645,4624,Needs Improvement,2025-06-19
5646,15718,Good,2024-07-26
5647,313,Average,2024-12-18
5648,3677,Needs Improvement,2025-05-04
5649,522,Good,2024-08-26
5650,13642,Needs Improvement,2025-05-26
5651,13094,Excellent,2025-06-02
5652,15675,Excellent,2025-01-15
5653,14546,Needs Improvement,2024-08-03
5654,1687,Needs Improvement,2024-11-19
5655,3391,Excellent,2024-10-21
5656,16121,Needs Improvement,2024-12-08
5657,9689,Average,2025-02-16
5658,6619,Excellent,2024-10-30
5659,13485,Average,2024-07-12
5660,6886,Excellent,2024-12-30
5661,8328,Needs Improvement,2025-05-08
5662,7953,Excellent,2024-09-26
5663,2366,Average,2025-03-08
5664,4731,Needs Improvement,2025-02-01
5665,1855,Average,2025-04-13
5666,5589,Average,2025-06-06
5667,4020,Good,2025-01-01
5668,13973,Needs Improvement,2024-11-04
5669,5624,Excellent,2024-11-27
5670,2345,Excellent,2024-12-02
5671,6740,Good,2025-05-09
5672,12380,Average,2025-05-04
5673,2735,Good,2024-09-10
5674,808,Excellent,2025-05-02
5675,15473,Needs Improvement,2025-05-29
5676,18396,Average,2024-12-02
5677,16923,Needs Improvement,2024-10-15
5678,19007,Good,2024-10-08
5679,9025,Excellent,2025-06-10
5680,18031,Average,2025-06-16
5681,1747,Needs Improvement,2025-04-18
5682,6813,Needs Improvement,2025-06-19
5683,6383,Excellent,2025-02-04
5684,11413,Needs Improvement,2024-09-04
5685,19772,Good,2024-08-06
5686,13857,Good,2025-06-26
5687,3114,Excellent,2024-11-27
5688,4173,Excellent,2025-05-06
5689,4094,Average,2024-08-22
5690,13744,Excellent,2024-07-22
5691,8343,Good,2025-05-11
5692,14724,Excellent,2025-05-11
5693,14459,Good,2024-09-16
5694,18842,Average,2024-11-02
5695,6181,Needs Improvement,2025-02-05
5696,5646,Excellent,2024-08-26
5697,11338,Excellent,2024-08-23
5698,7957,Good,2024-08-02
5699,7657,Average,2025-06-18
5700,16508,Good,2025-02-01
5701,6447,Excellent,2025-05-31
5702,18056,Good,2024-07-07
5703,18445,Needs Improvement,2025-01-31
5704,1269,Average,2024-09-26
5705,9078,Good,2025-05-22
5706,5960,Good,2025-01-30
5707,9987,Average,2025-03-30
5708,19437,Good,2025-06-09
5709,2796,Needs Improvement,2024-07-13
5710,10085,Average,2024-10-30
5711,15184,Average,2025-01-23
5712,11510,Excellent,2025-03-22
5713,2635,Average,2024-10-06
5714,8648,Average,2025-01-31
5715,9983,Good,2024-09-13
5716,16670,Average,2025-02-26
5717,19500,Good,2025-04-13
5718,14503,Needs Improvement,2025-06-10
5719,16802,Average,2024-12-15
5720,18097,Average,2024-07-25
5721,15486,Excellent,2025-01-15
5722,7193,Excellent,2025-01-18
5723,9615,Excellent,2024-10-16
5724,127,Needs Improvement,2025-03-30
5725,14011,Average,2025-06-10
5726,291,Needs Improvement,2025-03-29
5727,8091,Excellent,2024-11-23
5728,4325,Excellent,2025-02-28
5729,19632,Good,2024-11-18
5730,7764,Good,2025-05-24
5731,4958,Good,2024-10-09
5732,18303,Needs Improvement,2024-09-18
5733,5898,Needs Improvement,2025-06-02
5734,8765,Good,2024-12-19
5735,6256,Average,2025-05-29
5736,11489,Average,2024-08-24
5737,16666,Excellent,2025-02-06
5738,15148,Average,2024-11-15
5739,938,Needs Improvement,2025-01-15
5740,6650,Good,2025-03-17
5741,19137,Excellent,2024-08-27
5742,5192,Needs Improvement,2025-01-03
5743,17148,Needs Improvement,2025-03-28
5744,1110,Excellent,2025-03-17
5745,3979,Excellent,2024-08-18
5746,5501,Good,2024-11-05
5747,1829,Average,2024-09-16
5748,9963,Needs Improvement,2025-06-23
5749,19077,Good,2025-05-02
5750,14324,Excellent,2024-07-25
5751,3921,Average,2025-05-13
5752,2580,Needs Improvement,2025-01-05
5753,1710,Excellent,2024-07-24
5754,3078,Good,2025-04-15
5755,10245,Excellent,2024-10-10
5756,15557,Needs Improvement,2025-01-20
5757,16328,Excellent,2024-11-20
5758,13715,Good,2025-05-08
5759,9512,Good,2025-07-05
5760,5660,Excellent,2025-03-12
5761,6568,Excellent,2024-11-02
5762,18547,Good,2024-07-21
5763,9999,Good,2024-08-20
5764,13102,Needs Improvement,2024-10-09
5765,8006,Average,2025-06-04
5766,2931,Needs Improvement,2024-10-18
5767,12249,Average,2024-10-22
5768,7177,Good,2024-12-13
5769,15297,Needs Improvement,2024-09-15
5770,15476,Needs Improvement,2024-07-15
5771,11697,Average,2024-10-30
5772,16976,Excellent,2024-11-01
5773,3441,Average,2025-06-09
5774,15153,Good,2025-06-11
5775,8804,Needs Improvement,2025-06-11
5776,1048,Average,2024-10-13
5777,4568,Average,2024-09-19
5778,14994,Good,2025-02-04
5779,5937,Excellent,2025-07-03
5780,765,Average,2025-05-09
5781,1654,Average,2024-08-03
5782,13748,Excellent,2025-03-04
5783,997,Needs Improvement,2024-09-03
5784,1168,Excellent,2024-08-12
5785,11258,Good,2025-04-08
5786,18749,Needs Improvement,2024-10-25
5787,19864,Excellent,2024-08-10
5788,11983,Needs Improvement,2025-06-11
5789,17248,Needs Improvement,2024-11-04
5790,14532,Average,2024-11-11
5791,948,Needs Improvement,2025-05-21
5792,15093,Average,2024-09-29
5793,6353,Good,2025-07-05
5794,9053,Needs Improvement,2025-01-04
5795,14420,Excellent,2024-08-21
5796,1801,Needs Improvement,2024-10-04
5797,10779,Needs Improvement,2024-07-14
5798,14288,Excellent,2025-07-03
5799,12189,Average,2025-04-05
5800,14027,Needs Improvement,2025-07-02
5801,19948,Excellent,2024-08-03
5802,4763,Excellent,2025-01-06
5803,5417,Good,2025-06-28
5804,330,Needs Improvement,2025-05-06
5805,19554,Good,2025-06-07
5806,4722,Excellent,2024-10-01
5807,11520,Excellent,2024-09-14
5808,14219,Excellent,2025-06-07
5809,3524,Excellent,2024-09-07
5810,12049,Average,2024-10-28
5811,11923,Excellent,2025-04-20
5812,4709,Excellent,2025-03-10
5813,16206,Average,2024-08-08
5814,8054,Good,2024-12-25
5815,5201,Good,2024-12-10
5816,7253,Excellent,2024-09-09
5817,7438,Excellent,2025-06-10
5818,10741,Average,2024-09-13
5819,2620,Good,2025-06-15
5820,17293,Needs Improvement,2025-06-29
5821,9395,Good,2024-09-14
5822,14124,Excellent,2024-07-20
5823,7586,Needs Improvement,2025-03-19
5824,10576,Average,2024-11-21
5825,12398,Good,2024-08-24
5826,2053,Average,2025-06-19
5827,18550,Needs Improvement,2024-12-29
5828,3481,Good,2025-03-15
5829,16779,Good,2024-11-08
5830,7767,Average,2025-03-08
5831,7869,Average,2024-10-14
5832,4668,Needs Improvement,2025-02-07
5833,13304,Good,2024-11-27
5834,15090,Good,2025-03-26
5835,9280,Good,2024-08-09
5836,1090,Good,2025-03-03
5837,6849,Needs Improvement,2025-01-01
5838,2121,Average,2024-09-22
5839,15799,Needs Improvement,2025-02-12
5840,10592,Excellent,2025-03-04
5841,19931,Needs Improvement,2024-11-19
5842,6116,Good,2025-06-11
5843,12742,Excellent,2024-08-01
5844,5507,Average,2025-04-02
5845,4132,Good,2024-09-26
5846,17744,Excellent,2025-03-20
5847,15564,Average,2024-08-24
5848,2834,Average,2025-04-08
5849,18615,Needs Improvement,2024-10-19
5850,19333,Average,2025-01-07
5851,3387,Good,2024-10-24
5852,9914,Good,2025-02-25
5853,4537,Good,2025-03-14
5854,10492,Average,2025-06-16
5855,1704,Good,2024-09-16
5856,14459,Excellent,2024-07-30
5857,17315,Excellent,2024-07-09
5858,13101,Average,2024-09-14
5859,12752,Average,2025-06-20
5860,19670,Good,2025-01-18
5861,4427,Needs Improvement,2025-02-08
5862,6138,Average,2024-07-13
5863,13660,Average,2025-04-09
5864,16858,Good,2025-01-09
5865,16035,Needs Improvement,2024-07-16
5866,6980,Average,2024-08-05
5867,16991,Needs Improvement,2025-04-11
5868,10596,Average,2025-05-16
5869,294,Good,2025-01-31
5870,7182,Average,2025-01-12
5871,16787,Needs Improvement,2025-05-03
5872,11419,Excellent,2024-10-24
5873,4412,Good,2024-08-22
5874,7804,Average,2024-10-05
5875,3474,Good,2024-08-16
5876,3167,Average,2025-05-19
5877,15870,Excellent,2025-03-13
5878,574,Excellent,2024-10-15
5879,3647,Excellent,2024-12-11
5880,11758,Needs Improvement,2024-09-29
5881,4157,Good,2024-10-29
5882,18786,Excellent,2024-12-23
5883,14817,Needs Improvement,2025-05-23
5884,4641,Average,2025-07-06
5885,4424,Average,2025-03-06
5886,10121,Excellent,2024-07-10
5887,19948,Good,2025-04-28
5888,16485,Needs Improvement,2025-04-06
5889,12387,Excellent,2025-05-07
5890,9546,Average,2024-12-09
5891,1449,Good,2024-08-28
5892,9649,Excellent,2024-07-09
5893,19858,Average,2025-06-19
5894,149,Good,2025-03-14
5895,2841,Average,2024-09-05
5896,17732,Good,2025-05-28
5897,16380,Excellent,2025-03-05
5898,4806,Average,2024-07-19
5899,2427,Average,2025-05-07
5900,1533,Needs Improvement,2025-03-01
5901,625,Good,2024-12-27
5902,18706,Good,2024-08-24
5903,17166,Needs Improvement,2024-11-20
5904,5277,Needs Improvement,2024-10-22
5905,5032,Excellent,2025-02-08
5906,5471,Excellent,2025-04-02
5907,3075,Good,2025-02-24
5908,15601,Good,2024-11-03
5909,8807,Excellent,2025-05-07
5910,18591,Average,2025-02-16
5911,3723,Excellent,2025-06-02
5912,9417,Excellent,2024-12-18
5913,5824,Good,2024-12-05
5914,17107,Needs Improvement,2024-12-31
5915,8165,Good,2025-01-21
5916,18153,Average,2024-10-16
5917,3029,Average,2024-11-18
5918,9403,Good,2024-12-27
5919,19162,Excellent,2025-05-31
5920,14642,Good,2025-02-02
5921,11790,Good,2025-04-28
5922,15658,Good,2025-06-25
5923,19850,Needs Improvement,2024-12-24
5924,4342,Needs Improvement,2025-02-12
5925,17292,Good,2025-05-16
5926,12508,Good,2024-07-30
5927,5312,Excellent,2025-01-05
5928,11710,Excellent,2024-11-16
5929,9190,Average,2024-07-13
5930,2626,Average,2024-09-04
5931,11950,Average,2025-04-02
5932,19187,Good,2025-04-27
5933,9300,Average,2024-08-10
5934,17561,Needs Improvement,2025-04-23
5935,8033,Average,2025-03-28
5936,18923,Average,2025-04-14
5937,8974,Good,2025-05-19
5938,10561,Good,2024-09-30
5939,225,Good,2024-09-22
5940,5426,Excellent,2024-07-09
5941,1108,Excellent,2025-03-05
5942,19116,Excellent,2024-09-29
5943,1834,Average,2024-12-03
5944,5653,Needs Improvement,2024-12-07
5945,15831,Average,2025-04-13
5946,3225,Needs Improvement,2024-12-10
5947,1529,Good,2025-06-24
5948,9796,Average,2024-09-20
5949,1229,Average,2025-02-21
5950,6706,Good,2025-04-25
5951,3417,Good,2025-02-08
5952,16853,Average,2024-07-19
5953,16372,Excellent,2025-05-04
5954,10687,Needs Improvement,2025-01-30
5955,10510,Excellent,2025-07-01
5956,11516,Needs Improvement,2025-01-20
5957,14710,Excellent,2024-11-19
5958,5455,Average,2025-01-22
5959,12150,Excellent,2025-01-18
5960,6443,Average,2025-05-15
5961,11071,Average,2025-05-23
5962,725,Good,2025-02-26
5963,4142,Average,2024-12-28
5964,10471,Average,2024-12-17
5965,14253,Good,2025-03-14
5966,10704,Good,2025-04-17
5967,3671,Good,2025-03-28
5968,678,Needs Improvement,2024-07-14
5969,16411,Excellent,2025-05-23
5970,5640,Excellent,2025-01-15
5971,7994,Average,2025-03-02
5972,9381,Average,2024-11-23
5973,19442,Average,2025-06-13
5974,5627,Average,2025-04-24
5975,19904,Good,2025-01-19
5976,6194,Good,2025-03-14
5977,5197,Needs Improvement,2025-06-24
5978,1293,Good,2024-09-02
5979,18335,Good,2025-02-03
5980,9765,Good,2024-11-04
5981,11792,Good,2025-03-06
5982,3830,Needs Improvement,2025-04-09
5983,295,Excellent,2025-06-03
5984,822,Good,2024-11-26
5985,19899,Needs Improvement,2025-04-08
5986,10365,Average,2025-01-15
5987,10291,Good,2024-07-13
5988,8857,Needs Improvement,2025-04-08
5989,1529,Excellent,2024-11-20
5990,7207,Average,2024-10-05
5991,18114,Needs Improvement,2025-04-07
5992,17961,Needs Improvement,2025-01-30
5993,11621,Average,2024-07-16
5994,2461,Excellent,2025-04-25
5995,245,Average,2025-02-04
5996,10093,Average,2025-02-18
5997,19799,Average,2025-03-27
5998,16916,Good,2025-03-23
5999,2824,Needs Improvement,2024-08-11
6000,17702,Good,2024-07-22
6001,17636,Good,2024-11-05
6002,17755,Needs Improvement,2024-07-23
6003,8346,Needs Improvement,2024-12-14
6004,14591,Good,2025-06-07
6005,17144,Excellent,2024-12-31
6006,5088,Good,2025-03-01
6007,13915,Good,2024-08-18
6008,16143,Excellent,2024-10-10
6009,13816,Good,2024-08-10
6010,5722,Average,2024-10-03
6011,5830,Average,2024-07-31
6012,6792,Average,2025-04-27
6013,2484,Excellent,2025-04-10
6014,10589,Good,2024-09-07
6015,18935,Needs Improvement,2024-07-19
6016,9472,Excellent,2024-09-16
6017,17455,Average,2025-01-16
6018,15811,Average,2025-05-01
6019,11229,Average,2025-01-07
6020,27,Average,2024-08-30
6021,18124,Needs Improvement,2024-09-30
6022,5977,Needs Improvement,2024-07-13
6023,7468,Good,2025-04-06
6024,3423,Excellent,2024-12-21
6025,15903,Average,2024-09-29
6026,2750,Good,2024-12-27
6027,10858,Good,2025-02-21
6028,17154,Needs Improvement,2025-05-10
6029,3460,Needs Improvement,2025-01-22
6030,11615,Average,2024-10-19
6031,9603,Needs Improvement,2025-05-20
6032,13368,Average,2024-09-12
6033,19936,Good,2025-04-14
6034,15454,Good,2024-10-13
6035,8959,Excellent,2025-05-30
6036,7359,Needs Improvement,2025-04-12
6037,10443,Average,2024-11-07
6038,2062,Good,2024-09-14
6039,4261,Good,2025-02-14
6040,1243,Good,2024-07-21
6041,2977,Needs Improvement,2025-02-04
6042,11440,Good,2024-08-10
6043,15206,Excellent,2025-05-25
6044,12061,Excellent,2024-11-29
6045,8138,Average,2024-09-01
6046,6917,Excellent,2024-11-15
6047,126,Excellent,2025-06-01
6048,3373,Needs Improvement,2025-06-04
6049,15518,Average,2024-07-20
6050,9556,Needs Improvement,2024-09-06
6051,7602,Good,2025-05-16
6052,12859,Good,2024-07-21
6053,14357,Excellent,2024-10-26
6054,6048,Average,2025-05-17
6055,10261,Needs Improvement,2025-04-25
6056,16129,Needs Improvement,2024-07-07
6057,2473,Needs Improvement,2024-11-10
6058,801,Good,2024-11-24
6059,3855,Needs Improvement,2025-03-12
6060,9723,Needs Improvement,2025-06-03
6061,12499,Average,2025-06-21
6062,18501,Needs Improvement,2024-08-10
6063,316,Average,2024-08-21
6064,1800,Excellent,2024-07-10
6065,2621,Excellent,2025-05-04
6066,12189,Average,2024-07-21
6067,10015,Needs Improvement,2025-05-04
6068,2297,Excellent,2024-08-12
6069,11239,Excellent,2025-04-05
6070,1036,Average,2025-03-15
6071,3758,Excellent,2025-06-20
6072,8921,Good,2024-12-03
6073,18282,Good,2024-12-18
6074,3812,Needs Improvement,2025-05-16
6075,5476,Excellent,2025-05-10
6076,12196,Average,2024-10-11
6077,8795,Average,2025-01-07
6078,1128,Excellent,2025-02-22
6079,11832,Good,2024-10-25
6080,8612,Needs Improvement,2024-09-13
6081,14540,Good,2025-05-26
6082,16966,Needs Improvement,2025-06-11
6083,19843,Needs Improvement,2025-04-20
6084,17652,Good,2024-09-15
6085,8506,Average,2025-06-21
6086,205,Good,2025-04-01
6087,12682,Good,2025-04-29
6088,9602,Good,2024-08-26
6089,3233,Needs Improvement,2024-12-21
6090,9741,Needs Improvement,2025-05-20
6091,2839,Average,2025-05-21
6092,19567,Needs Improvement,2025-04-15
6093,19293,Needs Improvement,2025-03-17
6094,6599,Needs Improvement,2025-02-06
6095,14917,Excellent,2024-08-30
6096,5181,Average,2024-08-08
6097,5570,Average,2025-04-24
6098,15364,Good,2024-12-07
6099,6994,Average,2024-10-12
6100,3054,Average,2025-05-10
6101,4277,Average,2024-11-24
6102,17844,Needs Improvement,2024-09-30
6103,6971,Needs Improvement,2025-02-02
6104,19663,Needs Improvement,2024-09-14
6105,10557,Average,2024-11-06
6106,6487,Average,2024-07-17
6107,9651,Good,2025-01-19
6108,17519,Excellent,2024-12-18
6109,2969,Good,2024-12-12
6110,13043,Excellent,2024-12-18
6111,3007,Excellent,2025-01-05
6112,10354,Needs Improvement,2024-08-22
6113,22,Needs Improvement,2025-04-18
6114,6646,Average,2024-11-28
6115,19496,Needs Improvement,2024-09-02
6116,9367,Excellent,2024-09-12
6117,8566,Needs Improvement,2025-04-26
6118,1257,Excellent,2025-04-12
6119,10912,Excellent,2024-08-01
6120,16557,Needs Improvement,2024-12-20
6121,6202,Needs Improvement,2025-01-30
6122,12841,Good,2024-11-17
6123,10701,Excellent,2025-02-08
6124,3116,Average,2025-06-17
6125,5359,Needs Improvement,2024-08-06
6126,17752,Average,2024-08-19
6127,10500,Average,2025-06-29
6128,11327,Excellent,2024-07-09
6129,9871,Needs Improvement,2025-05-05
6130,2490,Needs Improvement,2024-10-16
6131,7771,Average,2025-02-09
6132,938,Good,2024-12-07
6133,3518,Needs Improvement,2024-10-04
6134,4550,Needs Improvement,2025-06-19
6135,18553,Needs Improvement,2025-02-28
6136,13255,Excellent,2024-07-28
6137,19718,Needs Improvement,2024-12-15
6138,17981,Good,2024-12-20
6139,11830,Needs Improvement,2024-07-07
6140,15870,Excellent,2025-06-17
6141,8137,Average,2025-05-17
6142,6824,Average,2025-03-10
6143,832,Good,2024-12-02
6144,15900,Good,2025-06-16
6145,19249,Good,2025-01-10
6146,12516,Average,2025-05-11
6147,6575,Good,2025-04-23
6148,6469,Excellent,2025-03-04
6149,6601,Needs Improvement,2024-08-19
6150,19130,Average,2025-02-26
6151,4250,Excellent,2024-10-10
6152,11894,Average,2024-08-28
6153,995,Needs Improvement,2025-05-24
6154,7720,Average,2024-12-28
6155,5444,Needs Improvement,2025-02-01
6156,18971,Average,2025-03-16
6157,6264,Excellent,2025-01-18
6158,13708,Needs Improvement,2025-06-20
6159,5907,Average,2024-11-13
6160,17281,Average,2025-06-25
6161,8372,Needs Improvement,2024-08-25
6162,14582,Good,2025-02-14
6163,5300,Needs Improvement,2024-11-01
6164,14830,Good,2025-05-12
6165,13870,Average,2025-05-12
6166,18611,Needs Improvement,2024-09-17
6167,14011,Average,2025-05-10
6168,5132,Average,2024-09-13
6169,17011,Average,2025-01-07
6170,167,Excellent,2024-07-29
6171,15196,Good,2024-08-30
6172,82,Needs Improvement,2025-05-19
6173,19570,Average,2025-07-02
6174,13671,Good,2025-03-04
6175,2764,Average,2025-04-26
6176,3848,Good,2025-06-24
6177,11350,Average,2025-05-01
6178,9812,Good,2025-04-26
6179,9750,Average,2025-05-03
6180,14338,Excellent,2024-11-01
6181,19764,Good,2025-04-27
6182,18619,Needs Improvement,2025-02-25
6183,4806,Excellent,2024-10-13
6184,15508,Good,2025-02-06
6185,2961,Good,2024-07-29
6186,6910,Excellent,2024-08-10
6187,16705,Average,2024-08-02
6188,15383,Average,2025-06-01
6189,17879,Good,2024-12-14
6190,8669,Excellent,2024-07-25
6191,17675,Good,2025-02-01
6192,13667,Average,2025-01-24
6193,3489,Average,2024-12-20
6194,11992,Average,2024-11-17
6195,19684,Good,2024-08-25
6196,5204,Excellent,2024-12-13
6197,2214,Excellent,2025-04-26
6198,9002,Needs Improvement,2025-01-16
6199,16467,Excellent,2024-07-07
6200,15622,Excellent,2025-04-26
6201,333,Excellent,2024-12-06
6202,7916,Needs Improvement,2024-07-26
6203,13958,Average,2025-04-18
6204,6608,Good,2024-09-02
6205,19083,Average,2024-12-04
6206,5028,Good,2025-01-10
6207,1108,Average,2025-03-12
6208,1141,Excellent,2025-06-11
6209,7187,Good,2025-04-03
6210,7717,Excellent,2024-11-27
6211,6395,Average,2024-10-16
6212,628,Excellent,2024-11-03
6213,18810,Good,2025-01-23
6214,17480,Needs Improvement,2024-08-11
6215,14593,Good,2025-03-26
6216,2015,Good,2024-08-11
6217,12267,Good,2024-07-25
6218,19615,Needs Improvement,2024-08-15
6219,1618,Excellent,2025-03-30
6220,13350,Excellent,2024-08-16
6221,5921,Excellent,2025-01-24
6222,6431,Good,2025-02-01
6223,893,Excellent,2025-01-04
6224,8589,Average,2024-10-16
6225,13607,Needs Improvement,2025-06-01
6226,14990,Excellent,2025-05-13
6227,19850,Needs Improvement,2025-02-28
6228,14737,Excellent,2025-03-29
6229,4353,Needs Improvement,2024-12-15
6230,5100,Needs Improvement,2025-05-28
6231,2578,Needs Improvement,2024-07-28
6232,6706,Needs Improvement,2025-02-01
6233,14334,Excellent,2025-04-26
6234,14344,Needs Improvement,2024-07-13
6235,19761,Excellent,2024-09-03
6236,2677,Average,2025-01-26
6237,6367,Needs Improvement,2025-02-23
6238,3570,Good,2025-03-26
6239,17976,Needs Improvement,2025-03-14
6240,11557,Excellent,2024-07-12
6241,6584,Good,2025-01-31
6242,17817,Needs Improvement,2025-01-29
6243,5362,Needs Improvement,2025-02-28
6244,9597,Excellent,2025-04-03
6245,12396,Average,2024-08-25
6246,13239,Needs Improvement,2024-09-07
6247,4845,Average,2024-09-23
6248,17976,Needs Improvement,2024-07-10
6249,13052,Good,2025-06-24
6250,17283,Good,2025-05-17
6251,6110,Excellent,2024-11-01
6252,4949,Excellent,2025-04-18
6253,205,Average,2024-08-21
6254,17217,Average,2024-11-24
6255,9963,Average,2024-12-23
6256,12654,Needs Improvement,2025-03-03
6257,18224,Average,2025-04-27
6258,4903,Average,2024-10-18
6259,10835,Good,2025-05-15
6260,11043,Average,2025-03-23
6261,17415,Good,2025-01-31
6262,13440,Excellent,2024-12-04
6263,1533,Needs Improvement,2024-07-15
6264,6291,Good,2024-09-02
6265,18662,Average,2025-05-22
6266,15185,Good,2025-02-28
6267,11177,Excellent,2024-09-15
6268,3254,Average,2024-11-01
6269,6660,Excellent,2024-09-30
6270,4719,Good,2024-09-01
6271,16263,Excellent,2025-04-11
6272,16329,Good,2025-03-09
6273,267,Needs Improvement,2024-10-05
6274,16183,Needs Improvement,2024-09-09
6275,14008,Excellent,2025-03-19
6276,8372,Good,2025-03-01
6277,8448,Needs Improvement,2024-08-20
6278,9698,Average,2025-07-04
6279,9840,Needs Improvement,2024-08-18
6280,8836,Good,2024-10-17
6281,4139,Good,2024-11-08
6282,19075,Good,2024-10-17
6283,3629,Average,2025-02-07
6284,15182,Average,2025-06-28
6285,11170,Good,2025-06-23
6286,16395,Needs Improvement,2024-08-30
6287,15980,Needs Improvement,2024-12-23
6288,803,Needs Improvement,2025-04-04
6289,15313,Needs Improvement,2025-03-01
6290,7795,Average,2025-02-13
6291,12078,Average,2025-04-17
6292,14665,Average,2024-10-07
6293,1490,Needs Improvement,2024-09-07
6294,17787,Average,2025-03-04
6295,12362,Average,2024-09-15
6296,15936,Average,2025-06-17
6297,3852,Excellent,2024-10-16
6298,8617,Needs Improvement,2025-01-19
6299,501,Good,2024-10-19
6300,14917,Needs Improvement,2025-03-03
6301,17657,Good,2025-04-09
6302,19666,Needs Improvement,2025-03-08
6303,18210,Good,2025-01-18
6304,18912,Average,2024-10-28
6305,5704,Average,2025-03-21
6306,3394,Excellent,2025-06-04
6307,17110,Excellent,2024-10-30
6308,4161,Excellent,2025-06-05
6309,7773,Average,2024-11-04
6310,12055,Excellent,2024-11-28
6311,442,Good,2025-03-12
6312,9543,Average,2024-09-21
6313,13945,Good,2025-03-26
6314,5507,Excellent,2025-01-01
6315,15632,Needs Improvement,2024-08-02
6316,13718,Needs Improvement,2025-03-24
6317,10937,Excellent,2024-08-15
6318,433,Needs Improvement,2024-09-19
6319,18887,Needs Improvement,2025-05-09
6320,11818,Good,2025-06-23
6321,5529,Average,2024-10-02
6322,9809,Average,2025-06-10
6323,7465,Average,2025-06-15
6324,14514,Needs Improvement,2025-04-10
6325,8742,Needs Improvement,2024-10-19
6326,17321,Needs Improvement,2024-07-22
6327,16453,Average,2024-11-13
6328,16375,Average,2024-09-06
6329,18315,Excellent,2024-11-03
6330,18684,Needs Improvement,2025-04-08
6331,8280,Excellent,2024-10-24
6332,14800,Average,2024-12-18
6333,14388,Needs Improvement,2024-07-22
6334,120,Average,2024-10-09
6335,8438,Average,2024-09-18
6336,1617,Excellent,2025-01-13
6337,7707,Average,2025-04-12
6338,10256,Needs Improvement,2024-11-13
6339,2810,Needs Improvement,2025-03-27
6340,5347,Needs Improvement,2024-09-24
6341,16774,Average,2024-09-25
6342,1968,Needs Improvement,2024-10-08
6343,12691,Good,2025-06-15
6344,15109,Excellent,2025-01-30
6345,7017,Good,2024-08-13
6346,11841,Excellent,2024-10-23
6347,11023,Needs Improvement,2024-08-01
6348,13646,Average,2025-04-08
6349,19117,Excellent,2024-08-15
6350,7911,Average,2024-08-20
6351,7518,Needs Improvement,2025-02-24
6352,6689,Needs Improvement,2025-02-06
6353,5181,Good,2024-12-15
6354,7167,Average,2025-02-15
6355,491,Needs Improvement,2025-04-23
6356,4791,Good,2025-05-30
6357,14929,Excellent,2024-08-21
6358,15146,Needs Improvement,2024-11-22
6359,1706,Good,2024-09-17
6360,1808,Excellent,2025-01-16
6361,5694,Needs Improvement,2025-01-04
6362,17375,Excellent,2025-06-26
6363,12204,Good,2024-08-21
6364,17638,Average,2024-12-11
6365,8121,Needs Improvement,2024-07-28
6366,13939,Excellent,2024-10-07
6367,18490,Needs Improvement,2024-10-15
6368,19936,Average,2025-01-04
6369,4105,Needs Improvement,2024-10-09
6370,15022,Needs Improvement,2025-02-24
6371,19308,Average,2024-07-29
6372,9346,Excellent,2025-04-18
6373,2649,Needs Improvement,2024-11-14
6374,15633,Excellent,2025-04-04
6375,9313,Good,2025-06-29
6376,12546,Needs Improvement,2025-01-10
6377,2321,Needs Improvement,2024-07-07
6378,717,Needs Improvement,2024-10-04
6379,17641,Needs Improvement,2025-04-04
6380,5778,Average,2025-02-21
6381,10148,Good,2024-10-31
6382,10171,Excellent,2025-03-05
6383,17066,Excellent,2025-01-13
6384,13803,Needs Improvement,2025-01-28
6385,12756,Needs Improvement,2024-11-10
6386,42,Average,2025-01-30
6387,9027,Excellent,2025-06-07
6388,7282,Needs Improvement,2025-05-01
6389,1357,Needs Improvement,2025-02-05
6390,7270,Needs Improvement,2024-09-04
6391,3590,Needs Improvement,2025-04-07
6392,8694,Average,2024-07-31
6393,3597,Average,2024-12-01
6394,8878,Needs Improvement,2024-09-02
6395,18214,Needs Improvement,2025-03-13
6396,6010,Needs Improvement,2024-12-04
6397,12717,Excellent,2025-06-29
6398,13732,Needs Improvement,2024-07-28
6399,16000,Excellent,2024-08-17
6400,17957,Good,2024-10-21
6401,11296,Excellent,2025-05-09
6402,6858,Needs Improvement,2025-04-09
6403,2303,Needs Improvement,2024-12-16
6404,6330,Excellent,2025-04-23
6405,1043,Needs Improvement,2025-01-12
6406,6042,Excellent,2025-05-03
6407,1832,Needs Improvement,2025-01-01
6408,12755,Average,2024-11-21
6409,8970,Good,2024-09-26
6410,9121,Average,2025-04-26
6411,10772,Excellent,2025-06-05
6412,3567,Needs Improvement,2025-05-13
6413,2255,Needs Improvement,2024-08-22
6414,6257,Excellent,2024-11-14
6415,8697,Good,2025-04-16
6416,6501,Good,2024-11-08
6417,5589,Average,2024-12-12
6418,13905,Good,2024-12-15
6419,4867,Excellent,2024-12-02
6420,15759,Excellent,2024-10-18
6421,18134,Good,2025-02-27
6422,13644,Needs Improvement,2024-10-21
6423,6762,Good,2024-10-06
6424,5275,Good,2024-11-14
6425,9449,Needs Improvement,2024-08-19
6426,18453,Average,2025-03-03
6427,14401,Good,2025-01-11
6428,194,Excellent,2025-01-29
6429,6074,Average,2024-09-08
6430,4497,Excellent,2024-09-22
6431,9076,Average,2024-09-04
6432,11251,Excellent,2024-12-06
6433,10368,Excellent,2025-06-11
6434,16255,Needs Improvement,2025-02-12
6435,9269,Needs Improvement,2025-04-03
6436,6713,Needs Improvement,2025-02-10
6437,11749,Good,2025-04-11
6438,157,Excellent,2025-06-20
6439,13964,Average,2024-11-13
6440,16125,Good,2025-03-03
6441,18690,Average,2025-04-19
6442,16671,Excellent,2024-08-20
6443,2966,Good,2025-04-23
6444,12494,Needs Improvement,2024-08-09
6445,4706,Excellent,2025-02-13
6446,14221,Excellent,2024-12-31
6447,2461,Average,2024-12-30
6448,15939,Average,2025-04-08
6449,13268,Average,2025-03-25
6450,9610,Needs Improvement,2025-03-17
6451,15298,Excellent,2025-01-03
6452,8814,Average,2024-07-18
6453,15167,Average,2024-10-16
6454,9571,Good,2024-12-30
6455,939,Good,2025-01-19
6456,489,Average,2025-03-28
6457,15985,Excellent,2025-05-02
6458,6366,Good,2024-08-25
6459,19749,Average,2025-02-24
6460,14162,Needs Improvement,2025-05-17
6461,670,Excellent,2025-05-17
6462,18315,Excellent,2025-06-30
6463,6915,Excellent,2025-05-06
6464,16779,Average,2024-10-22
6465,8323,Excellent,2025-06-26
6466,18608,Needs Improvement,2025-06-09
6467,15704,Needs Improvement,2025-01-29
6468,19777,Excellent,2024-11-19
6469,11099,Excellent,2025-04-11
6470,13361,Needs Improvement,2024-10-10
6471,5212,Needs Improvement,2024-08-11
6472,8994,Needs Improvement,2025-01-30
6473,10190,Average,2025-04-10
6474,13757,Good,2024-11-11
6475,10124,Needs Improvement,2025-02-19
6476,7059,Excellent,2024-10-24
6477,9500,Excellent,2024-12-16
6478,3978,Average,2025-02-16
6479,16549,Good,2025-04-30
6480,14282,Average,2025-06-24
6481,7850,Good,2024-12-12
6482,14181,Average,2025-02-16
6483,16325,Average,2025-01-18
6484,8254,Good,2024-11-04
6485,17795,Good,2025-06-27
6486,12920,Average,2024-11-04
6487,6135,Good,2024-09-03
6488,16573,Good,2025-01-27
6489,9501,Good,2025-02-07
6490,2104,Average,2024-11-09
6491,18031,Needs Improvement,2024-12-29
6492,11419,Needs Improvement,2024-10-16
6493,6034,Good,2025-01-31
6494,8864,Needs Improvement,2025-06-20
6495,9846,Excellent,2024-12-15
6496,7802,Needs Improvement,2025-06-17
6497,4545,Average,2024-10-16
6498,660,Excellent,2024-08-24
6499,6188,Needs Improvement,2024-12-10
6500,19937,Needs Improvement,2024-12-17
6501,4501,Excellent,2025-02-23
6502,17691,Average,2025-01-25
6503,17041,Excellent,2024-09-07
6504,897,Good,2025-04-18
6505,9431,Average,2025-07-01
6506,2843,Needs Improvement,2025-04-15
6507,10274,Average,2024-07-09
6508,19978,Needs Improvement,2025-01-08
6509,16635,Needs Improvement,2025-02-15
6510,8451,Average,2025-03-28
6511,4865,Needs Improvement,2025-02-13
6512,15157,Good,2024-12-09
6513,8240,Needs Improvement,2025-04-12
6514,1149,Excellent,2025-06-19
6515,18922,Good,2024-12-05
6516,13131,Good,2025-02-27
6517,9467,Excellent,2025-04-07
6518,11504,Needs Improvement,2025-04-30
6519,12469,Good,2024-11-29
6520,18952,Average,2024-09-21
6521,8430,Needs Improvement,2025-05-25
6522,14593,Excellent,2025-01-03
6523,11240,Needs Improvement,2025-04-19
6524,2596,Average,2025-02-28
6525,5514,Needs Improvement,2024-11-20
6526,6525,Good,2024-10-10
6527,11684,Average,2024-09-14
6528,11685,Needs Improvement,2025-01-21
6529,8326,Average,2025-06-11
6530,15985,Good,2024-12-14
6531,5806,Needs Improvement,2025-03-01
6532,1595,Good,2025-02-01
6533,4324,Needs Improvement,2024-07-20
6534,1469,Average,2024-09-18
6535,16491,Good,2025-01-03
6536,3270,Excellent,2024-11-28
6537,14123,Excellent,2024-10-03
6538,19306,Needs Improvement,2024-08-14
6539,6341,Excellent,2024-11-09
6540,14298,Average,2025-06-03
6541,7158,Excellent,2024-11-24
6542,15763,Good,2025-05-13
6543,1255,Needs Improvement,2024-09-25
6544,19544,Needs Improvement,2025-05-20
6545,2448,Needs Improvement,2024-07-21
6546,9270,Good,2025-03-28
6547,16261,Excellent,2025-06-01
6548,6397,Average,2025-01-06
6549,12353,Excellent,2025-04-24
6550,4055,Needs Improvement,2025-05-25
6551,383,Needs Improvement,2025-03-19
6552,10914,Needs Improvement,2024-12-15
6553,8162,Average,2024-08-04
6554,11497,Excellent,2025-01-17
6555,13900,Needs Improvement,2025-01-02
6556,4413,Excellent,2025-05-13
6557,2000,Needs Improvement,2024-12-19
6558,11537,Needs Improvement,2024-09-27
6559,3936,Average,2024-08-09
6560,2826,Average,2024-11-29
6561,11847,Good,2025-06-03
6562,19847,Needs Improvement,2025-01-17
6563,14029,Needs Improvement,2024-10-05
6564,832,Needs Improvement,2024-11-27
6565,5727,Average,2025-03-24
6566,8812,Good,2024-11-03
6567,19369,Average,2025-01-29
6568,16001,Average,2024-10-18
6569,9530,Needs Improvement,2025-01-03
6570,4105,Needs Improvement,2025-05-17
6571,15521,Excellent,2025-05-27
6572,11202,Needs Improvement,2025-05-21
6573,4060,Excellent,2024-12-18
6574,16699,Excellent,2025-01-10
6575,10671,Excellent,2024-08-09
6576,8183,Average,2025-07-05
6577,3636,Needs Improvement,2025-01-06
6578,8775,Good,2024-07-13
6579,13482,Excellent,2025-05-25
6580,19627,Average,2025-01-07
6581,15505,Needs Improvement,2024-12-07
6582,8461,Excellent,2025-03-04
6583,13709,Good,2025-02-16
6584,11227,Needs Improvement,2024-12-13
6585,5540,Good,2025-04-15
6586,1745,Excellent,2024-10-21
6587,15272,Average,2024-12-31
6588,8424,Average,2025-01-05
6589,14571,Needs Improvement,2024-12-18
6590,13874,Good,2024-12-03
6591,16950,Needs Improvement,2024-08-16
6592,8923,Excellent,2025-02-12
6593,3325,Good,2025-02-20
6594,1610,Average,2025-04-18
6595,16463,Excellent,2024-11-03
6596,7583,Good,2025-01-11
6597,16632,Average,2024-12-11
6598,10228,Good,2025-05-07
6599,13335,Average,2024-10-12
6600,19211,Good,2025-04-28
6601,7221,Good,2025-02-11
6602,12117,Average,2024-12-05
6603,17378,Average,2024-07-28
6604,18690,Average,2025-05-16
6605,146,Needs Improvement,2024-10-25
6606,16999,Good,2024-07-30
6607,1339,Average,2025-06-03
6608,14132,Needs Improvement,2025-04-17
6609,17195,Average,2025-03-04
6610,11229,Excellent,2024-07-21
6611,12959,Average,2025-06-18
6612,8224,Needs Improvement,2025-05-09
6613,5998,Needs Improvement,2024-07-06
6614,14617,Needs Improvement,2025-06-10
6615,7146,Average,2024-08-16
6616,7635,Excellent,2024-08-25
6617,15996,Excellent,2025-05-31
6618,9928,Good,2025-06-03
6619,13622,Good,2025-06-04
6620,7446,Needs Improvement,2025-05-14
6621,6539,Excellent,2025-02-06
6622,10942,Needs Improvement,2025-02-21
6623,18024,Good,2025-01-20
6624,18789,Average,2024-11-21
6625,17897,Average,2024-11-10
6626,16793,Needs Improvement,2024-10-08
6627,15432,Good,2025-05-05
6628,12439,Good,2024-12-18
6629,1862,Excellent,2024-07-30
6630,6281,Good,2025-03-25
6631,2692,Needs Improvement,2024-09-18
6632,18767,Excellent,2025-02-21
6633,770,Average,2024-11-02
6634,16771,Good,2025-04-01
6635,4064,Excellent,2024-11-13
6636,1037,Average,2025-02-20
6637,3811,Good,2024-09-01
6638,19089,Excellent,2024-08-19
6639,17995,Excellent,2025-04-20
6640,1515,Average,2025-07-03
6641,13401,Average,2025-02-23
6642,11644,Good,2024-08-04
6643,719,Average,2025-06-20
6644,3970,Good,2024-09-19
6645,14874,Good,2025-05-12
6646,1231,Good,2025-06-23
6647,4,Needs Improvement,2025-02-21
6648,9020,Average,2024-09-09
6649,9657,Good,2025-03-04
6650,17197,Average,2025-04-25
6651,9561,Needs Improvement,2024-11-20
6652,12378,Needs Improvement,2024-08-30
6653,17619,Good,2025-01-21
6654,9160,Average,2025-04-04
6655,1006,Excellent,2024-10-03
6656,3314,Excellent,2025-06-27
6657,6108,Average,2025-03-13
6658,10779,Average,2024-07-08
6659,18216,Average,2025-04-07
6660,3839,Good,2025-03-26
6661,12929,Needs Improvement,2024-09-07
6662,7537,Excellent,2025-02-27
6663,11161,Excellent,2025-04-21
6664,19278,Good,2024-11-14
6665,12751,Average,2025-05-29
6666,10939,Average,2025-01-17
6667,19010,Needs Improvement,2024-11-18
6668,1391,Good,2025-06-13
6669,17612,Average,2025-06-20
6670,12466,Needs Improvement,2025-04-10
6671,7691,Excellent,2025-02-20
6672,4289,Excellent,2025-05-12
6673,4240,Excellent,2024-08-06
6674,14944,Good,2025-06-15
6675,17539,Good,2024-08-03
6676,13797,Good,2024-10-25
6677,15559,Excellent,2025-07-01
6678,9001,Excellent,2025-05-09
6679,16972,Needs Improvement,2024-08-03
6680,10647,Average,2024-09-03
6681,727,Good,2025-05-10
6682,1991,Good,2025-05-31
6683,9190,Needs Improvement,2025-07-05
6684,16567,Excellent,2024-10-27
6685,9699,Average,2025-02-07
6686,10571,Needs Improvement,2024-11-18
6687,5385,Needs Improvement,2024-08-04
6688,18258,Good,2025-03-04
6689,16138,Good,2025-04-22
6690,3706,Needs Improvement,2024-09-03
6691,18397,Good,2024-12-04
6692,19947,Excellent,2025-04-03
6693,8570,Excellent,2025-02-20
6694,18507,Excellent,2024-12-27
6695,10014,Excellent,2024-09-07
6696,12943,Average,2025-01-04
6697,10741,Average,2024-12-26
6698,17924,Needs Improvement,2024-12-25
6699,11824,Average,2024-10-21
6700,10997,Average,2025-02-15
6701,3063,Good,2024-08-29
6702,14866,Good,2024-08-23
6703,12740,Excellent,2024-12-19
6704,14401,Excellent,2025-03-26
6705,4117,Average,2025-02-24
6706,8394,Excellent,2025-04-10
6707,11224,Excellent,2025-06-07
6708,11785,Good,2024-12-13
6709,3979,Average,2024-12-06
6710,5377,Good,2024-09-19
6711,4142,Average,2024-11-07
6712,327,Needs Improvement,2025-04-11
6713,3370,Excellent,2024-12-06
6714,1196,Good,2025-02-06
6715,16101,Average,2025-04-28
6716,5389,Needs Improvement,2024-08-04
6717,2943,Good,2025-04-14
6718,15455,Average,2025-04-16
6719,12429,Average,2025-06-11
6720,16550,Excellent,2025-04-30
6721,10735,Excellent,2024-09-25
6722,2241,Good,2024-10-04
6723,18419,Needs Improvement,2024-07-20
6724,12684,Good,2025-01-05
6725,6643,Good,2024-07-15
6726,7675,Needs Improvement,2024-08-12
6727,11381,Needs Improvement,2024-09-13
6728,12670,Good,2024-11-25
6729,14714,Excellent,2025-03-25
6730,4395,Needs Improvement,2025-01-07
6731,640,Average,2024-11-13
6732,18983,Good,2025-01-07
6733,18708,Average,2024-11-20
6734,10125,Needs Improvement,2025-02-19
6735,3657,Good,2024-08-10
6736,5201,Good,2024-08-19
6737,12781,Excellent,2024-08-24
6738,16149,Good,2025-01-23
6739,16169,Average,2025-03-27
6740,10097,Needs Improvement,2024-08-06
6741,13849,Average,2025-02-10
6742,9587,Needs Improvement,2025-06-03
6743,18559,Average,2024-12-29
6744,19087,Excellent,2025-04-26
6745,16789,Needs Improvement,2025-06-08
6746,7190,Good,2025-07-04
6747,8492,Excellent,2024-09-12
6748,9976,Good,2025-06-01
6749,7291,Average,2025-01-31
6750,13401,Needs Improvement,2025-04-12
6751,9030,Good,2025-04-19
6752,10878,Needs Improvement,2025-04-03
6753,14692,Excellent,2024-07-10
6754,466,Average,2024-08-16
6755,6525,Good,2024-09-28
6756,9591,Good,2024-12-28
6757,9333,Average,2024-11-02
6758,5920,Excellent,2024-10-13
6759,6862,Needs Improvement,2025-07-06
6760,5993,Needs Improvement,2024-09-30
6761,13196,Excellent,2024-12-14
6762,14099,Excellent,2024-09-01
6763,388,Average,2024-08-04
6764,3697,Needs Improvement,2024-11-14
6765,9953,Average,2024-07-18
6766,14187,Excellent,2025-01-19
6767,2583,Average,2024-11-03
6768,13014,Average,2025-04-06
6769,5423,Needs Improvement,2025-03-22
6770,7786,Average,2025-05-26
6771,4338,Excellent,2025-01-07
6772,18947,Average,2025-04-30
6773,12512,Needs Improvement,2024-12-18
6774,1445,Excellent,2024-12-11
6775,12144,Excellent,2025-03-14
6776,16970,Average,2024-10-12
6777,12186,Needs Improvement,2024-10-19
6778,11881,Average,2025-02-28
6779,16201,Excellent,2024-09-19
6780,14445,Excellent,2024-07-10
6781,5077,Excellent,2025-02-06
6782,5792,Excellent,2024-11-25
6783,1840,Good,2024-11-02
6784,1427,Average,2024-11-25
6785,3858,Excellent,2024-10-14
6786,6566,Good,2024-09-03
6787,17705,Good,2024-08-24
6788,9184,Needs Improvement,2024-08-08
6789,16769,Good,2024-09-23
6790,15249,Needs Improvement,2025-04-21
6791,17950,Needs Improvement,2025-02-19
6792,521,Average,2025-05-15
6793,19660,Needs Improvement,2025-06-19
6794,19064,Excellent,2025-06-12
6795,3285,Needs Improvement,2024-11-13
6796,11037,Needs Improvement,2024-12-08
6797,19843,Excellent,2024-12-21
6798,19377,Excellent,2025-05-07
6799,7220,Good,2025-05-11
6800,7690,Average,2024-11-25
6801,17907,Average,2025-01-22
6802,7045,Good,2025-06-02
6803,14998,Excellent,2024-08-17
6804,13173,Needs Improvement,2024-11-11
6805,13055,Needs Improvement,2024-12-31
6806,3764,Average,2025-05-30
6807,9356,Average,2025-04-20
6808,19760,Good,2025-02-01
6809,5424,Excellent,2024-08-17
6810,8204,Excellent,2024-09-22
6811,11827,Good,2025-05-21
6812,8779,Needs Improvement,2025-02-14
6813,14458,Good,2024-11-09
6814,10805,Needs Improvement,2024-11-06
6815,16612,Needs Improvement,2025-04-17
6816,3468,Average,2025-06-07
6817,3553,Average,2024-08-09
6818,12542,Excellent,2025-04-22
6819,8461,Needs Improvement,2024-09-26
6820,3745,Average,2024-12-07
6821,593,Needs Improvement,2025-03-14
6822,2646,Average,2024-12-12
6823,16428,Needs Improvement,2025-01-13
6824,7643,Needs Improvement,2025-04-24
6825,17023,Average,2024-10-26
6826,14919,Needs Improvement,2025-05-18
6827,10692,Good,2024-12-15
6828,8313,Excellent,2024-07-24
6829,13979,Needs Improvement,2025-05-04
6830,171,Good,2024-07-06
6831,6782,Excellent,2025-06-15
6832,10579,Needs Improvement,2024-09-30
6833,14756,Excellent,2025-04-28
6834,13167,Good,2024-12-09
6835,17473,Good,2025-05-04
6836,4703,Good,2025-01-05
6837,4184,Good,2024-07-31
6838,4935,Good,2024-09-11
6839,13018,Excellent,2024-12-17
6840,522,Needs Improvement,2024-12-09
6841,10135,Good,2025-05-29
6842,13341,Average,2024-10-19
6843,9829,Needs Improvement,2024-07-25
6844,19964,Needs Improvement,2024-10-03
6845,4995,Good,2024-11-08
6846,5177,Good,2024-09-25
6847,16294,Excellent,2024-10-20
6848,18909,Average,2025-05-12
6849,6280,Good,2024-11-11
6850,1734,Good,2024-09-04
6851,17283,Needs Improvement,2024-09-26
6852,17048,Needs Improvement,2025-03-14
6853,19584,Needs Improvement,2024-10-10
6854,15670,Average,2024-10-04
6855,10901,Needs Improvement,2025-05-01
6856,3760,Good,2025-06-12
6857,17421,Needs Improvement,2024-12-17
6858,2260,Average,2024-10-12
6859,19229,Good,2025-03-24
6860,11032,Excellent,2024-08-01
6861,14134,Average,2025-03-24
6862,4770,Excellent,2024-08-28
6863,15346,Average,2025-01-30
6864,14183,Average,2024-09-27
6865,2468,Needs Improvement,2025-03-22
6866,14777,Average,2025-03-07
6867,2668,Needs Improvement,2024-10-07
6868,16577,Needs Improvement,2024-12-19
6869,8334,Average,2024-11-02
6870,14130,Good,2024-08-27
6871,6480,Needs Improvement,2025-06-14
6872,19383,Needs Improvement,2025-03-24
6873,6719,Good,2025-06-18
6874,8499,Average,2025-02-06
6875,1073,Good,2025-06-16
6876,16040,Needs Improvement,2025-01-29
6877,18741,Good,2024-10-21
6878,11448,Average,2025-06-07
6879,13567,Good,2025-03-28
6880,6237,Needs Improvement,2025-06-14
6881,9494,Good,2024-12-23
6882,16469,Average,2025-06-03
6883,4915,Excellent,2024-08-28
6884,19729,Excellent,2024-08-31
6885,6887,Good,2024-12-24
6886,6031,Good,2024-08-20
6887,13379,Needs Improvement,2025-02-27
6888,11105,Excellent,2024-07-26
6889,2577,Good,2024-11-25
6890,9603,Needs Improvement,2024-09-29
6891,11335,Average,2025-01-14
6892,16393,Excellent,2024-12-22
6893,3004,Needs Improvement,2024-09-24
6894,12858,Average,2024-11-29
6895,9900,Good,2025-04-26
6896,8813,Good,2024-08-11
6897,5777,Average,2025-03-07
6898,19266,Average,2024-12-04
6899,3187,Needs Improvement,2024-07-09
6900,8445,Excellent,2024-11-30
6901,319,Needs Improvement,2025-06-25
6902,6736,Average,2025-02-22
6903,2424,Average,2024-09-04
6904,17002,Excellent,2024-11-04
6905,18179,Good,2025-03-19
6906,4213,Good,2024-08-10
6907,13066,Excellent,2025-01-21
6908,11481,Excellent,2025-05-15
6909,15826,Needs Improvement,2025-01-19
6910,14531,Average,2024-10-01
6911,7251,Good,2024-12-15
6912,10882,Needs Improvement,2025-06-02
6913,14888,Good,2025-02-25
6914,10409,Average,2025-01-21
6915,11048,Good,2025-02-22
6916,12277,Excellent,2025-01-01
6917,12696,Excellent,2025-05-28
6918,10603,Needs Improvement,2025-04-13
6919,4511,Average,2024-09-22
6920,3343,Excellent,2024-12-11
6921,728,Excellent,2024-08-02
6922,2745,Good,2025-03-03
6923,16131,Good,2025-05-13
6924,1452,Excellent,2024-08-23
6925,7263,Good,2024-08-07
6926,10477,Needs Improvement,2024-11-22
6927,10270,Needs Improvement,2025-03-13
6928,13924,Needs Improvement,2024-08-24
6929,8351,Needs Improvement,2024-08-30
6930,3466,Good,2025-06-27
6931,18580,Excellent,2025-07-01
6932,6751,Average,2025-06-28
6933,14502,Average,2024-09-16
6934,18670,Excellent,2024-09-15
6935,19300,Average,2025-04-12
6936,14761,Good,2024-09-29
6937,2766,Average,2025-03-20
6938,14445,Excellent,2025-05-28
6939,5756,Average,2024-07-14
6940,19792,Needs Improvement,2024-10-22
6941,3153,Good,2024-10-22
6942,6566,Good,2024-09-19
6943,12703,Good,2024-09-12
6944,9212,Good,2024-08-06
6945,7477,Good,2024-11-27
6946,7777,Excellent,2024-09-02
6947,15606,Average,2024-08-08
6948,5664,Average,2025-02-01
6949,9936,Needs Improvement,2025-01-13
6950,19093,Needs Improvement,2024-07-21
6951,2833,Excellent,2025-03-21
6952,7453,Needs Improvement,2024-09-06
6953,8569,Average,2025-05-05
6954,3314,Good,2024-11-09
6955,18396,Excellent,2025-01-20
6956,7691,Good,2025-04-26
6957,14598,Needs Improvement,2025-03-13
6958,1936,Excellent,2024-09-30
6959,13702,Good,2024-09-11
6960,8590,Average,2024-12-24
6961,17788,Good,2024-08-20
6962,6358,Good,2025-06-21
6963,2317,Needs Improvement,2025-05-12
6964,17185,Average,2025-04-13
6965,18494,Good,2025-03-10
6966,19891,Good,2024-07-14
6967,640,Average,2024-09-01
6968,14698,Excellent,2024-10-19
6969,10239,Needs Improvement,2025-06-10
6970,10021,Good,2025-02-13
6971,17151,Excellent,2025-02-24
6972,8969,Needs Improvement,2024-12-14
6973,8537,Excellent,2024-09-21
6974,7892,Excellent,2024-09-30
6975,14044,Average,2024-09-02
6976,7065,Excellent,2024-08-07
6977,13692,Excellent,2025-06-17
6978,9504,Good,2025-02-13
6979,16678,Average,2024-07-24
6980,7301,Excellent,2025-06-09
6981,11345,Excellent,2025-03-31
6982,6065,Good,2025-06-12
6983,2661,Excellent,2025-02-05
6984,19552,Excellent,2024-07-14
6985,11418,Good,2025-06-24
6986,12925,Average,2025-05-21
6987,11932,Good,2024-09-08
6988,19794,Needs Improvement,2024-07-25
6989,12969,Excellent,2025-03-26
6990,16770,Needs Improvement,2025-03-22
6991,13623,Good,2024-08-17
6992,117,Needs Improvement,2025-01-06
6993,13470,Needs Improvement,2025-04-02
6994,19503,Needs Improvement,2024-07-30
6995,14018,Needs Improvement,2024-09-27
6996,7761,Excellent,2025-05-16
6997,8367,Needs Improvement,2025-01-27
6998,4257,Average,2025-05-23
6999,16953,Average,2024-11-04
7000,14724,Needs Improvement,2024-10-22
7001,17162,Excellent,2025-05-07
7002,13674,Average,2024-10-18
7003,4314,Excellent,2024-08-23
7004,9088,Average,2025-04-07
7005,9430,Needs Improvement,2024-11-02
7006,15348,Good,2025-01-25
7007,7711,Good,2025-05-29
7008,10165,Average,2025-03-11
7009,4190,Needs Improvement,2025-05-13
7010,274,Excellent,2025-05-28
7011,584,Good,2024-07-14
7012,16397,Good,2024-07-25
7013,9036,Average,2024-08-01
7014,4891,Excellent,2024-11-21
7015,6732,Excellent,2024-11-11
7016,15772,Average,2024-10-06
7017,16011,Needs Improvement,2024-07-27
7018,6082,Good,2024-10-23
7019,8641,Good,2025-06-25
7020,7038,Average,2025-01-20
7021,12252,Needs Improvement,2025-04-10
7022,4522,Excellent,2025-07-04
7023,3569,Good,2024-09-28
7024,13131,Average,2025-06-22
7025,17728,Average,2025-06-16
7026,17701,Needs Improvement,2025-02-12
7027,11235,Excellent,2024-11-30
7028,15624,Good,2025-02-03
7029,11396,Good,2025-02-07
7030,6967,Average,2025-03-26
7031,9061,Good,2024-07-22
7032,2282,Average,2024-10-04
7033,19102,Average,2025-03-22
7034,7682,Needs Improvement,2025-01-17
7035,4949,Average,2024-07-30
7036,9386,Good,2024-09-07
7037,9054,Excellent,2025-01-25
7038,11924,Needs Improvement,2025-01-07
7039,4737,Average,2024-07-06
7040,9195,Needs Improvement,2025-02-17
7041,8787,Needs Improvement,2025-01-05
7042,13050,Average,2025-01-18
7043,17222,Average,2025-03-09
7044,3637,Average,2024-08-28
7045,3882,Excellent,2024-10-04
7046,1284,Average,2024-11-27
7047,6800,Needs Improvement,2024-10-04
7048,9414,Good,2025-03-16
7049,5184,Excellent,2024-12-12
7050,9109,Excellent,2024-11-28
7051,8695,Good,2024-12-15
7052,13918,Needs Improvement,2024-10-15
7053,9584,Good,2024-10-20
7054,438,Excellent,2024-10-05
7055,953,Needs Improvement,2024-12-24
7056,12449,Average,2024-12-15
7057,15118,Good,2025-06-26
7058,4710,Needs Improvement,2025-06-30
7059,9853,Excellent,2025-02-01
7060,19624,Average,2025-03-09
7061,19173,Average,2024-10-26
7062,1299,Excellent,2024-09-03
7063,5054,Excellent,2025-04-15
7064,160,Needs Improvement,2024-09-19
7065,11402,Average,2024-09-26
7066,1202,Excellent,2025-05-08
7067,8050,Average,2024-07-30
7068,13866,Excellent,2025-03-31
7069,6314,Good,2025-03-04
7070,15037,Average,2025-04-08
7071,19893,Excellent,2025-04-22
7072,7627,Good,2024-11-14
7073,15133,Excellent,2024-09-19
7074,3229,Needs Improvement,2024-12-25
7075,18911,Average,2024-08-18
7076,6906,Excellent,2025-04-07
7077,13390,Average,2025-04-17
7078,1416,Needs Improvement,2025-03-24
7079,19520,Excellent,2025-06-23
7080,5974,Average,2024-10-15
7081,15656,Needs Improvement,2025-01-18
7082,8595,Needs Improvement,2024-11-26
7083,10026,Excellent,2024-08-05
7084,9090,Needs Improvement,2025-01-24
7085,8412,Excellent,2024-07-24
7086,16162,Excellent,2024-11-01
7087,7869,Needs Improvement,2024-09-21
7088,12421,Needs Improvement,2024-12-11
7089,18609,Good,2025-03-23
7090,11443,Needs Improvement,2024-07-21
7091,17943,Needs Improvement,2025-03-11
7092,17812,Average,2025-05-21
7093,9021,Excellent,2024-09-04
7094,8818,Needs Improvement,2024-10-16
7095,7157,Average,2025-05-20
7096,14205,Needs Improvement,2024-08-04
7097,7054,Excellent,2024-08-15
7098,12606,Average,2024-07-30
7099,9366,Needs Improvement,2025-05-30
7100,16644,Good,2025-06-01
7101,6034,Excellent,2024-10-21
7102,14954,Average,2025-05-11
7103,19876,Good,2025-05-30
7104,2018,Needs Improvement,2025-02-07
7105,19597,Excellent,2024-11-21
7106,15404,Needs Improvement,2025-04-04
7107,14444,Excellent,2025-05-13
7108,16034,Average,2025-04-06
7109,6148,Excellent,2024-11-11
7110,3891,Excellent,2025-06-28
7111,13424,Average,2024-11-14
7112,8975,Excellent,2025-01-31
7113,15678,Average,2025-06-20
7114,15129,Good,2025-05-13
7115,10818,Good,2025-06-25
7116,16521,Excellent,2024-12-07
7117,3539,Good,2024-10-06
7118,1376,Needs Improvement,2024-07-25
7119,12928,Excellent,2025-06-04
7120,149,Good,2025-03-08
7121,3909,Good,2024-11-20
7122,331,Average,2024-09-23
7123,14948,Average,2024-07-15
7124,4500,Excellent,2024-07-23
7125,17235,Good,2024-07-07
7126,8701,Average,2025-05-09
7127,19605,Average,2024-07-06
7128,11371,Needs Improvement,2024-08-04
7129,382,Good,2024-12-18
7130,6372,Needs Improvement,2025-04-11
7131,8985,Needs Improvement,2025-03-02
7132,18788,Needs Improvement,2024-09-09
7133,5993,Average,2025-01-15
7134,12776,Good,2024-12-15
7135,16662,Needs Improvement,2024-07-23
7136,17426,Average,2024-09-25
7137,18173,Average,2024-11-05
7138,18004,Good,2025-02-01
7139,14459,Good,2024-07-15
7140,862,Good,2024-11-18
7141,744,Average,2024-09-10
7142,13029,Average,2024-11-30
7143,9894,Good,2025-04-13
7144,13659,Needs Improvement,2024-07-16
7145,3967,Good,2025-06-06
7146,14135,Needs Improvement,2024-08-20
7147,12649,Good,2025-02-16
7148,12112,Average,2024-09-01
7149,18478,Good,2024-08-17
7150,3583,Good,2024-08-03
7151,10040,Good,2025-02-16
7152,3168,Excellent,2025-05-21
7153,4765,Good,2025-07-01
7154,15913,Good,2024-11-05
7155,6126,Excellent,2024-07-29
7156,19744,Needs Improvement,2024-10-21
7157,11345,Needs Improvement,2025-06-23
7158,3513,Good,2025-04-18
7159,11079,Average,2024-10-23
7160,7639,Excellent,2024-12-18
7161,2422,Average,2025-02-24
7162,4186,Needs Improvement,2024-08-25
7163,14655,Average,2025-07-06
7164,10183,Excellent,2024-08-16
7165,14951,Needs Improvement,2025-02-10
7166,1959,Needs Improvement,2025-06-08
7167,17322,Needs Improvement,2024-10-06
7168,747,Good,2025-05-23
7169,15602,Needs Improvement,2025-04-11
7170,11324,Average,2024-09-02
7171,16704,Needs Improvement,2024-10-14
7172,6159,Good,2025-04-04
7173,18685,Excellent,2024-11-15
7174,15785,Average,2024-11-12
7175,13515,Needs Improvement,2024-11-22
7176,17267,Excellent,2024-10-03
7177,14446,Average,2024-09-09
7178,16608,Excellent,2025-03-23
7179,14135,Excellent,2025-03-12
7180,12279,Needs Improvement,2024-10-31
7181,12353,Excellent,2025-04-29
7182,8763,Good,2025-02-03
7183,6520,Good,2025-05-06
7184,13500,Needs Improvement,2024-12-24
7185,15218,Needs Improvement,2025-02-06
7186,7328,Average,2025-06-05
7187,14800,Good,2024-12-24
7188,3147,Needs Improvement,2024-10-28
7189,16026,Good,2025-04-17
7190,12854,Average,2024-10-16
7191,287,Good,2024-09-20
7192,13186,Good,2025-03-13
7193,9292,Needs Improvement,2025-01-22
7194,2426,Excellent,2025-02-24
7195,10741,Excellent,2024-08-30
7196,4436,Good,2025-03-27
7197,10028,Excellent,2024-12-17
7198,18957,Needs Improvement,2024-08-08
7199,6272,Excellent,2024-11-11
7200,15064,Average,2025-06-05
7201,5494,Average,2024-12-27
7202,18011,Average,2025-06-29
7203,8185,Good,2024-07-27
7204,10377,Good,2025-03-02
7205,11490,Excellent,2024-08-10
7206,6747,Good,2024-12-14
7207,6715,Needs Improvement,2025-05-10
7208,18002,Excellent,2025-02-15
7209,9963,Average,2025-01-21
7210,1403,Needs Improvement,2025-03-02
7211,19688,Average,2024-11-02
7212,13719,Good,2025-01-14
7213,12809,Good,2025-06-12
7214,18812,Good,2024-09-14
7215,17538,Good,2025-04-17
7216,13919,Excellent,2025-06-16
7217,19490,Good,2024-12-01
7218,7770,Average,2025-06-17
7219,17399,Good,2025-02-13
7220,18916,Average,2025-03-06
7221,18806,Needs Improvement,2025-04-26
7222,7205,Average,2024-08-10
7223,17340,Needs Improvement,2024-07-15
7224,2580,Excellent,2024-10-16
7225,7941,Average,2024-08-04
7226,13783,Good,2025-03-30
7227,13648,Average,2024-10-14
7228,10169,Needs Improvement,2025-05-06
7229,17566,Needs Improvement,2025-05-11
7230,10941,Excellent,2025-03-04
7231,11819,Needs Improvement,2025-04-10
7232,6834,Excellent,2024-10-29
7233,8349,Needs Improvement,2024-10-04
7234,7904,Average,2025-03-14
7235,11153,Excellent,2024-10-20
7236,7974,Good,2024-12-14
7237,7517,Excellent,2024-11-02
7238,9588,Good,2025-06-15
7239,628,Needs Improvement,2024-12-11
7240,2650,Good,2025-02-27
7241,12153,Average,2025-02-22
7242,16518,Excellent,2025-06-08
7243,5450,Good,2025-03-05
7244,15728,Average,2025-06-09
7245,17810,Average,2025-01-11
7246,15462,Good,2025-02-02
7247,3973,Good,2025-04-17
7248,4672,Good,2025-02-01
7249,10219,Average,2024-09-09
7250,5698,Excellent,2024-10-12
7251,2221,Excellent,2025-03-19
7252,2403,Needs Improvement,2024-07-10
7253,10250,Good,2025-06-22
7254,13726,Excellent,2024-08-29
7255,6920,Needs Improvement,2025-06-09
7256,9492,Needs Improvement,2025-04-23
7257,18284,Good,2025-05-01
7258,18588,Average,2024-11-05
7259,6955,Needs Improvement,2025-02-04
7260,5228,Needs Improvement,2024-08-10
7261,3831,Needs Improvement,2024-12-29
7262,1774,Excellent,2024-12-02
7263,16101,Needs Improvement,2025-01-19
7264,9878,Needs Improvement,2025-04-16
7265,15921,Good,2025-05-24
7266,17471,Good,2024-11-08
7267,3253,Needs Improvement,2024-09-30
7268,5221,Average,2025-06-29
7269,18066,Good,2024-12-23
7270,7029,Needs Improvement,2024-07-12
7271,6931,Excellent,2024-10-06
7272,5324,Excellent,2025-05-16
7273,18501,Needs Improvement,2025-03-02
7274,19269,Good,2025-03-25
7275,12398,Good,2025-04-07
7276,15328,Excellent,2025-01-02
7277,5248,Good,2025-03-02
7278,13438,Excellent,2025-03-08
7279,11839,Excellent,2024-10-13
7280,11738,Excellent,2024-10-24
7281,5507,Needs Improvement,2025-05-07
7282,701,Average,2024-11-12
7283,14743,Excellent,2025-01-05
7284,294,Needs Improvement,2025-02-16
7285,9360,Needs Improvement,2024-09-17
7286,9959,Needs Improvement,2024-07-07
7287,16734,Good,2024-12-03
7288,11398,Good,2024-08-09
7289,7625,Average,2024-12-14
7290,4089,Needs Improvement,2025-04-29
7291,17465,Excellent,2024-12-25
7292,11771,Average,2025-05-01
7293,14549,Excellent,2024-11-04
7294,17070,Needs Improvement,2024-11-07
7295,12729,Needs Improvement,2024-09-18
7296,4225,Needs Improvement,2024-07-17
7297,3659,Good,2024-08-12
7298,3358,Needs Improvement,2024-09-13
7299,3185,Average,2024-12-23
7300,1087,Excellent,2024-11-07
7301,14480,Needs Improvement,2024-07-26
7302,16317,Good,2024-11-26
7303,1262,Average,2024-10-03
7304,1920,Excellent,2025-02-13
7305,19327,Excellent,2024-11-12
7306,3667,Good,2025-05-25
7307,18319,Excellent,2024-10-31
7308,955,Excellent,2024-10-29
7309,6082,Needs Improvement,2025-05-07
7310,3648,Good,2025-01-21
7311,9972,Needs Improvement,2025-03-02
7312,7110,Excellent,2024-08-01
7313,3181,Needs Improvement,2025-04-09
7314,12949,Excellent,2025-01-18
7315,724,Average,2025-02-04
7316,2361,Good,2024-07-13
7317,3710,Needs Improvement,2025-03-20
7318,14248,Average,2024-10-08
7319,11351,Needs Improvement,2024-09-17
7320,4233,Average,2024-12-16
7321,17204,Good,2024-09-02
7322,15997,Good,2025-02-28
7323,10143,Excellent,2024-09-28
7324,7763,Average,2025-02-03
7325,2676,Good,2024-11-13
7326,11308,Average,2025-01-17
7327,8324,Good,2024-11-04
7328,6482,Good,2025-03-19
7329,13043,Average,2024-08-19
7330,13605,Good,2025-06-09
7331,19908,Needs Improvement,2024-08-01
7332,6269,Good,2024-09-23
7333,14714,Good,2025-04-05
7334,5027,Excellent,2024-10-08
7335,10366,Excellent,2025-05-30
7336,11515,Average,2025-01-05
7337,4067,Needs Improvement,2025-02-22
7338,1218,Needs Improvement,2024-09-06
7339,8370,Needs Improvement,2024-07-16
7340,5597,Good,2024-09-07
7341,18759,Good,2025-04-09
7342,1775,Average,2024-12-05
7343,8005,Average,2025-05-11
7344,17742,Good,2024-10-14
7345,5195,Excellent,2025-04-04
7346,7617,Average,2024-11-19
7347,9424,Good,2024-12-31
7348,12341,Needs Improvement,2025-03-27
7349,5385,Good,2025-06-18
7350,14800,Needs Improvement,2025-02-20
7351,19302,Excellent,2025-01-09
7352,3513,Excellent,2024-08-23
7353,8246,Needs Improvement,2024-10-12
7354,858,Needs Improvement,2025-05-13
7355,728,Excellent,2025-07-04
7356,19061,Needs Improvement,2024-08-16
7357,15426,Needs Improvement,2024-09-07
7358,6435,Excellent,2025-06-05
7359,9976,Needs Improvement,2024-09-10
7360,1064,Excellent,2024-11-22
7361,12031,Excellent,2024-12-02
7362,12992,Needs Improvement,2025-03-28
7363,9247,Average,2024-12-27
7364,2854,Needs Improvement,2024-10-08
7365,2028,Average,2024-11-19
7366,10208,Average,2024-10-18
7367,12465,Average,2024-08-28
7368,7494,Average,2024-07-14
7369,229,Good,2024-12-07
7370,185,Good,2024-07-20
7371,7724,Needs Improvement,2025-01-06
7372,1588,Excellent,2025-04-23
7373,988,Needs Improvement,2024-10-25
7374,10882,Needs Improvement,2025-02-12
7375,17698,Good,2025-04-07
7376,6705,Good,2024-10-07
7377,7413,Average,2024-12-31
7378,5159,Good,2024-07-06
7379,6651,Excellent,2025-03-01
7380,13681,Average,2024-09-17
7381,18216,Good,2025-06-20
7382,7981,Good,2025-04-11
7383,11466,Good,2024-12-03
7384,19621,Needs Improvement,2024-12-14
7385,19431,Average,2025-06-05
7386,1377,Average,2025-05-11
7387,19595,Needs Improvement,2024-07-16
7388,17237,Average,2024-07-21
7389,5388,Good,2025-03-23
7390,14077,Average,2024-09-25
7391,11906,Needs Improvement,2025-05-03
7392,18124,Average,2025-04-03
7393,15633,Excellent,2025-06-30
7394,9543,Needs Improvement,2024-10-15
7395,1492,Good,2024-12-24
7396,18578,Excellent,2025-01-02
7397,5369,Good,2025-03-24
7398,2920,Good,2024-10-27
7399,1068,Average,2025-01-18
7400,1891,Good,2025-05-08
7401,3325,Needs Improvement,2025-02-02
7402,7431,Needs Improvement,2025-01-02
7403,17192,Needs Improvement,2025-06-19
7404,14298,Needs Improvement,2024-09-21
7405,5029,Needs Improvement,2024-08-05
7406,7400,Excellent,2024-10-15
7407,4956,Good,2025-03-04
7408,6289,Needs Improvement,2024-11-19
7409,4758,Average,2024-09-28
7410,2118,Needs Improvement,2025-04-13
7411,19082,Needs Improvement,2024-10-31
7412,7013,Average,2025-04-24
7413,5836,Excellent,2024-07-22
7414,16494,Average,2025-03-14
7415,4030,Average,2024-12-06
7416,18023,Good,2025-04-01
7417,14513,Excellent,2024-08-06
7418,417,Good,2024-10-13
7419,1513,Good,2024-08-27
7420,14253,Average,2025-03-16
7421,19998,Needs Improvement,2025-04-09
7422,14750,Average,2025-06-08
7423,14670,Needs Improvement,2025-01-04
7424,8529,Good,2025-05-06
7425,8480,Average,2024-10-18
7426,14438,Needs Improvement,2024-10-15
7427,19415,Needs Improvement,2025-05-06
7428,14381,Excellent,2024-08-17
7429,11198,Average,2025-03-13
7430,6521,Excellent,2024-11-03
7431,16046,Average,2024-08-20
7432,3424,Needs Improvement,2024-09-08
7433,5634,Needs Improvement,2025-05-25
7434,17112,Excellent,2024-07-27
7435,13637,Needs Improvement,2024-08-09
7436,15370,Average,2025-02-28
7437,5045,Excellent,2025-02-03
7438,17277,Needs Improvement,2024-12-08
7439,102,Excellent,2024-08-05
7440,1505,Excellent,2024-07-24
7441,1254,Good,2024-12-11
7442,18518,Excellent,2025-02-06
7443,2009,Average,2025-05-04
7444,813,Needs Improvement,2025-06-30
7445,2213,Average,2025-01-08
7446,1441,Average,2025-01-07
7447,6280,Excellent,2025-05-30
7448,218,Excellent,2025-01-16
7449,7566,Average,2024-07-13
7450,9071,Needs Improvement,2024-12-16
7451,6072,Average,2025-02-18
7452,6891,Average,2024-10-17
7453,10396,Excellent,2024-09-13
7454,2545,Needs Improvement,2025-03-15
7455,11102,Needs Improvement,2025-05-22
7456,3492,Good,2025-04-28
7457,2938,Needs Improvement,2024-12-11
7458,12424,Needs Improvement,2025-01-31
7459,1177,Good,2024-08-21
7460,11440,Excellent,2024-08-24
7461,10848,Excellent,2024-10-11
7462,10078,Excellent,2025-04-19
7463,402,Excellent,2025-02-10
7464,8092,Excellent,2024-08-19
7465,16755,Good,2025-04-01
7466,12433,Needs Improvement,2024-07-08
7467,776,Excellent,2024-12-03
7468,11318,Excellent,2025-03-21
7469,14725,Excellent,2024-10-28
7470,10534,Average,2024-11-11
7471,12480,Good,2025-01-26
7472,6632,Needs Improvement,2024-09-25
7473,9094,Good,2025-06-23
7474,15015,Average,2025-05-14
7475,5995,Average,2025-04-28
7476,11906,Good,2025-04-09
7477,15803,Good,2024-12-06
7478,702,Needs Improvement,2025-02-27
7479,14720,Excellent,2025-02-18
7480,16242,Good,2024-11-02
7481,10946,Good,2024-09-08
7482,10139,Excellent,2025-06-05
7483,11528,Good,2024-12-07
7484,14092,Excellent,2024-07-14
7485,9633,Needs Improvement,2024-09-22
7486,16822,Needs Improvement,2025-04-22
7487,13266,Needs Improvement,2025-02-22
7488,12885,Needs Improvement,2024-12-22
7489,18605,Excellent,2025-01-15
7490,19017,Excellent,2025-01-27
7491,3875,Excellent,2025-02-26
7492,17631,Excellent,2024-10-05
7493,9475,Excellent,2024-09-20
7494,16584,Excellent,2024-11-22
7495,17097,Good,2025-04-15
7496,3508,Needs Improvement,2024-07-08
7497,13491,Needs Improvement,2025-03-01
7498,7853,Excellent,2024-07-14
7499,3593,Average,2025-06-15
7500,17651,Average,2024-12-07
7501,16261,Needs Improvement,2025-02-02
7502,18639,Needs Improvement,2025-06-10
7503,1305,Needs Improvement,2024-12-24
7504,1992,Average,2025-05-20
7505,13452,Needs Improvement,2024-08-04
7506,4993,Excellent,2024-09-10
7507,13049,Good,2024-07-08
7508,16123,Average,2024-12-22
7509,8142,Average,2024-12-29
7510,8823,Average,2024-12-18
7511,3719,Average,2025-06-03
7512,12109,Needs Improvement,2025-06-21
7513,3172,Excellent,2025-03-04
7514,8936,Good,2024-09-13
7515,9256,Needs Improvement,2024-09-30
7516,6831,Needs Improvement,2025-06-11
7517,3527,Average,2025-01-14
7518,12787,Needs Improvement,2024-12-13
7519,2221,Average,2024-11-10
7520,18388,Excellent,2024-11-20
7521,11527,Needs Improvement,2025-04-02
7522,7876,Excellent,2024-10-19
7523,9826,Average,2024-09-29
7524,19171,Good,2025-03-30
7525,14060,Needs Improvement,2025-05-12
7526,17359,Average,2024-08-04
7527,16598,Needs Improvement,2025-04-30
7528,16703,Excellent,2025-02-17
7529,17762,Good,2024-12-28
7530,15591,Average,2025-05-29
7531,16832,Average,2024-08-28
7532,2912,Excellent,2024-11-02
7533,9306,Needs Improvement,2025-06-14
7534,18389,Needs Improvement,2024-09-24
7535,19410,Good,2024-09-14
7536,17968,Excellent,2024-10-18
7537,1117,Average,2025-02-14
7538,15334,Average,2025-03-18
7539,8347,Good,2024-12-24
7540,18298,Excellent,2025-03-06
7541,6771,Average,2025-04-17
7542,2096,Excellent,2025-06-07
7543,19627,Average,2025-04-13
7544,12482,Excellent,2024-12-25
7545,15001,Average,2024-09-21
7546,4933,Average,2024-10-17
7547,3974,Needs Improvement,2024-12-19
7548,9852,Good,2024-08-19
7549,11808,Excellent,2024-08-30
7550,9047,Needs Improvement,2024-12-31
7551,7783,Excellent,2025-04-14
7552,10341,Average,2025-01-02
7553,5851,Needs Improvement,2024-10-13
7554,5985,Excellent,2025-06-14
7555,2250,Average,2024-11-20
7556,14094,Excellent,2025-05-05
7557,6821,Excellent,2025-05-27
7558,13261,Needs Improvement,2024-11-29
7559,9455,Needs Improvement,2024-12-14
7560,15071,Excellent,2024-10-03
7561,10062,Excellent,2024-10-02
7562,13857,Average,2025-01-07
7563,1105,Needs Improvement,2024-11-29
7564,6420,Needs Improvement,2024-12-17
7565,16438,Needs Improvement,2024-09-11
7566,9378,Average,2024-11-24
7567,8018,Excellent,2025-01-11
7568,8818,Good,2025-03-04
7569,9066,Good,2024-09-22
7570,12230,Good,2025-01-23
7571,16702,Average,2024-08-18
7572,12557,Excellent,2025-01-07
7573,9995,Average,2025-05-18
7574,16735,Needs Improvement,2024-11-07
7575,2776,Needs Improvement,2025-06-15
7576,13676,Needs Improvement,2024-08-22
7577,11130,Excellent,2025-05-30
7578,18206,Average,2024-09-24
7579,4148,Average,2024-12-07
7580,15748,Needs Improvement,2025-01-11
7581,367,Average,2024-10-02
7582,8178,Excellent,2024-07-25
7583,1104,Excellent,2024-12-12
7584,11001,Good,2025-05-21
7585,11202,Average,2025-02-13
7586,6882,Excellent,2024-10-07
7587,4095,Average,2024-10-17
7588,3146,Needs Improvement,2025-06-24
7589,18317,Good,2024-09-04
7590,13525,Needs Improvement,2025-04-03
7591,17882,Needs Improvement,2024-07-16
7592,3161,Excellent,2024-10-21
7593,5082,Good,2025-05-16
7594,9762,Good,2025-02-11
7595,1175,Good,2025-01-24
7596,69,Good,2025-02-27
7597,17714,Excellent,2025-02-22
7598,13063,Needs Improvement,2024-10-26
7599,16621,Average,2025-05-03
7600,17647,Excellent,2024-10-25
7601,6584,Needs Improvement,2025-01-18
7602,6528,Good,2024-08-13
7603,17666,Excellent,2024-07-27
7604,5815,Good,2025-03-30
7605,4325,Good,2025-01-21
7606,10106,Good,2024-08-08
7607,8481,Good,2025-06-21
7608,3591,Needs Improvement,2024-09-20
7609,14716,Excellent,2024-10-28
7610,15651,Average,2025-04-15
7611,15673,Good,2025-06-01
7612,18141,Average,2024-12-20
7613,16338,Needs Improvement,2024-10-13
7614,11596,Needs Improvement,2024-08-22
7615,6211,Needs Improvement,2025-04-27
7616,15723,Excellent,2025-05-24
7617,16720,Good,2025-04-15
7618,9717,Good,2024-09-04
7619,18456,Good,2024-07-29
7620,11118,Needs Improvement,2025-02-28
7621,16244,Needs Improvement,2024-07-31
7622,10970,Needs Improvement,2024-10-18
7623,207,Excellent,2024-11-24
7624,6551,Good,2024-11-12
7625,15361,Needs Improvement,2025-06-14
7626,9,Needs Improvement,2024-09-03
7627,13784,Average,2024-08-31
7628,2057,Needs Improvement,2025-02-23
7629,7834,Average,2024-11-28
7630,18699,Good,2025-02-24
7631,14829,Average,2025-06-09
7632,289,Good,2025-06-11
7633,12828,Average,2025-06-02
7634,13045,Excellent,2024-08-18
7635,17874,Average,2025-01-17
7636,7347,Good,2025-03-31
7637,9638,Excellent,2025-04-21
7638,10954,Excellent,2025-01-12
7639,31,Average,2025-06-20
7640,10838,Average,2024-10-06
7641,9697,Needs Improvement,2025-04-30
7642,12293,Excellent,2024-08-29
7643,1189,Needs Improvement,2025-06-17
7644,4471,Average,2025-05-09
7645,15873,Good,2025-04-11
7646,8484,Average,2024-12-22
7647,17525,Good,2024-07-11
7648,13079,Average,2025-04-05
7649,4928,Average,2025-01-02
7650,5569,Good,2025-01-10
7651,18133,Good,2025-03-08
7652,11814,Excellent,2025-07-03
7653,5806,Good,2024-10-16
7654,1151,Excellent,2024-07-16
7655,8518,Average,2024-07-18
7656,5783,Average,2025-05-25
7657,9239,Average,2025-03-24
7658,16081,Average,2024-10-04
7659,1786,Needs Improvement,2025-04-01
7660,4632,Needs Improvement,2025-01-15
7661,9805,Average,2025-04-23
7662,16652,Excellent,2025-02-27
7663,14825,Average,2025-01-10
7664,19376,Average,2024-08-18
7665,3435,Excellent,2024-11-04
7666,875,Average,2025-06-20
7667,344,Needs Improvement,2025-06-07
7668,18019,Average,2024-11-28
7669,1414,Needs Improvement,2024-09-27
7670,11148,Excellent,2025-04-10
7671,15715,Excellent,2024-11-21
7672,3618,Needs Improvement,2024-10-27
7673,13441,Needs Improvement,2025-04-11
7674,3803,Excellent,2025-06-22
7675,8386,Excellent,2024-12-09
7676,15009,Good,2024-12-10
7677,17278,Needs Improvement,2024-10-10
7678,10926,Excellent,2025-04-16
7679,16169,Needs Improvement,2024-11-02
7680,19030,Excellent,2025-04-28
7681,6223,Average,2024-07-27
7682,10185,Needs Improvement,2024-08-17
7683,4418,Excellent,2025-03-06
7684,11295,Average,2024-11-10
7685,8748,Good,2025-05-21
7686,13118,Needs Improvement,2025-03-13
7687,7661,Good,2025-06-10
7688,10354,Excellent,2025-07-03
7689,13744,Good,2025-02-26
7690,6654,Average,2025-03-04
7691,18648,Needs Improvement,2024-12-07
7692,12373,Needs Improvement,2024-11-26
7693,19368,Needs Improvement,2024-11-16
7694,17966,Excellent,2024-08-13
7695,12019,Good,2024-11-28
7696,19030,Good,2024-11-19
7697,28,Needs Improvement,2025-03-28
7698,5586,Needs Improvement,2025-03-04
7699,14845,Average,2025-05-31
7700,6508,Good,2024-12-11
7701,17767,Good,2024-12-09
7702,9354,Excellent,2024-12-03
7703,19986,Excellent,2025-02-20
7704,17905,Excellent,2024-11-23
7705,17737,Excellent,2025-03-31
7706,11864,Excellent,2024-12-11
7707,14054,Needs Improvement,2025-06-09
7708,3728,Excellent,2024-12-08
7709,6718,Average,2025-01-08
7710,14843,Good,2025-02-10
7711,5007,Excellent,2024-07-16
7712,2085,Average,2025-01-17
7713,4039,Good,2024-10-17
7714,14730,Good,2025-04-26
7715,2889,Average,2024-11-28
7716,2901,Good,2024-09-09
7717,5925,Good,2025-03-21
7718,9834,Needs Improvement,2024-12-15
7719,10535,Needs Improvement,2024-12-24
7720,7579,Average,2025-06-13
7721,15343,Needs Improvement,2024-09-29
7722,12607,Average,2024-09-26
7723,7790,Average,2024-10-12
7724,12803,Good,2025-02-01
7725,17269,Excellent,2025-05-22
7726,5504,Excellent,2024-11-17
7727,2792,Average,2024-09-11
7728,12985,Average,2025-06-29
7729,9181,Excellent,2024-09-20
7730,10953,Good,2025-03-29
7731,15127,Needs Improvement,2024-07-27
7732,3662,Excellent,2025-02-14
7733,13784,Good,2025-06-12
7734,11615,Excellent,2025-06-13
7735,1949,Needs Improvement,2025-04-07
7736,14000,Good,2024-12-11
7737,13218,Needs Improvement,2025-04-13
7738,4796,Excellent,2025-04-05
7739,17440,Average,2024-07-20
7740,13933,Average,2024-12-07
7741,3910,Needs Improvement,2024-07-30
7742,12302,Average,2024-11-13
7743,8282,Needs Improvement,2025-06-19
7744,9461,Needs Improvement,2025-03-27
7745,18162,Average,2024-08-27
7746,5634,Excellent,2025-01-20
7747,15936,Needs Improvement,2025-06-16
7748,9063,Needs Improvement,2025-03-15
7749,6142,Excellent,2025-05-10
7750,7762,Excellent,2025-02-11
7751,6953,Needs Improvement,2024-07-29
7752,8894,Average,2025-06-27
7753,498,Average,2024-12-19
7754,4662,Needs Improvement,2024-08-11
7755,5997,Needs Improvement,2024-09-12
7756,7003,Needs Improvement,2025-01-29
7757,2580,Good,2024-08-04
7758,18303,Needs Improvement,2025-07-04
7759,2839,Needs Improvement,2025-03-12
7760,4390,Good,2025-01-15
7761,12871,Good,2024-10-14
7762,9047,Good,2025-03-06
7763,29,Needs Improvement,2024-08-16
7764,5968,Average,2025-05-09
7765,4062,Good,2025-04-16
7766,7575,Average,2024-11-04
7767,5665,Needs Improvement,2024-10-20
7768,4362,Needs Improvement,2024-08-24
7769,8883,Needs Improvement,2025-05-10
7770,5468,Average,2024-12-07
7771,11666,Average,2025-03-18
7772,7217,Needs Improvement,2024-10-04
7773,14960,Excellent,2025-03-20
7774,8622,Good,2025-06-13
7775,17841,Excellent,2025-03-19
7776,11040,Average,2024-07-30
7777,10094,Excellent,2024-09-18
7778,17223,Needs Improvement,2024-07-23
7779,8717,Needs Improvement,2024-07-13
7780,3983,Excellent,2024-08-01
7781,18726,Excellent,2024-09-08
7782,9050,Excellent,2024-12-18
7783,7387,Needs Improvement,2025-06-03
7784,1367,Average,2024-07-14
7785,464,Good,2025-01-29
7786,11360,Good,2024-11-05
7787,9403,Good,2024-09-21
7788,17880,Needs Improvement,2025-05-02
7789,1983,Needs Improvement,2024-08-30
7790,17201,Excellent,2025-01-11
7791,6406,Average,2024-09-14
7792,1615,Good,2024-12-14
7793,1698,Average,2024-11-18
7794,10453,Excellent,2025-07-04
7795,11583,Average,2024-11-19
7796,5380,Excellent,2025-04-26
7797,2784,Good,2024-08-17
7798,11289,Excellent,2024-10-08
7799,15565,Average,2024-09-23
7800,8577,Needs Improvement,2025-06-05
7801,389,Excellent,2024-07-27
7802,15786,Good,2024-09-11
7803,11458,Needs Improvement,2025-02-06
7804,2094,Average,2024-10-05
7805,10243,Needs Improvement,2024-07-17
7806,8348,Average,2024-12-14
7807,8060,Excellent,2025-01-01
7808,6535,Average,2024-11-16
7809,17224,Average,2024-10-13
7810,19215,Average,2025-01-14
7811,320,Average,2025-06-18
7812,569,Good,2025-01-19
7813,14200,Needs Improvement,2025-03-17
7814,3815,Needs Improvement,2024-12-02
7815,18149,Needs Improvement,2025-07-01
7816,9408,Excellent,2024-08-04
7817,18563,Good,2025-01-04
7818,6164,Excellent,2025-02-07
7819,19206,Average,2024-10-02
7820,17575,Needs Improvement,2024-10-26
7821,14686,Good,2024-12-15
7822,12587,Good,2025-04-04
7823,11184,Average,2025-06-16
7824,18385,Good,2025-02-19
7825,532,Excellent,2024-08-01
7826,10671,Excellent,2024-07-29
7827,11151,Excellent,2025-02-17
7828,18463,Good,2025-04-16
7829,14586,Good,2024-07-06
7830,10496,Excellent,2024-12-15
7831,5772,Excellent,2025-05-30
7832,15289,Average,2025-06-05
7833,1984,Average,2025-01-08
7834,2219,Good,2024-11-14
7835,10039,Average,2025-05-05
7836,14828,Average,2025-04-26
7837,6069,Average,2025-05-11
7838,14802,Needs Improvement,2024-10-24
7839,11719,Good,2025-02-15
7840,13368,Needs Improvement,2025-06-26
7841,16272,Average,2025-01-28
7842,10687,Needs Improvement,2024-07-07
7843,9578,Average,2024-09-12
7844,17497,Good,2024-08-21
7845,17549,Needs Improvement,2024-08-15
7846,9491,Good,2025-03-31
7847,12520,Excellent,2024-11-30
7848,4652,Average,2024-12-11
7849,11929,Needs Improvement,2025-06-11
7850,10455,Average,2025-01-06
7851,10651,Needs Improvement,2025-02-20
7852,5099,Excellent,2025-03-13
7853,19441,Needs Improvement,2024-10-17
7854,12482,Excellent,2024-10-12
7855,78,Excellent,2024-08-12
7856,5723,Needs Improvement,2025-03-14
7857,2037,Good,2025-06-24
7858,364,Good,2024-11-01
7859,11673,Excellent,2025-02-15
7860,12898,Good,2025-06-21
7861,13033,Excellent,2024-07-31
7862,7180,Excellent,2024-12-25
7863,13057,Good,2025-02-12
7864,988,Average,2024-09-07
7865,14754,Needs Improvement,2024-07-18
7866,3645,Average,2025-02-04
7867,16409,Excellent,2025-05-29
7868,11196,Excellent,2024-11-05
7869,7090,Excellent,2025-04-09
7870,10863,Needs Improvement,2025-05-25
7871,15434,Excellent,2025-05-22
7872,918,Excellent,2025-01-01
7873,6677,Excellent,2024-07-22
7874,5129,Average,2025-06-22
7875,19189,Excellent,2025-02-22
7876,12044,Needs Improvement,2025-05-15
7877,16723,Good,2024-08-15
7878,7986,Needs Improvement,2024-12-11
7879,16665,Excellent,2024-08-11
7880,8080,Good,2024-10-05
7881,19194,Good,2024-11-28
7882,9807,Needs Improvement,2024-12-31
7883,8752,Needs Improvement,2025-05-22
7884,11029,Excellent,2025-07-02
7885,10820,Needs Improvement,2025-02-17
7886,18930,Excellent,2025-03-14
7887,8901,Good,2025-04-12
7888,8839,Good,2025-05-20
7889,693,Average,2025-02-07
7890,388,Good,2025-05-15
7891,949,Needs Improvement,2025-05-14
7892,15852,Needs Improvement,2025-02-02
7893,6418,Good,2025-01-06
7894,19713,Needs Improvement,2025-04-21
7895,4582,Average,2025-05-09
7896,19961,Needs Improvement,2025-02-01
7897,10258,Good,2025-04-09
7898,3110,Average,2024-12-01
7899,19597,Needs Improvement,2024-12-31
7900,6745,Average,2025-03-01
7901,14636,Needs Improvement,2024-11-22
7902,4731,Excellent,2024-07-17
7903,16310,Needs Improvement,2024-11-09
7904,5106,Good,2025-02-07
7905,7132,Good,2025-03-15
7906,11252,Average,2024-10-13
7907,5988,Needs Improvement,2025-06-26
7908,8142,Excellent,2024-08-25
7909,9305,Average,2025-04-18
7910,13819,Excellent,2025-05-09
7911,4578,Average,2025-04-06
7912,5697,Good,2024-09-08
7913,18374,Needs Improvement,2024-10-17
7914,13993,Average,2025-06-08
7915,12158,Average,2024-08-03
7916,16499,Excellent,2025-07-02
7917,9833,Good,2025-04-04
7918,14197,Good,2025-05-03
7919,10298,Excellent,2025-06-03
7920,6552,Excellent,2025-04-06
7921,8675,Average,2024-07-23
7922,18495,Excellent,2025-02-16
7923,3357,Needs Improvement,2025-01-04
7924,6632,Excellent,2025-04-08
7925,1532,Average,2025-03-26
7926,18732,Average,2024-07-18
7927,10413,Excellent,2024-12-20
7928,5839,Needs Improvement,2025-06-07
7929,19382,Average,2025-03-27
7930,12839,Excellent,2024-12-07
7931,9817,Excellent,2024-08-16
7932,10976,Good,2024-08-25
7933,10930,Average,2025-01-25
7934,6556,Average,2025-02-04
7935,15034,Average,2025-05-29
7936,13488,Excellent,2025-05-09
7937,540,Average,2024-10-08
7938,14050,Needs Improvement,2025-04-15
7939,18769,Needs Improvement,2024-08-24
7940,5081,Excellent,2024-07-24
7941,9520,Needs Improvement,2025-03-23
7942,19802,Excellent,2025-04-17
7943,8879,Good,2024-12-23
7944,3318,Excellent,2025-04-28
7945,19049,Excellent,2025-04-30
7946,14733,Average,2025-05-05
7947,1315,Excellent,2024-11-19
7948,3470,Good,2024-12-13
7949,14224,Needs Improvement,2024-12-10
7950,7920,Excellent,2024-10-25
7951,5242,Excellent,2024-12-18
7952,2641,Excellent,2024-12-26
7953,17519,Excellent,2025-06-25
7954,10380,Needs Improvement,2025-02-12
7955,17384,Needs Improvement,2025-06-02
7956,19263,Needs Improvement,2024-09-07
7957,3599,Good,2025-03-03
7958,19049,Average,2025-01-10
7959,6189,Excellent,2025-06-22
7960,8318,Needs Improvement,2025-02-01
7961,4255,Good,2025-04-23
7962,10392,Excellent,2025-06-29
7963,6721,Excellent,2024-07-28
7964,18480,Good,2024-09-05
7965,2839,Excellent,2025-02-28
7966,6054,Good,2025-06-21
7967,549,Excellent,2024-11-17
7968,5772,Excellent,2024-10-15
7969,17754,Good,2024-08-06
7970,18563,Needs Improvement,2024-10-23
7971,16271,Good,2025-02-15
7972,16869,Good,2025-02-26
7973,1916,Excellent,2025-06-16
7974,12829,Needs Improvement,2024-10-13
7975,18184,Needs Improvement,2025-03-21
7976,5065,Excellent,2025-03-22
7977,9617,Needs Improvement,2024-07-15
7978,7970,Good,2025-05-04
7979,6353,Average,2024-11-22
7980,19313,Average,2025-02-10
7981,13593,Average,2024-11-16
7982,6650,Excellent,2025-06-13
7983,14417,Excellent,2024-12-29
7984,4317,Excellent,2024-10-20
7985,13826,Needs Improvement,2025-02-18
7986,6590,Average,2024-10-24
7987,15732,Average,2024-08-02
7988,10092,Excellent,2025-03-23
7989,9937,Excellent,2025-03-25
7990,2588,Needs Improvement,2025-04-28
7991,3092,Needs Improvement,2024-08-23
7992,10429,Needs Improvement,2025-03-14
7993,4152,Average,2024-10-29
7994,283,Average,2024-11-01
7995,14357,Good,2024-11-15
7996,9966,Good,2024-10-24
7997,6800,Average,2025-02-17
7998,5528,Needs Improvement,2024-07-08
7999,10263,Excellent,2024-08-15
8000,19279,Needs Improvement,2024-10-25
8001,11709,Excellent,2024-12-29
8002,13621,Average,2024-08-14
8003,7433,Needs Improvement,2025-06-08
8004,12685,Average,2025-04-20
8005,7080,Average,2024-11-28
8006,19106,Excellent,2024-10-01
8007,1280,Average,2025-02-28
8008,2196,Average,2025-05-26
8009,4110,Average,2025-05-29
8010,15930,Average,2025-01-09
8011,2372,Excellent,2024-09-15
8012,16132,Average,2025-02-02
8013,13638,Needs Improvement,2024-12-01
8014,5830,Good,2024-11-23
8015,11970,Average,2024-11-13
8016,8742,Excellent,2025-04-27
8017,4823,Excellent,2024-09-08
8018,15506,Good,2025-01-06
8019,13711,Good,2024-10-29
8020,2451,Needs Improvement,2024-08-28
8021,2685,Needs Improvement,2025-01-10
8022,13338,Average,2025-01-25
8023,12942,Needs Improvement,2025-04-21
8024,14112,Good,2024-10-07
8025,9374,Needs Improvement,2024-09-04
8026,18165,Excellent,2024-08-11
8027,5016,Average,2025-01-14
8028,18003,Good,2025-02-23
8029,10113,Average,2025-07-05
8030,4697,Excellent,2024-10-22
8031,8193,Average,2025-01-16
8032,1105,Good,2024-12-30
8033,6791,Needs Improvement,2025-03-14
8034,1449,Needs Improvement,2024-09-08
8035,14540,Excellent,2024-08-07
8036,18328,Needs Improvement,2024-09-13
8037,11653,Excellent,2025-01-25
8038,4933,Average,2025-06-27
8039,4862,Average,2024-10-22
8040,6729,Needs Improvement,2025-05-26
8041,13621,Needs Improvement,2025-03-21
8042,19904,Needs Improvement,2024-10-01
8043,19894,Excellent,2024-10-26
8044,14819,Needs Improvement,2024-10-19
8045,679,Needs Improvement,2025-01-20
8046,4046,Excellent,2024-11-30
8047,3045,Excellent,2025-04-21
8048,10313,Excellent,2025-06-03
8049,17564,Needs Improvement,2025-03-06
8050,19344,Good,2025-02-17
8051,6810,Good,2024-10-05
8052,10498,Needs Improvement,2025-05-26
8053,19643,Average,2024-09-07
8054,17194,Needs Improvement,2024-10-31
8055,149,Excellent,2025-01-19
8056,19133,Excellent,2025-03-19
8057,533,Average,2024-07-19
8058,2484,Average,2025-05-12
8059,5901,Average,2025-03-31
8060,16120,Excellent,2024-08-18
8061,18755,Needs Improvement,2024-10-29
8062,17159,Needs Improvement,2025-03-08
8063,14782,Excellent,2024-10-16
8064,11590,Needs Improvement,2025-06-26
8065,2560,Good,2025-01-19
8066,16634,Excellent,2025-01-25
8067,14395,Excellent,2024-10-04
8068,7074,Needs Improvement,2025-02-09
8069,18894,Good,2024-11-15
8070,17800,Average,2025-01-24
8071,7156,Average,2024-11-07
8072,8988,Average,2025-04-27
8073,1064,Average,2025-02-15
8074,2717,Needs Improvement,2025-06-17
8075,9242,Average,2025-06-26
8076,2014,Average,2024-11-14
8077,12920,Average,2024-12-04
8078,17681,Excellent,2024-10-27
8079,18405,Good,2025-04-20
8080,18567,Excellent,2025-03-25
8081,5154,Needs Improvement,2025-02-18
8082,12502,Average,2024-09-03
8083,5043,Needs Improvement,2025-01-02
8084,15960,Excellent,2024-10-25
8085,13825,Good,2024-12-02
8086,11105,Average,2024-10-17
8087,13568,Average,2024-10-11
8088,885,Needs Improvement,2025-04-18
8089,8186,Average,2025-06-16
8090,14695,Needs Improvement,2025-03-23
8091,12341,Excellent,2024-12-25
8092,9824,Average,2024-09-15
8093,6611,Needs Improvement,2025-01-29
8094,10991,Good,2024-10-03
8095,7697,Needs Improvement,2024-11-16
8096,9883,Good,2025-02-19
8097,17810,Needs Improvement,2024-12-09
8098,14771,Needs Improvement,2025-01-12
8099,10369,Excellent,2025-01-07
8100,12056,Excellent,2024-12-22
8101,3642,Needs Improvement,2024-10-07
8102,12732,Good,2024-10-07
8103,8952,Good,2025-03-12
8104,3856,Needs Improvement,2025-02-20
8105,14985,Excellent,2025-03-25
8106,5338,Average,2024-11-03
8107,5388,Needs Improvement,2024-10-20
8108,8210,Excellent,2024-09-19
8109,3175,Excellent,2025-05-03
8110,14884,Good,2025-07-02
8111,467,Good,2024-11-11
8112,13638,Needs Improvement,2025-04-09
8113,19771,Average,2025-06-07
8114,8710,Average,2025-05-19
8115,4290,Needs Improvement,2024-09-24
8116,6323,Excellent,2025-01-23
8117,8845,Needs Improvement,2025-03-06
8118,15514,Excellent,2024-10-10
8119,5708,Average,2024-10-13
8120,11407,Average,2025-04-24
8121,13302,Good,2025-01-05
8122,3904,Excellent,2024-11-14
8123,10413,Good,2025-06-04
8124,8469,Good,2024-09-09
8125,3358,Good,2025-01-16
8126,13022,Needs Improvement,2024-11-02
8127,7335,Excellent,2024-12-08
8128,7831,Good,2024-12-04
8129,4829,Good,2024-12-26
8130,4699,Average,2025-03-11
8131,7673,Average,2025-05-13
8132,12351,Average,2025-01-16
8133,3224,Needs Improvement,2025-05-08
8134,4084,Excellent,2025-04-28
8135,16569,Excellent,2024-12-28
8136,14220,Good,2025-06-06
8137,3508,Excellent,2025-04-18
8138,5274,Needs Improvement,2025-06-30
8139,9741,Average,2024-12-21
8140,6973,Average,2024-08-20
8141,18777,Excellent,2025-05-02
8142,381,Good,2024-10-22
8143,8157,Average,2025-06-11
8144,13874,Needs Improvement,2025-07-05
8145,12107,Needs Improvement,2025-06-21
8146,5787,Good,2025-02-17
8147,11514,Average,2025-03-08
8148,19334,Excellent,2025-03-07
8149,16272,Good,2025-06-05
8150,12033,Good,2025-05-15
8151,896,Needs Improvement,2024-11-16
8152,8596,Good,2024-07-31
8153,10141,Needs Improvement,2025-05-16
8154,14340,Needs Improvement,2025-05-26
8155,1705,Needs Improvement,2024-08-24
8156,4809,Needs Improvement,2025-05-04
8157,2261,Average,2024-11-23
8158,6796,Needs Improvement,2024-12-20
8159,19268,Good,2024-10-13
8160,6785,Good,2024-07-08
8161,15926,Needs Improvement,2024-10-28
8162,12140,Average,2024-08-19
8163,10439,Average,2025-02-26
8164,16954,Good,2024-09-13
8165,7218,Needs Improvement,2024-09-02
8166,17939,Good,2024-08-22
8167,3455,Excellent,2024-11-14
8168,11022,Excellent,2025-06-23
8169,1254,Needs Improvement,2025-04-09
8170,16482,Excellent,2024-08-16
8171,3950,Excellent,2024-07-28
8172,8164,Average,2024-11-19
8173,19030,Excellent,2025-02-01
8174,5097,Average,2024-10-27
8175,13410,Average,2024-10-16
8176,19211,Excellent,2024-08-17
8177,3435,Average,2025-06-18
8178,860,Needs Improvement,2024-12-06
8179,7158,Excellent,2025-02-24
8180,12122,Excellent,2024-08-20
8181,9645,Good,2024-09-28
8182,15835,Needs Improvement,2025-05-07
8183,11915,Average,2025-04-29
8184,5422,Average,2025-06-06
8185,16977,Average,2024-11-13
8186,294,Needs Improvement,2024-09-29
8187,13303,Average,2024-08-15
8188,9413,Average,2025-04-13
8189,5848,Good,2024-09-07
8190,14908,Excellent,2024-09-22
8191,13400,Excellent,2025-05-21
8192,12234,Needs Improvement,2025-06-22
8193,4584,Average,2025-01-10
8194,6594,Average,2024-09-22
8195,5911,Good,2025-07-04
8196,5148,Average,2025-05-26
8197,12552,Excellent,2025-03-30
8198,7598,Good,2025-01-24
8199,15618,Good,2025-05-28
8200,18425,Needs Improvement,2024-08-05
8201,18727,Needs Improvement,2025-05-27
8202,1620,Good,2025-02-06
8203,19708,Needs Improvement,2024-08-23
8204,12167,Average,2025-01-20
8205,11404,Average,2024-08-09
8206,10782,Good,2024-11-29
8207,15774,Average,2024-12-15
8208,13445,Excellent,2025-05-31
8209,5413,Average,2025-04-23
8210,12858,Excellent,2025-04-12
8211,9196,Good,2025-06-25
8212,19957,Needs Improvement,2025-04-23
8213,15003,Average,2025-02-26
8214,14134,Average,2025-05-20
8215,4419,Average,2025-01-02
8216,1545,Good,2025-05-20
8217,9435,Good,2025-04-30
8218,8863,Excellent,2025-05-03
8219,2268,Average,2025-06-09
8220,14889,Excellent,2024-11-16
8221,18218,Good,2024-12-21
8222,18565,Average,2024-08-18
8223,15746,Needs Improvement,2025-06-15
8224,18758,Average,2024-09-28
8225,5558,Average,2025-05-19
8226,4434,Excellent,2025-03-09
8227,15670,Average,2024-11-28
8228,3860,Average,2025-05-12
8229,5949,Excellent,2025-03-04
8230,7721,Excellent,2025-01-31
8231,19719,Excellent,2025-06-07
8232,11398,Excellent,2025-04-04
8233,2308,Excellent,2025-06-20
8234,3472,Good,2025-01-29
8235,2069,Good,2024-09-30
8236,15123,Needs Improvement,2024-07-21
8237,5289,Average,2024-11-17
8238,387,Average,2024-10-14
8239,5342,Good,2024-07-09
8240,12258,Average,2024-08-09
8241,7355,Excellent,2025-07-04
8242,17254,Needs Improvement,2024-07-22
8243,1543,Needs Improvement,2024-09-12
8244,7518,Good,2025-03-25
8245,12907,Good,2025-02-18
8246,14553,Good,2025-03-25
8247,7905,Needs Improvement,2025-06-03
8248,7590,Needs Improvement,2024-09-12
8249,7947,Average,2024-09-16
8250,5946,Good,2024-11-06
8251,2838,Excellent,2024-08-08
8252,17833,Excellent,2024-12-02
8253,17804,Excellent,2025-06-02
8254,1209,Average,2025-04-06
8255,2591,Good,2024-10-27
8256,10326,Good,2024-08-10
8257,3625,Excellent,2024-12-29
8258,9807,Average,2024-11-27
8259,7922,Average,2024-09-12
8260,18658,Excellent,2024-08-23
8261,9838,Average,2024-07-26
8262,5347,Good,2025-06-28
8263,17640,Average,2024-08-13
8264,14170,Good,2024-08-25
8265,9499,Needs Improvement,2024-11-23
8266,6527,Needs Improvement,2024-10-14
8267,2785,Average,2025-02-15
8268,15443,Needs Improvement,2025-04-30
8269,10172,Average,2024-09-25
8270,18110,Average,2025-04-04
8271,5496,Needs Improvement,2024-11-23
8272,19966,Excellent,2025-04-10
8273,6753,Good,2025-03-18
8274,11359,Excellent,2024-07-23
8275,2348,Needs Improvement,2025-02-07
8276,11025,Excellent,2025-01-03
8277,19353,Average,2025-03-14
8278,14698,Excellent,2025-05-31
8279,7167,Excellent,2025-02-04
8280,10779,Needs Improvement,2025-05-28
8281,5218,Excellent,2025-02-11
8282,5957,Average,2025-04-11
8283,10853,Excellent,2024-12-07
8284,4315,Needs Improvement,2024-10-18
8285,15498,Good,2025-04-23
8286,7299,Needs Improvement,2025-01-21
8287,10291,Average,2025-02-17
8288,1003,Good,2025-03-15
8289,12518,Good,2025-01-08
8290,18757,Good,2025-05-03
8291,12065,Average,2024-08-20
8292,10343,Excellent,2025-02-04
8293,18469,Good,2025-01-05
8294,10341,Average,2024-12-08
8295,1478,Average,2025-04-27
8296,12238,Good,2025-01-19
8297,6509,Excellent,2024-08-23
8298,3022,Needs Improvement,2024-08-07
8299,17518,Needs Improvement,2025-06-24
8300,18841,Good,2025-02-04
8301,17899,Excellent,2024-11-12
8302,4036,Average,2024-12-10
8303,18789,Needs Improvement,2024-07-27
8304,9762,Needs Improvement,2024-11-25
8305,132,Good,2025-06-09
8306,8977,Needs Improvement,2024-10-03
8307,5412,Good,2024-09-20
8308,14135,Needs Improvement,2025-02-16
8309,11399,Needs Improvement,2025-02-23
8310,12608,Excellent,2024-11-25
8311,2473,Excellent,2025-02-16
8312,5140,Good,2025-06-18
8313,11314,Average,2025-04-10
8314,17483,Good,2025-03-12
8315,8312,Good,2024-09-11
8316,3323,Needs Improvement,2024-10-18
8317,14270,Good,2024-07-09
8318,15091,Needs Improvement,2024-12-04
8319,11215,Needs Improvement,2024-09-20
8320,17688,Average,2025-05-08
8321,6995,Good,2025-06-26
8322,19060,Good,2024-10-21
8323,6771,Average,2024-10-06
8324,5563,Excellent,2025-04-02
8325,966,Needs Improvement,2025-04-11
8326,3027,Needs Improvement,2024-09-27
8327,3485,Good,2024-11-12
8328,10195,Average,2025-04-25
8329,11355,Excellent,2024-09-28
8330,155,Average,2024-08-18
8331,2742,Good,2025-05-08
8332,17597,Excellent,2025-06-22
8333,3756,Needs Improvement,2025-01-19
8334,14423,Needs Improvement,2024-08-06
8335,8713,Excellent,2025-01-18
8336,5368,Excellent,2024-10-29
8337,9500,Needs Improvement,2024-10-31
8338,3802,Excellent,2024-11-02
8339,16621,Excellent,2025-06-19
8340,3981,Good,2025-04-23
8341,12490,Good,2024-09-11
8342,7800,Good,2024-07-25
8343,12317,Good,2025-01-06
8344,1103,Excellent,2025-01-09
8345,13679,Average,2025-01-28
8346,12584,Good,2024-08-20
8347,7733,Average,2025-01-28
8348,16744,Good,2024-10-05
8349,15158,Average,2025-02-16
8350,10737,Average,2025-05-15
8351,16625,Good,2025-01-27
8352,11280,Needs Improvement,2025-03-27
8353,920,Average,2024-10-25
8354,19718,Good,2025-04-24
8355,4418,Average,2025-03-27
8356,18974,Needs Improvement,2025-06-25
8357,6795,Needs Improvement,2025-03-25
8358,1513,Average,2024-07-26
8359,9313,Good,2024-11-05
8360,7178,Excellent,2024-09-03
8361,3467,Average,2025-01-01
8362,16962,Needs Improvement,2024-08-12
8363,10274,Good,2025-04-07
8364,11125,Excellent,2024-09-21
8365,1560,Average,2024-12-14
8366,3956,Needs Improvement,2024-11-07
8367,8274,Average,2024-07-09
8368,18607,Average,2025-03-06
8369,3222,Average,2025-05-03
8370,11779,Good,2025-03-12
8371,16963,Good,2025-03-12
8372,4544,Average,2025-02-05
8373,229,Good,2025-05-05
8374,3087,Average,2025-04-17
8375,4268,Excellent,2024-08-03
8376,12050,Needs Improvement,2024-10-14
8377,8660,Average,2024-08-29
8378,9619,Needs Improvement,2024-09-24
8379,15239,Needs Improvement,2024-08-29
8380,2048,Needs Improvement,2024-09-20
8381,13761,Needs Improvement,2024-10-28
8382,9757,Needs Improvement,2024-07-28
8383,7170,Excellent,2025-04-18
8384,9491,Average,2024-07-20
8385,8820,Average,2025-01-09
8386,13939,Average,2024-08-03
8387,8016,Needs Improvement,2025-06-29
8388,7158,Good,2025-01-27
8389,17217,Needs Improvement,2025-06-09
8390,8863,Needs Improvement,2025-07-04
8391,3177,Good,2024-10-19
8392,17639,Needs Improvement,2025-01-15
8393,993,Excellent,2024-09-15
8394,14117,Average,2024-08-25
8395,19014,Average,2024-11-13
8396,12747,Excellent,2024-10-20
8397,17051,Needs Improvement,2024-11-14
8398,13739,Good,2024-07-19
8399,9785,Excellent,2025-02-20
8400,2131,Excellent,2024-07-25
8401,18351,Average,2024-09-17
8402,18695,Average,2024-08-16
8403,4380,Excellent,2024-12-07
8404,7273,Excellent,2025-01-22
8405,4003,Good,2024-07-17
8406,9982,Needs Improvement,2025-01-06
8407,9400,Average,2025-02-06
8408,8714,Needs Improvement,2024-12-28
8409,8552,Good,2024-10-16
8410,7704,Good,2024-08-07
8411,14150,Good,2025-06-16
8412,11913,Needs Improvement,2024-12-24
8413,18355,Good,2025-04-20
8414,8306,Excellent,2025-02-02
8415,11731,Excellent,2024-07-07
8416,2991,Average,2025-01-27
8417,13765,Needs Improvement,2025-05-04
8418,8284,Good,2024-12-16
8419,17757,Average,2024-08-20
8420,5911,Excellent,2025-05-04
8421,2134,Good,2024-10-23
8422,10611,Good,2024-09-03
8423,16365,Good,2024-07-23
8424,2166,Average,2024-07-21
8425,7237,Average,2025-03-02
8426,11239,Average,2025-05-17
8427,275,Needs Improvement,2024-12-24
8428,4039,Good,2025-02-14
8429,17329,Needs Improvement,2025-05-26
8430,18831,Average,2025-04-15
8431,2615,Needs Improvement,2025-03-30
8432,16695,Needs Improvement,2025-01-18
8433,10217,Average,2025-06-03
8434,9995,Good,2024-09-23
8435,1097,Excellent,2024-08-09
8436,7942,Excellent,2024-10-15
8437,5802,Average,2025-03-30
8438,12350,Average,2024-08-14
8439,2684,Excellent,2025-02-04
8440,19631,Good,2024-09-14
8441,3790,Average,2024-12-22
8442,2229,Good,2025-04-13
8443,16273,Average,2025-06-02
8444,6501,Average,2025-01-22
8445,9458,Excellent,2024-10-01
8446,3272,Excellent,2025-06-26
8447,3751,Excellent,2024-08-07
8448,13685,Excellent,2024-07-10
8449,19090,Excellent,2024-09-01
8450,9833,Average,2025-06-06
8451,10572,Good,2025-03-12
8452,15832,Average,2024-09-26
8453,2962,Good,2025-02-23
8454,11668,Good,2025-01-10
8455,19546,Excellent,2025-01-16
8456,2446,Needs Improvement,2024-12-17
8457,13829,Excellent,2025-04-02
8458,16954,Good,2024-09-09
8459,5623,Average,2024-12-24
8460,14313,Average,2024-07-11
8461,3371,Excellent,2024-08-26
8462,12401,Good,2024-12-23
8463,8257,Average,2024-12-09
8464,18994,Average,2024-11-01
8465,6926,Needs Improvement,2025-03-11
8466,782,Needs Improvement,2025-04-30
8467,9312,Excellent,2025-03-03
8468,4077,Good,2024-09-08
8469,2605,Average,2024-09-21
8470,878,Needs Improvement,2025-01-26
8471,17222,Excellent,2024-11-19
8472,1215,Needs Improvement,2025-01-23
8473,178,Good,2025-05-29
8474,14886,Average,2024-10-22
8475,11872,Needs Improvement,2025-01-09
8476,1976,Excellent,2025-02-13
8477,3262,Average,2025-04-30
8478,12160,Average,2024-07-22
8479,2297,Needs Improvement,2025-02-13
8480,14785,Excellent,2025-07-03
8481,1257,Average,2024-08-09
8482,10180,Needs Improvement,2025-01-28
8483,7743,Excellent,2025-05-21
8484,9250,Needs Improvement,2025-02-08
8485,8966,Needs Improvement,2024-12-21
8486,1269,Needs Improvement,2024-07-26
8487,2419,Good,2024-12-05
8488,6178,Needs Improvement,2025-01-16
8489,7024,Needs Improvement,2024-11-10
8490,19320,Needs Improvement,2024-10-05
8491,19985,Excellent,2024-10-03
8492,8500,Needs Improvement,2024-10-08
8493,9447,Needs Improvement,2025-05-09
8494,12375,Good,2024-10-15
8495,17749,Average,2024-11-26
8496,6079,Needs Improvement,2025-03-31
8497,7278,Excellent,2025-02-23
8498,13144,Good,2024-12-15
8499,12409,Average,2025-02-21
8500,15574,Excellent,2024-12-06
8501,3216,Needs Improvement,2024-09-22
8502,7359,Good,2024-12-07
8503,15060,Average,2025-04-22
8504,13165,Needs Improvement,2025-05-11
8505,17566,Needs Improvement,2025-03-30
8506,18078,Average,2025-01-08
8507,17803,Needs Improvement,2025-06-06
8508,8538,Excellent,2024-11-12
8509,2527,Excellent,2024-08-06
8510,12317,Needs Improvement,2024-11-01
8511,19166,Excellent,2024-12-08
8512,8255,Average,2024-09-30
8513,3011,Average,2024-08-18
8514,8023,Excellent,2025-05-03
8515,9047,Average,2024-08-08
8516,17761,Needs Improvement,2024-12-22
8517,7666,Good,2025-02-08
8518,18137,Good,2024-08-21
8519,6536,Excellent,2025-01-16
8520,14953,Average,2025-02-27
8521,13100,Needs Improvement,2024-12-06
8522,19729,Average,2025-01-10
8523,5987,Needs Improvement,2025-04-04
8524,6767,Needs Improvement,2025-05-11
8525,4537,Excellent,2024-10-24
8526,19773,Good,2025-01-23
8527,5692,Good,2025-06-04
8528,2292,Good,2025-01-27
8529,14730,Good,2025-01-11
8530,6245,Excellent,2024-12-26
8531,7789,Excellent,2024-10-23
8532,4540,Needs Improvement,2025-03-27
8533,13946,Needs Improvement,2025-01-06
8534,8480,Excellent,2025-05-25
8535,17046,Good,2024-08-11
8536,8168,Good,2025-06-10
8537,12934,Good,2025-05-08
8538,2867,Good,2025-07-03
8539,7066,Excellent,2025-05-27
8540,6017,Average,2024-08-31
8541,13455,Excellent,2025-02-03
8542,13813,Excellent,2025-06-12
8543,9117,Average,2024-11-23
8544,14700,Needs Improvement,2025-06-26
8545,12310,Average,2025-02-24
8546,11555,Average,2025-02-06
8547,9144,Good,2024-07-25
8548,16803,Good,2025-06-05
8549,12214,Average,2024-09-03
8550,16185,Good,2024-10-10
8551,15932,Good,2025-05-23
8552,6860,Good,2025-01-02
8553,5818,Needs Improvement,2025-07-06
8554,1739,Needs Improvement,2025-06-02
8555,3971,Average,2024-10-02
8556,947,Average,2025-02-24
8557,9643,Average,2024-11-20
8558,19604,Excellent,2024-10-03
8559,3490,Needs Improvement,2024-12-26
8560,4949,Needs Improvement,2025-06-16
8561,10564,Average,2025-01-07
8562,3504,Excellent,2024-10-15
8563,16341,Needs Improvement,2024-09-02
8564,16163,Good,2025-07-04
8565,1656,Good,2024-08-31
8566,13529,Needs Improvement,2025-05-12
8567,18268,Needs Improvement,2024-10-20
8568,19006,Needs Improvement,2025-06-13
8569,16862,Excellent,2025-04-27
8570,10287,Excellent,2024-10-03
8571,385,Average,2024-08-28
8572,432,Excellent,2025-05-24
8573,5297,Needs Improvement,2025-03-19
8574,16715,Needs Improvement,2024-08-03
8575,19202,Needs Improvement,2024-08-25
8576,3226,Excellent,2025-05-09
8577,6153,Average,2025-04-28
8578,119,Needs Improvement,2025-01-27
8579,8765,Average,2025-05-06
8580,2518,Excellent,2025-03-02
8581,8968,Needs Improvement,2025-03-21
8582,3510,Good,2025-04-26
8583,1473,Needs Improvement,2025-03-11
8584,490,Good,2024-12-19
8585,503,Needs Improvement,2024-11-22
8586,2660,Good,2024-08-07
8587,10511,Average,2025-04-10
8588,7200,Good,2024-09-03
8589,18518,Average,2024-07-11
8590,18682,Excellent,2025-05-17
8591,7411,Needs Improvement,2024-12-21
8592,12235,Good,2025-05-07
8593,9919,Excellent,2024-11-10
8594,4055,Average,2024-10-22
8595,14667,Average,2024-11-23
8596,1998,Average,2025-06-10
8597,5969,Good,2025-01-02
8598,4004,Excellent,2024-09-21
8599,10334,Good,2024-08-31
8600,5700,Good,2024-07-25
8601,10763,Needs Improvement,2024-09-25
8602,12726,Good,2024-10-19
8603,3570,Good,2025-06-21
8604,13776,Average,2025-06-23
8605,7498,Average,2024-12-28
8606,277,Needs Improvement,2024-07-13
8607,14196,Excellent,2025-04-11
8608,12919,Excellent,2025-03-11
8609,4746,Average,2025-07-03
8610,112,Average,2024-09-15
8611,8940,Good,2025-01-27
8612,11749,Good,2024-11-02
8613,5477,Average,2024-12-12
8614,8734,Excellent,2024-07-25
8615,19514,Needs Improvement,2025-03-09
8616,19616,Good,2024-10-15
8617,17506,Excellent,2025-01-29
8618,2092,Good,2024-08-02
8619,8643,Excellent,2024-11-09
8620,11744,Needs Improvement,2024-08-26
8621,7101,Excellent,2025-01-30
8622,2718,Average,2024-09-15
8623,2461,Good,2025-02-02
8624,19402,Average,2025-03-10
8625,15205,Excellent,2024-10-03
8626,11188,Needs Improvement,2024-11-23
8627,9467,Average,2025-04-18
8628,12986,Good,2024-08-10
8629,1787,Needs Improvement,2024-11-15
8630,5974,Needs Improvement,2024-12-24
8631,18619,Good,2024-09-20
8632,10141,Needs Improvement,2025-03-06
8633,5296,Excellent,2025-03-28
8634,16572,Needs Improvement,2024-08-19
8635,11,Excellent,2024-09-28
8636,3287,Good,2025-06-01
8637,11560,Good,2024-08-01
8638,97,Good,2025-02-08
8639,14368,Excellent,2025-06-06
8640,1211,Excellent,2025-01-17
8641,281,Average,2025-06-22
8642,2755,Needs Improvement,2025-05-18
8643,2749,Needs Improvement,2024-08-09
8644,5993,Excellent,2024-12-02
8645,4500,Needs Improvement,2025-04-18
8646,5617,Good,2024-08-15
8647,1450,Excellent,2025-04-11
8648,18995,Needs Improvement,2025-01-12
8649,15049,Average,2025-06-03
8650,17634,Average,2025-02-27
8651,3768,Needs Improvement,2025-05-15
8652,13493,Good,2025-01-25
8653,17015,Excellent,2024-10-28
8654,3178,Good,2024-11-15
8655,4401,Average,2024-11-26
8656,14802,Good,2025-02-26
8657,13500,Average,2025-06-08
8658,16626,Needs Improvement,2024-12-14
8659,16861,Average,2025-03-03
8660,1409,Good,2025-05-18
8661,17727,Good,2025-02-05
8662,6160,Average,2025-01-17
8663,2991,Good,2024-12-28
8664,12681,Needs Improvement,2024-12-06
8665,4356,Average,2024-09-05
8666,6376,Good,2024-08-27
8667,6051,Excellent,2024-07-20
8668,8445,Excellent,2024-12-11
8669,14834,Average,2024-11-14
8670,16731,Average,2024-07-29
8671,1936,Average,2025-01-21
8672,9466,Needs Improvement,2025-05-27
8673,10718,Average,2024-09-16
8674,8201,Average,2024-08-17
8675,4110,Good,2025-05-22
8676,6714,Excellent,2025-03-24
8677,17182,Excellent,2024-09-11
8678,16386,Excellent,2025-06-10
8679,13782,Needs Improvement,2025-04-26
8680,5029,Average,2025-05-16
8681,18648,Needs Improvement,2025-05-14
8682,5618,Needs Improvement,2025-03-09
8683,9224,Needs Improvement,2025-01-22
8684,16745,Average,2024-09-03
8685,19617,Average,2024-07-06
8686,18463,Excellent,2024-08-20
8687,4903,Excellent,2024-07-06
8688,4628,Excellent,2024-08-17
8689,458,Average,2024-12-23
8690,1382,Good,2024-09-14
8691,16065,Good,2025-04-12
8692,13931,Excellent,2025-04-07
8693,3977,Needs Improvement,2025-05-26
8694,3628,Excellent,2025-06-26
8695,14850,Needs Improvement,2025-06-01
8696,15727,Average,2025-06-14
8697,472,Good,2024-10-24
8698,11267,Average,2025-04-19
8699,4087,Needs Improvement,2024-09-25
8700,5103,Average,2024-07-14
8701,18070,Average,2025-05-11
8702,1201,Good,2024-10-30
8703,5495,Good,2025-06-17
8704,13477,Good,2025-06-17
8705,17591,Needs Improvement,2025-01-30
8706,5924,Average,2025-06-20
8707,11402,Excellent,2025-01-11
8708,12376,Needs Improvement,2025-04-29
8709,12376,Needs Improvement,2024-12-13
8710,8240,Excellent,2025-01-13
8711,1295,Average,2025-04-19
8712,10679,Needs Improvement,2025-02-22
8713,13607,Needs Improvement,2025-03-26
8714,13011,Average,2024-09-15
8715,12841,Average,2025-05-14
8716,3158,Needs Improvement,2024-07-19
8717,7888,Average,2024-10-12
8718,17919,Needs Improvement,2025-04-29
8719,17181,Good,2024-09-13
8720,13836,Good,2025-02-18
8721,8124,Needs Improvement,2025-06-05
8722,2840,Excellent,2025-06-14
8723,13608,Good,2025-06-13
8724,15481,Good,2025-06-29
8725,19454,Needs Improvement,2024-11-08
8726,5632,Excellent,2025-04-15
8727,5641,Good,2024-09-13
8728,6836,Needs Improvement,2025-03-30
8729,4102,Good,2024-10-08
8730,19835,Needs Improvement,2024-08-21
8731,4772,Needs Improvement,2025-02-19
8732,14041,Average,2025-03-27
8733,18566,Good,2024-07-21
8734,7399,Good,2024-09-09
8735,14043,Needs Improvement,2024-10-26
8736,9739,Excellent,2024-10-04
8737,6561,Average,2024-10-17
8738,18480,Good,2024-08-10
8739,10295,Average,2025-03-14
8740,2448,Average,2025-01-25
8741,16412,Average,2025-04-02
8742,13939,Excellent,2024-11-08
8743,19922,Excellent,2025-02-02
8744,300,Needs Improvement,2025-02-28
8745,3785,Good,2024-08-14
8746,17507,Needs Improvement,2025-02-13
8747,4523,Average,2024-11-02
8748,11978,Good,2024-08-10
8749,16466,Excellent,2024-09-04
8750,921,Average,2025-05-14
8751,14942,Excellent,2025-02-11
8752,9722,Excellent,2025-01-31
8753,1652,Excellent,2024-07-25
8754,36,Needs Improvement,2025-04-09
8755,5233,Average,2024-07-11
8756,6779,Excellent,2024-12-12
8757,4841,Needs Improvement,2025-01-28
8758,12044,Excellent,2024-10-13
8759,17745,Good,2024-09-30
8760,16927,Needs Improvement,2025-01-05
8761,5060,Excellent,2025-06-16
8762,10178,Needs Improvement,2025-07-03
8763,9123,Average,2024-11-22
8764,7007,Excellent,2024-12-18
8765,10315,Average,2025-02-08
8766,15106,Needs Improvement,2025-01-17
8767,16419,Good,2024-09-25
8768,16570,Excellent,2025-03-14
8769,14543,Good,2025-05-01
8770,12385,Excellent,2024-07-27
8771,18531,Needs Improvement,2025-02-17
8772,6903,Needs Improvement,2025-05-10
8773,4542,Average,2025-03-27
8774,8955,Good,2025-03-28
8775,4986,Average,2024-10-30
8776,12086,Excellent,2025-04-04
8777,8738,Good,2025-02-24
8778,2049,Good,2024-11-16
8779,18152,Excellent,2025-04-20
8780,18272,Average,2024-07-07
8781,14081,Excellent,2024-09-28
8782,8218,Good,2024-10-11
8783,6623,Good,2025-06-29
8784,5598,Needs Improvement,2024-09-12
8785,15705,Excellent,2025-01-26
8786,14661,Good,2025-03-12
8787,17611,Good,2025-06-24
8788,9313,Average,2024-12-26
8789,6932,Needs Improvement,2025-04-29
8790,804,Excellent,2024-07-22
8791,2888,Needs Improvement,2024-11-18
8792,19730,Excellent,2024-08-06
8793,12319,Average,2024-07-11
8794,19529,Good,2024-12-27
8795,8193,Excellent,2024-10-09
8796,1693,Average,2024-11-01
8797,9942,Average,2024-10-09
8798,4206,Excellent,2024-10-22
8799,7022,Excellent,2024-10-23
8800,8139,Excellent,2025-01-01
8801,5157,Good,2024-11-20
8802,3562,Excellent,2024-07-30
8803,13651,Good,2024-11-04
8804,6432,Average,2024-11-01
8805,3887,Average,2024-09-27
8806,14651,Excellent,2025-06-24
8807,230,Needs Improvement,2024-11-05
8808,1225,Good,2025-05-16
8809,14104,Average,2025-03-18
8810,3288,Good,2024-10-22
8811,8894,Needs Improvement,2025-04-09
8812,7854,Good,2025-05-13
8813,12109,Excellent,2025-03-14
8814,11025,Good,2024-09-25
8815,17906,Good,2024-07-15
8816,400,Average,2024-08-29
8817,19705,Needs Improvement,2025-05-28
8818,1949,Needs Improvement,2024-10-30
8819,15458,Average,2024-08-30
8820,4663,Average,2024-09-29
8821,3426,Average,2025-07-06
8822,7243,Excellent,2024-07-10
8823,16675,Needs Improvement,2025-07-01
8824,8079,Needs Improvement,2025-03-01
8825,18385,Needs Improvement,2025-01-29
8826,12930,Needs Improvement,2025-05-13
8827,6297,Needs Improvement,2025-03-19
8828,609,Average,2024-08-04
8829,14207,Good,2024-11-18
8830,5464,Excellent,2024-07-08
8831,15269,Needs Improvement,2024-09-03
8832,17443,Average,2025-02-01
8833,8016,Excellent,2025-06-25
8834,17989,Average,2024-10-28
8835,15424,Needs Improvement,2024-09-10
8836,16977,Average,2025-03-03
8837,16638,Needs Improvement,2024-08-06
8838,10048,Average,2024-12-13
8839,10542,Needs Improvement,2024-08-23
8840,7797,Needs Improvement,2025-01-11
8841,13779,Average,2025-06-28
8842,417,Average,2024-07-25
8843,1807,Average,2024-07-19
8844,6852,Average,2024-09-10
8845,13616,Good,2025-06-17
8846,12939,Average,2025-04-17
8847,6852,Average,2024-07-19
8848,7892,Excellent,2024-11-11
8849,19401,Excellent,2024-08-12
8850,15768,Excellent,2024-08-23
8851,4413,Good,2025-02-22
8852,3615,Good,2024-12-05
8853,3928,Good,2024-10-10
8854,10795,Average,2024-10-26
8855,19978,Average,2025-04-02
8856,3391,Excellent,2025-02-06
8857,8940,Excellent,2024-07-13
8858,6058,Good,2024-08-08
8859,18537,Good,2025-01-19
8860,3402,Excellent,2024-09-12
8861,19557,Average,2024-10-04
8862,8577,Needs Improvement,2025-03-31
8863,15988,Needs Improvement,2025-07-03
8864,10379,Good,2025-03-17
8865,16863,Excellent,2025-01-05
8866,14434,Excellent,2025-01-19
8867,8337,Excellent,2024-12-13
8868,12300,Excellent,2025-06-17
8869,17449,Needs Improvement,2024-11-01
8870,5370,Needs Improvement,2025-03-08
8871,3211,Excellent,2025-05-03
8872,540,Good,2024-11-13
8873,13976,Needs Improvement,2024-10-06
8874,2835,Excellent,2025-02-07
8875,12993,Needs Improvement,2025-05-23
8876,17837,Needs Improvement,2025-05-24
8877,10395,Good,2025-04-03
8878,5396,Average,2025-06-05
8879,2715,Excellent,2025-03-06
8880,14119,Needs Improvement,2024-08-31
8881,9670,Needs Improvement,2025-01-22
8882,7076,Good,2025-06-07
8883,13148,Needs Improvement,2025-02-04
8884,2645,Good,2024-08-16
8885,17342,Good,2025-02-02
8886,10222,Excellent,2024-11-10
8887,11752,Good,2024-12-19
8888,3786,Average,2025-06-01
8889,8421,Average,2025-06-18
8890,14625,Average,2025-06-23
8891,18672,Needs Improvement,2025-04-30
8892,15439,Good,2025-04-05
8893,17448,Excellent,2025-02-27
8894,8689,Needs Improvement,2024-11-06
8895,15348,Average,2025-06-22
8896,15194,Needs Improvement,2025-01-08
8897,2527,Excellent,2025-02-01
8898,19673,Excellent,2025-02-14
8899,8901,Average,2025-04-22
8900,5589,Excellent,2025-05-21
8901,2193,Excellent,2025-06-15
8902,1716,Good,2025-06-13
8903,17942,Good,2024-11-10
8904,5264,Good,2025-06-23
8905,1880,Excellent,2025-03-24
8906,12661,Average,2024-12-13
8907,12822,Good,2024-09-29
8908,9242,Average,2024-11-08
8909,9236,Good,2025-06-08
8910,10932,Excellent,2024-12-11
8911,8108,Excellent,2025-01-15
8912,16633,Good,2025-05-18
8913,443,Needs Improvement,2024-12-29
8914,7732,Average,2024-09-01
8915,422,Needs Improvement,2024-10-01
8916,6272,Good,2024-09-13
8917,15434,Excellent,2025-06-22
8918,12536,Needs Improvement,2025-02-04
8919,15587,Average,2024-11-19
8920,15896,Needs Improvement,2025-01-07
8921,14637,Excellent,2025-03-03
8922,6455,Good,2025-05-19
8923,5549,Excellent,2025-02-03
8924,18709,Needs Improvement,2025-05-02
8925,10409,Average,2025-07-05
8926,18047,Excellent,2024-09-10
8927,18409,Good,2025-06-17
8928,10143,Needs Improvement,2024-10-19
8929,8108,Excellent,2024-12-12
8930,1553,Average,2025-06-03
8931,14906,Average,2025-02-15
8932,1879,Needs Improvement,2025-06-13
8933,6349,Good,2025-01-15
8934,8464,Excellent,2025-04-09
8935,2122,Good,2024-11-13
8936,802,Excellent,2025-05-01
8937,6651,Excellent,2024-08-05
8938,13388,Needs Improvement,2025-02-06
8939,13298,Average,2025-04-22
8940,17121,Good,2025-03-14
8941,16424,Average,2025-06-18
8942,7744,Good,2025-02-19
8943,1518,Excellent,2024-07-27
8944,686,Average,2024-09-05
8945,9997,Average,2025-05-15
8946,790,Needs Improvement,2024-08-05
8947,4020,Good,2025-02-11
8948,120,Excellent,2025-04-15
8949,14745,Good,2024-07-27
8950,1909,Average,2024-12-15
8951,4435,Average,2024-10-26
8952,6129,Good,2025-01-06
8953,10857,Needs Improvement,2024-11-16
8954,188,Average,2024-10-13
8955,9050,Needs Improvement,2025-05-16
8956,16845,Needs Improvement,2024-12-25
8957,12993,Good,2025-01-27
8958,7752,Good,2025-01-29
8959,15868,Good,2025-05-25
8960,8657,Average,2024-12-04
8961,4104,Excellent,2025-02-11
8962,2478,Good,2024-12-25
8963,17599,Needs Improvement,2024-09-21
8964,3213,Average,2024-10-19
8965,3524,Good,2025-02-18
8966,15481,Excellent,2024-09-13
8967,15124,Needs Improvement,2025-05-04
8968,4101,Needs Improvement,2024-12-21
8969,10962,Average,2025-05-14
8970,14944,Good,2025-05-02
8971,8460,Needs Improvement,2024-07-21
8972,16664,Average,2024-07-07
8973,5312,Needs Improvement,2024-10-21
8974,7045,Excellent,2024-09-17
8975,19778,Good,2025-02-19
8976,8987,Needs Improvement,2024-09-08
8977,1089,Good,2025-07-03
8978,10067,Needs Improvement,2025-04-23
8979,5510,Average,2024-12-04
8980,15411,Average,2024-08-12
8981,10969,Good,2024-09-23
8982,14214,Good,2025-04-06
8983,8429,Average,2025-04-29
8984,15243,Excellent,2024-09-09
8985,18477,Needs Improvement,2024-08-23
8986,16278,Good,2025-05-13
8987,5248,Needs Improvement,2024-08-04
8988,7137,Needs Improvement,2025-04-17
8989,10621,Good,2025-02-09
8990,17825,Average,2025-06-28
8991,3742,Good,2025-04-26
8992,17646,Excellent,2024-07-31
8993,19157,Average,2025-02-15
8994,15519,Excellent,2024-09-03
8995,16939,Needs Improvement,2024-11-08
8996,6374,Average,2025-05-27
8997,17849,Needs Improvement,2024-09-23
8998,9790,Average,2024-07-20
8999,1973,Good,2025-02-23
9000,5760,Needs Improvement,2024-11-11
9001,999,Average,2024-12-16
9002,8795,Average,2025-06-30
9003,6718,Needs Improvement,2024-11-07
9004,1786,Average,2024-11-16
9005,7133,Excellent,2025-02-26
9006,19290,Average,2025-06-04
9007,11972,Excellent,2024-10-30
9008,18002,Good,2025-04-12
9009,18011,Excellent,2024-11-30
9010,8139,Needs Improvement,2024-11-12
9011,7716,Needs Improvement,2024-11-09
9012,2164,Needs Improvement,2024-09-15
9013,10785,Needs Improvement,2024-08-09
9014,2735,Good,2024-12-26
9015,4072,Good,2025-04-08
9016,6202,Good,2024-10-26
9017,14582,Needs Improvement,2025-06-25
9018,7474,Average,2024-11-15
9019,14985,Average,2024-07-06
9020,17653,Good,2025-01-01
9021,43,Excellent,2025-06-14
9022,17064,Good,2024-09-29
9023,19312,Excellent,2025-01-12
9024,4174,Needs Improvement,2025-03-29
9025,19877,Excellent,2025-06-05
9026,14235,Needs Improvement,2025-05-24
9027,11210,Needs Improvement,2024-07-10
9028,11614,Average,2025-01-30
9029,11973,Good,2025-02-01
9030,17383,Needs Improvement,2024-07-17
9031,13931,Good,2025-02-12
9032,13417,Good,2025-03-29
9033,9440,Needs Improvement,2024-10-15
9034,19524,Good,2025-04-09
9035,16037,Good,2024-11-11
9036,5310,Excellent,2025-05-12
9037,14140,Good,2024-08-30
9038,2291,Needs Improvement,2024-12-24
9039,13245,Good,2025-01-25
9040,2593,Needs Improvement,2025-07-06
9041,14874,Good,2025-07-05
9042,13793,Excellent,2024-07-20
9043,18914,Excellent,2025-04-27
9044,15472,Good,2025-02-27
9045,16004,Excellent,2024-10-10
9046,18068,Needs Improvement,2025-05-20
9047,12922,Average,2025-02-27
9048,4294,Excellent,2024-07-29
9049,2749,Average,2024-10-31
9050,15922,Needs Improvement,2025-04-16
9051,1027,Good,2025-04-10
9052,11508,Average,2025-05-21
9053,4222,Average,2025-05-07
9054,2380,Needs Improvement,2024-07-31
9055,13190,Excellent,2024-09-25
9056,8137,Average,2025-01-07
9057,11400,Average,2025-02-13
9058,11734,Needs Improvement,2024-09-02
9059,6791,Good,2025-06-10
9060,8064,Good,2024-09-14
9061,6624,Needs Improvement,2025-04-02
9062,9279,Good,2024-07-21
9063,7641,Needs Improvement,2024-11-24
9064,11063,Good,2025-03-06
9065,15656,Good,2025-06-07
9066,19221,Needs Improvement,2025-05-27
9067,16989,Excellent,2025-06-25
9068,917,Needs Improvement,2024-10-12
9069,460,Excellent,2025-03-02
9070,2006,Good,2025-05-18
9071,13927,Average,2025-05-29
9072,1256,Average,2024-08-16
9073,12767,Excellent,2024-08-16
9074,16875,Good,2025-06-27
9075,3127,Needs Improvement,2025-01-18
9076,19930,Average,2025-01-14
9077,12616,Needs Improvement,2025-05-10
9078,4987,Excellent,2025-01-29
9079,1370,Good,2024-08-09
9080,10159,Good,2025-01-20
9081,7620,Good,2025-05-18
9082,16102,Good,2025-05-12
9083,10007,Needs Improvement,2024-12-21
9084,15435,Average,2024-09-14
9085,14357,Needs Improvement,2025-06-22
9086,9202,Good,2025-04-29
9087,12220,Excellent,2025-03-01
9088,19391,Good,2024-11-23
9089,10024,Needs Improvement,2025-02-08
9090,6063,Good,2024-07-20
9091,14381,Excellent,2024-08-14
9092,19868,Average,2024-07-07
9093,1125,Excellent,2025-01-22
9094,2835,Excellent,2024-09-29
9095,16151,Average,2025-03-27
9096,17580,Good,2024-08-10
9097,5127,Excellent,2025-04-04
9098,13382,Excellent,2024-10-16
9099,7794,Excellent,2025-04-06
9100,1750,Average,2025-01-05
9101,19324,Average,2025-04-06
9102,14522,Excellent,2025-03-31
9103,15742,Needs Improvement,2024-10-30
9104,2512,Average,2024-07-26
9105,8421,Excellent,2024-12-13
9106,1308,Average,2025-05-09
9107,6880,Needs Improvement,2024-11-16
9108,14514,Good,2024-07-28
9109,10566,Average,2025-03-20
9110,10500,Needs Improvement,2025-02-12
9111,9620,Needs Improvement,2025-04-26
9112,3285,Excellent,2024-08-11
9113,6944,Needs Improvement,2024-08-29
9114,13539,Good,2025-01-17
9115,16733,Needs Improvement,2025-04-16
9116,13700,Excellent,2025-05-21
9117,13910,Needs Improvement,2025-06-28
9118,6392,Average,2025-02-10
9119,10719,Excellent,2024-08-16
9120,18356,Needs Improvement,2024-12-15
9121,13318,Good,2025-03-16
9122,11716,Good,2025-02-18
9123,16387,Excellent,2024-12-30
9124,12429,Average,2025-06-23
9125,14803,Average,2025-03-07
9126,17000,Needs Improvement,2024-12-13
9127,5035,Average,2024-10-07
9128,14239,Needs Improvement,2024-10-05
9129,7041,Good,2024-10-20
9130,17849,Needs Improvement,2024-11-13
9131,7361,Average,2025-01-16
9132,18512,Excellent,2024-10-29
9133,5524,Average,2025-06-09
9134,11881,Needs Improvement,2024-11-17
9135,3652,Good,2025-05-25
9136,8022,Excellent,2024-08-15
9137,12553,Needs Improvement,2025-05-13
9138,11761,Needs Improvement,2024-09-08
9139,9090,Excellent,2024-08-24
9140,4522,Good,2025-05-21
9141,7356,Average,2024-12-24
9142,11946,Needs Improvement,2024-11-07
9143,17601,Good,2025-05-31
9144,5461,Average,2024-12-06
9145,14380,Average,2025-05-07
9146,13751,Average,2025-06-27
9147,4586,Good,2024-12-14
9148,7394,Average,2024-11-07
9149,11949,Needs Improvement,2024-12-09
9150,13888,Needs Improvement,2025-06-12
9151,10129,Excellent,2025-05-27
9152,17092,Needs Improvement,2025-04-13
9153,6011,Average,2025-06-25
9154,12608,Good,2024-07-08
9155,16671,Needs Improvement,2025-01-18
9156,10093,Needs Improvement,2025-04-06
9157,10880,Average,2025-01-26
9158,6948,Needs Improvement,2024-12-25
9159,18043,Needs Improvement,2025-02-05
9160,17609,Good,2025-01-29
9161,4176,Needs Improvement,2025-03-21
9162,18287,Good,2025-05-15
9163,18245,Average,2025-03-17
9164,390,Excellent,2024-07-09
9165,11798,Average,2024-11-05
9166,4946,Good,2024-12-26
9167,16909,Needs Improvement,2024-08-21
9168,18578,Excellent,2025-05-12
9169,17601,Average,2024-12-03
9170,211,Average,2025-07-03
9171,2322,Good,2025-02-16
9172,9813,Good,2024-08-04
9173,1864,Average,2024-09-19
9174,6861,Average,2025-01-13
9175,15510,Good,2025-04-17
9176,17439,Needs Improvement,2024-09-04
9177,12407,Average,2025-01-26
9178,18539,Excellent,2025-02-12
9179,12391,Needs Improvement,2025-05-27
9180,8653,Average,2025-06-30
9181,2124,Average,2024-12-17
9182,3980,Excellent,2025-04-26
9183,14835,Average,2025-01-17
9184,1483,Needs Improvement,2025-03-31
9185,507,Good,2025-03-08
9186,17812,Average,2025-06-19
9187,10370,Excellent,2025-03-06
9188,11935,Needs Improvement,2024-11-20
9189,871,Good,2024-10-27
9190,16372,Excellent,2025-01-06
9191,11519,Needs Improvement,2025-02-24
9192,12153,Excellent,2024-10-09
9193,6557,Good,2025-04-14
9194,6103,Average,2025-06-26
9195,7937,Good,2025-01-16
9196,15025,Good,2024-12-19
9197,12319,Needs Improvement,2024-11-21
9198,14076,Excellent,2025-06-10
9199,2169,Needs Improvement,2024-07-23
9200,9789,Needs Improvement,2024-08-11
9201,13169,Needs Improvement,2025-05-24
9202,1422,Needs Improvement,2024-09-30
9203,11292,Good,2024-08-20
9204,13394,Needs Improvement,2025-05-18
9205,16004,Good,2024-12-25
9206,2908,Average,2024-09-04
9207,9215,Excellent,2025-06-13
9208,7265,Excellent,2025-03-18
9209,3815,Needs Improvement,2024-12-02
9210,11428,Average,2025-04-28
9211,5819,Average,2024-08-05
9212,13046,Average,2025-03-31
9213,13343,Average,2025-05-31
9214,15238,Average,2025-03-18
9215,18152,Needs Improvement,2024-08-23
9216,18060,Needs Improvement,2025-05-23
9217,15712,Excellent,2025-03-14
9218,13993,Good,2024-08-12
9219,641,Needs Improvement,2024-11-04
9220,2988,Needs Improvement,2024-09-05
9221,3235,Excellent,2024-08-10
9222,87,Excellent,2025-01-11
9223,6488,Needs Improvement,2024-12-28
9224,14915,Average,2024-09-28
9225,16195,Needs Improvement,2025-04-04
9226,9668,Excellent,2024-08-04
9227,14851,Needs Improvement,2025-01-01
9228,3517,Excellent,2025-05-31
9229,8485,Good,2024-08-24
9230,8708,Excellent,2024-08-29
9231,12506,Average,2024-11-26
9232,15660,Excellent,2025-06-15
9233,1380,Excellent,2025-06-02
9234,14998,Excellent,2024-12-02
9235,8796,Excellent,2025-07-05
9236,11470,Average,2025-03-07
9237,16911,Excellent,2025-04-24
9238,4023,Average,2025-01-16
9239,9889,Excellent,2025-03-14
9240,3486,Needs Improvement,2024-12-19
9241,12018,Needs Improvement,2025-05-26
9242,4024,Excellent,2024-07-30
9243,8063,Excellent,2024-08-12
9244,6285,Needs Improvement,2024-10-04
9245,5707,Excellent,2025-03-10
9246,14286,Needs Improvement,2025-04-26
9247,15054,Good,2024-09-09
9248,15865,Good,2024-09-21
9249,14594,Good,2024-10-11
9250,2635,Average,2024-09-30
9251,18426,Average,2024-07-30
9252,6610,Excellent,2025-06-22
9253,7542,Average,2024-10-16
9254,11491,Average,2025-06-12
9255,13570,Excellent,2025-01-13
9256,465,Needs Improvement,2024-11-27
9257,4743,Good,2025-05-30
9258,13572,Excellent,2024-10-30
9259,18648,Excellent,2025-01-16
9260,3294,Good,2025-02-16
9261,3460,Needs Improvement,2024-10-10
9262,7091,Average,2025-01-11
9263,11430,Needs Improvement,2024-08-27
9264,12439,Average,2024-10-15
9265,6118,Good,2024-09-11
9266,8504,Good,2025-04-17
9267,1018,Good,2024-09-25
9268,10179,Excellent,2024-10-30
9269,8663,Average,2024-12-30
9270,1764,Good,2025-02-19
9271,9493,Average,2025-01-21
9272,16676,Excellent,2025-01-20
9273,3551,Good,2025-05-17
9274,8074,Average,2024-12-19
9275,8133,Average,2025-02-10
9276,477,Good,2025-04-15
9277,9735,Excellent,2024-10-07
9278,9481,Average,2024-07-17
9279,15936,Excellent,2024-10-24
9280,355,Needs Improvement,2025-01-29
9281,19781,Needs Improvement,2025-06-29
9282,12856,Needs Improvement,2025-04-21
9283,10863,Good,2024-09-24
9284,10730,Needs Improvement,2025-02-28
9285,2818,Average,2024-08-29
9286,8264,Excellent,2025-03-11
9287,8945,Good,2025-01-11
9288,17727,Needs Improvement,2025-01-15
9289,2757,Average,2025-04-26
9290,16251,Average,2024-07-18
9291,11811,Needs Improvement,2024-08-25
9292,15236,Excellent,2025-03-14
9293,1140,Excellent,2025-05-18
9294,15089,Average,2024-10-05
9295,96,Needs Improvement,2025-05-09
9296,1233,Good,2025-06-25
9297,14724,Excellent,2024-10-14
9298,563,Average,2025-01-19
9299,212,Average,2025-03-22
9300,9939,Needs Improvement,2024-12-20
9301,18229,Excellent,2024-09-02
9302,2064,Good,2024-12-30
9303,6817,Good,2024-12-02
9304,18309,Needs Improvement,2025-04-15
9305,15691,Excellent,2025-05-21
9306,9843,Good,2024-10-06
9307,9487,Good,2025-01-08
9308,10925,Excellent,2024-08-15
9309,11751,Good,2025-04-29
9310,14645,Needs Improvement,2025-01-24
9311,17208,Average,2024-08-28
9312,749,Good,2025-02-16
9313,9115,Excellent,2025-03-02
9314,3352,Excellent,2024-10-06
9315,5461,Good,2025-02-05
9316,16895,Excellent,2024-08-21
9317,4854,Needs Improvement,2025-03-01
9318,421,Good,2024-08-25
9319,11093,Good,2025-01-04
9320,10016,Excellent,2025-07-06
9321,4394,Excellent,2025-04-07
9322,11537,Needs Improvement,2025-03-22
9323,17109,Average,2024-11-19
9324,8642,Good,2025-01-07
9325,6093,Average,2025-03-06
9326,6485,Average,2025-03-28
9327,4231,Needs Improvement,2025-03-08
9328,3333,Excellent,2025-01-23
9329,3379,Excellent,2024-12-16
9330,7731,Excellent,2024-07-11
9331,11788,Excellent,2024-08-24
9332,2507,Excellent,2024-12-18
9333,3768,Excellent,2024-10-25
9334,17159,Good,2025-04-29
9335,15610,Needs Improvement,2024-08-14
9336,6115,Good,2024-11-04
9337,15975,Excellent,2025-02-09
9338,18721,Needs Improvement,2024-07-09
9339,12345,Needs Improvement,2025-06-17
9340,1874,Good,2024-09-06
9341,16012,Needs Improvement,2025-05-09
9342,7674,Needs Improvement,2024-10-07
9343,1677,Good,2025-02-25
9344,180,Needs Improvement,2024-10-14
9345,14160,Good,2025-02-21
9346,15964,Excellent,2024-07-15
9347,18178,Good,2025-05-06
9348,6223,Average,2024-09-02
9349,13133,Good,2025-02-26
9350,6885,Needs Improvement,2025-06-29
9351,6542,Needs Improvement,2024-09-10
9352,11320,Excellent,2025-06-18
9353,8908,Needs Improvement,2025-05-27
9354,6282,Average,2024-09-17
9355,2081,Average,2025-01-26
9356,9469,Needs Improvement,2025-03-04
9357,7118,Average,2025-05-09
9358,10869,Excellent,2025-03-08
9359,12873,Needs Improvement,2025-01-21
9360,13145,Average,2025-05-12
9361,12481,Needs Improvement,2024-07-11
9362,478,Good,2024-07-13
9363,11657,Needs Improvement,2025-04-18
9364,5049,Needs Improvement,2025-07-06
9365,8005,Needs Improvement,2025-01-05
9366,582,Needs Improvement,2024-09-10
9367,7827,Average,2025-03-05
9368,18123,Excellent,2024-08-30
9369,599,Excellent,2024-09-21
9370,11746,Average,2024-08-23
9371,1090,Average,2025-02-26
9372,6272,Excellent,2025-05-19
9373,6951,Average,2025-05-16
9374,10612,Excellent,2025-05-06
9375,8153,Needs Improvement,2025-06-09
9376,3263,Average,2025-03-25
9377,17987,Excellent,2024-11-04
9378,13064,Average,2025-06-18
9379,9737,Average,2024-07-09
9380,7524,Needs Improvement,2024-08-19
9381,13560,Average,2025-03-04
9382,14925,Good,2025-03-07
9383,14105,Good,2025-04-30
9384,2681,Needs Improvement,2025-05-20
9385,3857,Good,2025-02-08
9386,15363,Needs Improvement,2025-01-21
9387,16456,Needs Improvement,2025-02-05
9388,2943,Good,2024-08-13
9389,16042,Needs Improvement,2025-06-16
9390,13071,Good,2025-05-27
9391,19710,Needs Improvement,2024-10-06
9392,13895,Average,2025-05-30
9393,17496,Excellent,2025-06-15
9394,8222,Average,2025-01-06
9395,16945,Needs Improvement,2025-05-19
9396,1332,Good,2024-11-16
9397,17096,Needs Improvement,2025-01-18
9398,9179,Good,2025-06-01
9399,10974,Average,2025-05-05
9400,7380,Average,2024-11-13
9401,10936,Good,2024-12-26
9402,1205,Needs Improvement,2024-08-24
9403,3625,Good,2025-05-25
9404,5538,Average,2024-07-06
9405,19409,Good,2025-01-11
9406,14999,Needs Improvement,2024-07-16
9407,12440,Good,2024-10-26
9408,11462,Good,2025-01-24
9409,2278,Excellent,2025-01-04
9410,13888,Average,2025-06-04
9411,18272,Excellent,2024-11-12
9412,6129,Average,2025-04-16
9413,9210,Excellent,2024-11-05
9414,8227,Excellent,2025-02-03
9415,9357,Good,2024-12-11
9416,14341,Average,2024-12-26
9417,6730,Good,2024-12-12
9418,6047,Excellent,2025-06-16
9419,4237,Good,2025-01-14
9420,431,Average,2025-06-13
9421,10028,Good,2025-03-12
9422,6840,Excellent,2025-01-30
9423,14939,Needs Improvement,2025-05-22
9424,2597,Average,2025-05-06
9425,17310,Excellent,2024-09-17
9426,19203,Needs Improvement,2025-01-03
9427,11592,Good,2024-09-03
9428,19137,Needs Improvement,2025-03-14
9429,4397,Average,2024-12-17
9430,16613,Needs Improvement,2024-12-04
9431,14287,Needs Improvement,2025-02-09
9432,3169,Good,2025-02-26
9433,7158,Average,2024-09-23
9434,13001,Needs Improvement,2024-07-13
9435,5613,Good,2024-10-16
9436,4750,Needs Improvement,2025-04-07
9437,2727,Excellent,2024-09-14
9438,11277,Average,2024-10-15
9439,3837,Excellent,2024-11-13
9440,19538,Excellent,2025-01-21
9441,15191,Needs Improvement,2025-04-22
9442,145,Excellent,2025-06-24
9443,8169,Needs Improvement,2025-05-02
9444,14413,Excellent,2024-07-27
9445,17558,Good,2025-02-10
9446,17816,Needs Improvement,2024-09-17
9447,6248,Excellent,2024-12-30
9448,3582,Excellent,2024-09-11
9449,2777,Needs Improvement,2024-08-26
9450,10284,Average,2024-10-15
9451,9748,Needs Improvement,2024-08-25
9452,18364,Good,2025-06-02
9453,18436,Good,2025-01-15
9454,6867,Average,2024-12-25
9455,8353,Excellent,2024-10-21
9456,4036,Average,2024-08-27
9457,2357,Needs Improvement,2024-09-10
9458,10120,Needs Improvement,2024-07-13
9459,851,Needs Improvement,2024-08-16
9460,14602,Average,2024-10-12
9461,17209,Needs Improvement,2025-04-24
9462,18060,Needs Improvement,2025-02-10
9463,14437,Needs Improvement,2024-11-25
9464,2378,Average,2024-11-08
9465,10965,Needs Improvement,2025-01-25
9466,1991,Needs Improvement,2024-11-14
9467,6444,Needs Improvement,2025-06-06
9468,13327,Needs Improvement,2024-10-11
9469,15660,Needs Improvement,2024-12-19
9470,17781,Average,2024-08-27
9471,9172,Average,2024-12-28
9472,8773,Needs Improvement,2024-10-20
9473,2418,Excellent,2024-12-23
9474,8530,Good,2025-02-24
9475,15919,Good,2024-09-20
9476,7582,Good,2025-02-07
9477,12539,Excellent,2024-12-26
9478,2605,Needs Improvement,2024-09-06
9479,10975,Good,2024-12-04
9480,14367,Good,2025-04-09
9481,13640,Average,2025-03-20
9482,6627,Needs Improvement,2024-08-27
9483,9244,Excellent,2025-04-28
9484,6031,Good,2024-10-31
9485,2597,Average,2024-07-24
9486,5389,Excellent,2025-02-14
9487,5977,Good,2024-08-27
9488,13171,Average,2024-09-10
9489,9873,Needs Improvement,2024-07-14
9490,7877,Average,2024-12-09
9491,11499,Average,2024-10-15
9492,8126,Average,2024-08-11
9493,10256,Average,2024-10-11
9494,4825,Needs Improvement,2025-06-27
9495,16898,Excellent,2025-03-12
9496,12536,Good,2025-04-17
9497,7744,Good,2025-05-23
9498,10053,Needs Improvement,2025-06-29
9499,3334,Good,2024-09-03
9500,6501,Good,2025-05-12
9501,5608,Average,2024-08-18
9502,12204,Good,2025-01-04
9503,8199,Good,2024-12-12
9504,12168,Excellent,2025-05-01
9505,14039,Excellent,2025-05-30
9506,17455,Average,2025-05-10
9507,18827,Excellent,2024-07-07
9508,7572,Average,2025-04-01
9509,17195,Excellent,2025-04-10
9510,7444,Excellent,2025-06-21
9511,14931,Good,2024-10-05
9512,3506,Average,2025-04-09
9513,11503,Excellent,2024-07-23
9514,9462,Excellent,2024-08-27
9515,2205,Good,2025-06-08
9516,6647,Average,2025-07-05
9517,18955,Average,2025-02-02
9518,14950,Excellent,2025-01-17
9519,1608,Good,2025-03-07
9520,11581,Excellent,2024-11-05
9521,13007,Needs Improvement,2024-12-19
9522,11071,Excellent,2024-12-15
9523,14885,Needs Improvement,2024-07-21
9524,14018,Average,2024-12-30
9525,7458,Good,2025-07-04
9526,9135,Excellent,2024-10-20
9527,8215,Needs Improvement,2024-11-05
9528,19140,Good,2025-05-15
9529,19385,Excellent,2025-03-12
9530,4142,Excellent,2025-04-13
9531,19038,Good,2025-04-21
9532,14587,Good,2025-06-27
9533,185,Good,2025-02-13
9534,119,Average,2025-05-26
9535,3770,Excellent,2025-01-20
9536,8435,Needs Improvement,2025-03-27
9537,19381,Needs Improvement,2024-11-07
9538,18334,Needs Improvement,2024-12-07
9539,6453,Good,2024-09-13
9540,6829,Average,2025-03-18
9541,9786,Good,2025-02-14
9542,5356,Excellent,2024-12-01
9543,4830,Average,2025-01-10
9544,14600,Average,2024-07-12
9545,3162,Needs Improvement,2025-05-06
9546,19977,Good,2024-09-02
9547,15038,Average,2024-08-28
9548,10454,Good,2024-10-27
9549,6534,Good,2024-12-07
9550,10464,Needs Improvement,2024-12-20
9551,14330,Average,2025-03-20
9552,6899,Average,2025-06-09
9553,18346,Average,2025-03-27
9554,13805,Good,2025-02-07
9555,3196,Excellent,2025-01-30
9556,4046,Good,2024-12-18
9557,18153,Excellent,2024-11-29
9558,6500,Needs Improvement,2024-12-27
9559,1526,Needs Improvement,2024-07-26
9560,10995,Needs Improvement,2025-06-21
9561,11696,Needs Improvement,2024-09-28
9562,10582,Needs Improvement,2025-06-05
9563,15458,Excellent,2024-09-15
9564,10903,Average,2024-07-25
9565,9950,Needs Improvement,2025-02-27
9566,16002,Excellent,2025-03-16
9567,11012,Good,2025-05-26
9568,15331,Good,2025-02-06
9569,10701,Good,2024-08-08
9570,11527,Needs Improvement,2025-04-12
9571,2205,Excellent,2024-07-30
9572,6880,Average,2025-01-05
9573,3752,Excellent,2025-01-20
9574,10322,Good,2024-11-10
9575,1747,Needs Improvement,2024-09-15
9576,11450,Good,2025-05-29
9577,6450,Needs Improvement,2025-01-01
9578,7438,Good,2025-03-15
9579,17044,Good,2024-08-17
9580,7244,Excellent,2025-01-14
9581,14924,Excellent,2024-08-14
9582,890,Excellent,2025-06-19
9583,13099,Excellent,2024-12-22
9584,12365,Average,2024-09-06
9585,1692,Needs Improvement,2024-09-21
9586,16973,Good,2024-07-30
9587,15957,Average,2024-11-01
9588,19158,Needs Improvement,2024-09-02
9589,13929,Needs Improvement,2024-07-14
9590,9383,Good,2024-07-08
9591,17172,Good,2024-12-07
9592,11441,Average,2025-05-25
9593,4917,Good,2024-12-07
9594,15178,Good,2024-11-27
9595,3599,Good,2024-10-11
9596,15556,Average,2025-05-07
9597,15306,Good,2025-06-23
9598,7477,Needs Improvement,2024-12-03
9599,4992,Good,2025-01-31
9600,2383,Excellent,2024-12-22
9601,15656,Average,2025-06-14
9602,17524,Excellent,2024-07-15
9603,8040,Average,2024-08-21
9604,1017,Needs Improvement,2024-12-02
9605,4203,Needs Improvement,2024-12-02
9606,12676,Needs Improvement,2024-11-10
9607,17145,Needs Improvement,2025-04-21
9608,18516,Good,2025-04-16
9609,4770,Average,2024-09-20
9610,14507,Excellent,2024-12-31
9611,6717,Needs Improvement,2024-09-21
9612,7433,Needs Improvement,2025-03-21
9613,13763,Average,2024-11-13
9614,19961,Good,2024-09-26
9615,10926,Good,2024-11-30
9616,7857,Needs Improvement,2024-11-11
9617,11601,Excellent,2025-01-29
9618,14899,Excellent,2024-10-25
9619,10179,Good,2024-10-18
9620,18220,Needs Improvement,2024-08-04
9621,5823,Average,2024-09-24
9622,4851,Needs Improvement,2025-01-21
9623,18292,Needs Improvement,2025-03-09
9624,9149,Needs Improvement,2024-10-17
9625,11930,Average,2024-09-24
9626,16536,Needs Improvement,2024-08-15
9627,15007,Needs Improvement,2025-02-28
9628,12658,Average,2025-02-16
9629,239,Excellent,2024-10-03
9630,16439,Needs Improvement,2024-10-04
9631,2866,Average,2024-07-31
9632,5915,Good,2024-11-28
9633,12979,Good,2024-08-14
9634,11086,Excellent,2025-07-05
9635,1097,Good,2025-01-25
9636,8035,Excellent,2024-12-18
9637,3697,Needs Improvement,2024-10-30
9638,17692,Excellent,2025-05-06
9639,18645,Excellent,2024-09-18
9640,6748,Needs Improvement,2024-07-12
9641,8402,Good,2025-06-28
9642,4667,Good,2024-10-04
9643,12294,Excellent,2024-11-01
9644,10376,Excellent,2024-08-05
9645,8106,Good,2025-05-27
9646,10484,Excellent,2025-05-12
9647,6694,Good,2024-10-25
9648,1445,Good,2025-07-02
9649,17583,Excellent,2025-02-27
9650,17307,Excellent,2025-03-20
9651,15549,Good,2024-07-28
9652,12792,Average,2025-02-18
9653,8221,Needs Improvement,2025-01-09
9654,11790,Average,2024-09-25
9655,6534,Good,2024-11-07
9656,296,Excellent,2024-12-20
9657,17268,Average,2024-12-26
9658,2538,Excellent,2024-12-07
9659,18453,Good,2025-04-27
9660,15031,Good,2025-03-17
9661,14358,Excellent,2024-10-03
9662,8078,Average,2024-09-29
9663,1984,Needs Improvement,2025-01-25
9664,19280,Excellent,2025-02-22
9665,6295,Needs Improvement,2024-08-06
9666,17541,Good,2025-06-29
9667,18873,Excellent,2024-11-10
9668,16128,Excellent,2025-06-08
9669,6242,Good,2025-06-21
9670,11322,Average,2025-02-13
9671,18898,Good,2025-06-08
9672,19137,Good,2024-10-11
9673,3389,Needs Improvement,2025-02-10
9674,14269,Needs Improvement,2025-04-02
9675,15945,Excellent,2024-11-14
9676,5964,Average,2025-04-16
9677,19987,Needs Improvement,2024-10-18
9678,19664,Good,2025-02-11
9679,7221,Average,2024-07-31
9680,17678,Good,2024-11-06
9681,16360,Average,2024-09-03
9682,2032,Good,2025-06-10
9683,3629,Excellent,2025-04-20
9684,1047,Average,2024-09-21
9685,5892,Excellent,2025-04-09
9686,18828,Excellent,2024-10-04
9687,19813,Excellent,2025-02-27
9688,9556,Excellent,2025-03-11
9689,13793,Average,2025-01-28
9690,4672,Average,2024-07-24
9691,15319,Needs Improvement,2025-05-16
9692,293,Excellent,2024-09-20
9693,5680,Needs Improvement,2024-09-05
9694,11705,Good,2025-06-06
9695,4466,Needs Improvement,2024-10-09
9696,10274,Needs Improvement,2025-06-14
9697,8596,Excellent,2025-06-09
9698,3286,Good,2024-10-10
9699,5857,Needs Improvement,2024-10-05
9700,15601,Average,2025-03-29
9701,17096,Average,2024-08-18
9702,16836,Excellent,2025-04-04
9703,10219,Needs Improvement,2025-06-08
9704,14316,Average,2025-03-06
9705,4996,Excellent,2024-12-02
9706,9870,Good,2025-02-21
9707,11237,Good,2024-12-21
9708,5497,Needs Improvement,2025-04-26
9709,15328,Excellent,2024-09-30
9710,9189,Good,2025-02-01
9711,6219,Average,2024-11-25
9712,3349,Excellent,2025-03-14
9713,4498,Average,2025-05-23
9714,11290,Good,2025-05-19
9715,14055,Excellent,2024-07-15
9716,19409,Excellent,2024-10-03
9717,2429,Good,2025-02-21
9718,13766,Good,2024-07-13
9719,19566,Excellent,2025-05-31
9720,9049,Excellent,2025-03-27
9721,13488,Excellent,2024-08-25
9722,16163,Needs Improvement,2025-02-03
9723,18210,Excellent,2025-03-23
9724,11583,Excellent,2024-10-17
9725,16815,Needs Improvement,2024-11-11
9726,16221,Good,2025-06-14
9727,1982,Average,2024-08-09
9728,8197,Good,2024-07-27
9729,4791,Good,2025-07-01
9730,13648,Needs Improvement,2024-08-26
9731,14847,Average,2024-11-01
9732,1583,Needs Improvement,2025-05-22
9733,16994,Good,2024-11-15
9734,14800,Average,2024-09-14
9735,13979,Needs Improvement,2025-04-28
9736,16540,Average,2024-07-17
9737,1549,Needs Improvement,2024-08-22
9738,2197,Good,2025-03-06
9739,6464,Excellent,2024-07-11
9740,16605,Good,2024-07-24
9741,17642,Needs Improvement,2025-05-12
9742,18788,Average,2024-10-28
9743,14283,Excellent,2025-04-13
9744,5948,Average,2025-05-12
9745,325,Excellent,2024-12-20
9746,3472,Needs Improvement,2025-06-12
9747,10967,Excellent,2024-10-22
9748,3668,Needs Improvement,2025-03-06
9749,12154,Excellent,2024-09-30
9750,15849,Excellent,2025-03-09
9751,19190,Needs Improvement,2025-04-08
9752,136,Excellent,2024-09-17
9753,8782,Average,2024-09-19
9754,68,Average,2025-05-24
9755,16702,Excellent,2025-04-22
9756,12675,Average,2024-12-26
9757,8550,Needs Improvement,2024-09-04
9758,4638,Good,2025-06-12
9759,8296,Good,2024-10-04
9760,6894,Needs Improvement,2024-11-25
9761,13474,Average,2024-08-06
9762,9624,Good,2024-08-14
9763,10213,Needs Improvement,2025-07-04
9764,18266,Needs Improvement,2025-06-02
9765,1144,Needs Improvement,2025-01-06
9766,15174,Needs Improvement,2025-06-08
9767,12342,Needs Improvement,2024-09-30
9768,14195,Excellent,2025-03-12
9769,7785,Good,2024-09-13
9770,13706,Excellent,2024-12-23
9771,1270,Good,2025-01-08
9772,19942,Excellent,2025-01-29
9773,9335,Good,2024-09-02
9774,3089,Excellent,2025-06-24
9775,13363,Needs Improvement,2025-01-15
9776,18377,Good,2025-03-01
9777,12801,Good,2024-10-05
9778,11422,Excellent,2025-04-21
9779,7878,Average,2025-03-18
9780,13047,Excellent,2025-02-17
9781,1952,Needs Improvement,2025-01-12
9782,16472,Good,2024-08-22
9783,11579,Average,2024-07-31
9784,11041,Average,2024-10-25
9785,8859,Average,2024-10-02
9786,2178,Good,2025-02-18
9787,14895,Good,2025-01-01
9788,495,Good,2025-03-01
9789,8255,Needs Improvement,2024-09-12
9790,15346,Average,2024-11-27
9791,1197,Needs Improvement,2024-12-03
9792,7597,Excellent,2025-04-07
9793,11789,Excellent,2025-07-04
9794,14877,Excellent,2025-01-07
9795,13610,Average,2025-02-08
9796,19943,Excellent,2024-11-26
9797,5278,Needs Improvement,2025-01-11
9798,18888,Good,2024-09-01
9799,1379,Needs Improvement,2024-07-11
9800,2998,Needs Improvement,2024-09-12
9801,14297,Good,2024-12-29
9802,18472,Excellent,2025-05-09
9803,5015,Average,2024-07-20
9804,16166,Good,2024-10-10
9805,8887,Excellent,2024-10-04
9806,3748,Average,2024-08-22
9807,410,Good,2025-03-16
9808,11086,Needs Improvement,2025-02-15
9809,12615,Needs Improvement,2025-01-15
9810,6605,Good,2025-04-13
9811,7440,Good,2024-08-25
9812,3014,Average,2025-01-25
9813,7833,Average,2024-09-02
9814,16286,Average,2024-07-30
9815,9088,Average,2025-06-03
9816,1403,Excellent,2025-02-05
9817,14773,Average,2024-09-19
9818,15132,Excellent,2025-03-08
9819,19330,Average,2024-08-25
9820,10631,Average,2025-03-07
9821,9904,Needs Improvement,2024-08-27
9822,10913,Excellent,2025-06-01
9823,2403,Average,2025-03-12
9824,19084,Good,2024-08-02
9825,19873,Excellent,2024-11-01
9826,17416,Excellent,2024-11-30
9827,5930,Average,2024-12-04
9828,5549,Excellent,2025-04-13
9829,16401,Needs Improvement,2025-04-06
9830,5436,Excellent,2024-07-13
9831,10304,Average,2024-10-26
9832,7632,Excellent,2024-11-17
9833,16306,Average,2025-03-19
9834,13986,Excellent,2025-03-03
9835,1007,Excellent,2024-12-23
9836,2974,Excellent,2024-07-25
9837,17802,Excellent,2025-03-01
9838,11289,Good,2025-04-25
9839,858,Average,2025-05-18
9840,6188,Average,2024-09-29
9841,16136,Average,2025-03-26
9842,5167,Excellent,2024-11-07
9843,7491,Excellent,2024-10-05
9844,4968,Excellent,2024-11-27
9845,2346,Excellent,2024-08-15
9846,15461,Average,2025-06-22
9847,15903,Good,2024-11-23
9848,18143,Excellent,2025-05-15
9849,16678,Excellent,2024-09-18
9850,12751,Excellent,2025-01-25
9851,8710,Excellent,2024-10-15
9852,6427,Average,2025-06-15
9853,10273,Needs Improvement,2025-03-24
9854,13773,Good,2024-09-29
9855,18329,Average,2024-07-12
9856,5541,Average,2024-08-02
9857,1872,Excellent,2025-04-29
9858,19195,Needs Improvement,2025-04-20
9859,18261,Average,2025-04-13
9860,18917,Needs Improvement,2025-06-19
9861,1140,Excellent,2024-08-25
9862,16758,Good,2024-12-19
9863,5915,Needs Improvement,2024-11-29
9864,17374,Good,2024-12-02
9865,14992,Good,2025-03-22
9866,1622,Excellent,2024-09-24
9867,15976,Average,2024-12-05
9868,11365,Good,2024-09-03
9869,9253,Average,2024-11-04
9870,4756,Needs Improvement,2025-06-03
9871,17007,Good,2024-09-23
9872,5112,Needs Improvement,2024-10-19
9873,7792,Good,2024-09-19
9874,1742,Needs Improvement,2024-12-21
9875,8876,Average,2025-06-22
9876,1484,Average,2024-07-11
9877,3080,Average,2025-01-24
9878,2497,Excellent,2025-03-12
9879,1434,Average,2025-04-06
9880,10032,Needs Improvement,2025-06-03
9881,10667,Good,2025-01-15
9882,19935,Needs Improvement,2025-03-03
9883,11859,Needs Improvement,2024-09-16
9884,11647,Needs Improvement,2025-02-18
9885,15941,Average,2024-10-14
9886,8904,Needs Improvement,2024-08-02
9887,15281,Needs Improvement,2025-06-14
9888,9814,Good,2024-11-26
9889,7581,Average,2024-10-14
9890,8734,Excellent,2024-12-05
9891,12613,Needs Improvement,2024-08-02
9892,1451,Excellent,2024-10-20
9893,2201,Average,2025-03-25
9894,6648,Good,2025-05-30
9895,10308,Excellent,2024-11-26
9896,8659,Excellent,2024-09-23
9897,10645,Good,2025-03-08
9898,6718,Good,2024-08-31
9899,155,Excellent,2025-06-27
9900,13038,Good,2024-08-23
9901,15531,Good,2024-09-23
9902,9095,Good,2025-02-20
9903,15176,Needs Improvement,2024-10-14
9904,12251,Good,2025-06-19
9905,13822,Good,2025-03-04
9906,5228,Good,2025-06-25
9907,8737,Good,2025-04-13
9908,8180,Average,2024-07-21
9909,8645,Excellent,2025-05-01
9910,3419,Average,2024-12-03
9911,2699,Excellent,2025-02-21
9912,3891,Good,2024-11-14
9913,7545,Good,2025-04-11
9914,13710,Needs Improvement,2024-07-18
9915,8916,Good,2025-03-17
9916,11626,Average,2024-11-30
9917,5023,Good,2025-06-26
9918,4839,Needs Improvement,2025-05-23
9919,18578,Average,2024-10-24
9920,14911,Good,2025-01-16
9921,7303,Needs Improvement,2025-03-26
9922,11599,Good,2025-03-18
9923,17959,Average,2025-04-18
9924,7632,Excellent,2024-11-01
9925,3848,Good,2024-12-16
9926,8677,Excellent,2025-02-04
9927,19329,Excellent,2025-02-18
9928,11521,Needs Improvement,2024-12-21
9929,16005,Excellent,2025-04-24
9930,11226,Excellent,2024-09-24
9931,1441,Good,2024-09-26
9932,19913,Excellent,2024-12-08
9933,151,Needs Improvement,2024-10-24
9934,4056,Needs Improvement,2024-11-08
9935,16086,Excellent,2025-04-24
9936,19530,Excellent,2025-03-26
9937,30,Needs Improvement,2024-07-14
9938,6782,Average,2025-05-09
9939,19583,Excellent,2025-04-05
9940,13770,Excellent,2025-02-28
9941,11497,Average,2024-11-28
9942,8601,Average,2024-09-30
9943,11667,Excellent,2024-09-29
9944,5058,Good,2025-02-27
9945,3631,Average,2025-02-02
9946,2138,Excellent,2025-03-23
9947,2681,Excellent,2025-02-21
9948,9303,Average,2025-03-08
9949,17965,Average,2025-02-01
9950,1576,Average,2024-10-15
9951,4222,Good,2025-01-28
9952,16209,Excellent,2024-11-30
9953,9420,Good,2025-07-05
9954,3567,Average,2025-04-15
9955,13885,Average,2024-08-08
9956,11338,Average,2024-08-04
9957,8067,Excellent,2024-10-08
9958,6599,Needs Improvement,2024-11-17
9959,11206,Excellent,2025-05-15
9960,7352,Good,2025-02-04
9961,19735,Average,2024-12-03
9962,936,Excellent,2024-09-29
9963,18802,Good,2025-06-21
9964,19686,Excellent,2024-08-24
9965,19864,Needs Improvement,2024-08-20
9966,6946,Average,2024-07-18
9967,11801,Needs Improvement,2024-11-06
9968,11846,Excellent,2025-03-18
9969,14210,Good,2025-01-23
9970,3051,Needs Improvement,2024-11-19
9971,17315,Needs Improvement,2024-11-26
9972,753,Excellent,2025-02-03
9973,9715,Needs Improvement,2024-09-10
9974,14302,Average,2025-05-18
9975,12068,Average,2024-09-22
9976,18965,Good,2024-11-13
9977,1454,Good,2025-03-30
9978,11656,Excellent,2024-10-05
9979,18017,Average,2025-04-06
9980,17218,Good,2025-06-17
9981,3412,Needs Improvement,2025-04-15
9982,8938,Excellent,2025-06-21
9983,9839,Needs Improvement,2024-11-30
9984,15612,Needs Improvement,2024-12-06
9985,9919,Needs Improvement,2025-04-01
9986,16870,Good,2024-10-10
9987,19563,Needs Improvement,2024-09-10
9988,19606,Average,2025-03-13
9989,4884,Average,2024-12-25
9990,6059,Average,2024-12-16
9991,12360,Average,2024-08-20
9992,19957,Excellent,2025-05-27
9993,4111,Average,2025-05-22
9994,16159,Good,2024-12-30
9995,13852,Average,2024-11-10
9996,1986,Good,2025-01-07
9997,14264,Average,2025-06-12
9998,1881,Good,2025-01-26
9999,9411,Needs Improvement,2024-08-28
10000,5319,Average,2024-11-21
10001,19149,Average,2025-05-30
10002,1635,Excellent,2025-04-25
10003,2063,Needs Improvement,2024-12-19
10004,7684,Good,2025-06-11
10005,6017,Good,2024-09-13
10006,105,Needs Improvement,2025-05-03
10007,19504,Good,2025-03-13
10008,13862,Excellent,2025-06-02
10009,3022,Average,2024-08-12
10010,7972,Excellent,2025-06-22
10011,1630,Excellent,2025-03-26
10012,14573,Good,2024-08-26
10013,3176,Average,2024-07-17
10014,7159,Average,2024-08-21
10015,8521,Needs Improvement,2025-06-16
10016,1952,Excellent,2025-01-08
10017,5468,Excellent,2025-05-05
10018,14615,Average,2024-08-21
10019,9506,Average,2024-07-17
10020,11077,Good,2025-02-13
10021,15318,Good,2025-05-15
10022,19858,Good,2024-10-13
10023,5953,Average,2025-02-19
10024,14429,Good,2024-07-13
10025,807,Needs Improvement,2025-01-01
10026,2572,Average,2024-11-03
10027,12684,Needs Improvement,2025-05-20
10028,3947,Needs Improvement,2025-02-19
10029,615,Good,2025-05-02
10030,13553,Excellent,2025-06-29
10031,8395,Good,2025-05-16
10032,9320,Average,2024-12-16
10033,2605,Excellent,2025-01-31
10034,15467,Needs Improvement,2025-05-05
10035,7922,Average,2025-05-04
10036,1725,Good,2024-10-28
10037,17295,Excellent,2025-05-28
10038,14888,Excellent,2025-03-28
10039,7898,Needs Improvement,2024-10-21
10040,5489,Excellent,2025-05-09
10041,13866,Needs Improvement,2025-01-21
10042,17507,Average,2024-12-11
10043,1770,Good,2025-06-28
10044,8216,Average,2024-11-30
10045,4693,Excellent,2024-09-22
10046,4900,Excellent,2025-05-06
10047,7133,Needs Improvement,2025-03-15
10048,13663,Needs Improvement,2024-08-31
10049,18552,Needs Improvement,2024-10-28
10050,7793,Needs Improvement,2024-09-13
10051,2181,Excellent,2025-06-07
10052,2186,Excellent,2024-10-29
10053,15337,Excellent,2024-07-06
10054,285,Good,2024-11-01
10055,13539,Good,2025-05-30
10056,7389,Average,2024-10-31
10057,6837,Good,2024-09-17
10058,6148,Excellent,2024-09-12
10059,6055,Needs Improvement,2024-11-07
10060,8424,Needs Improvement,2024-12-09
10061,7504,Excellent,2025-04-11
10062,16641,Good,2024-11-29
10063,19288,Excellent,2025-06-29
10064,6598,Excellent,2024-07-11
10065,3831,Excellent,2025-03-24
10066,18719,Needs Improvement,2025-05-29
10067,6369,Needs Improvement,2025-06-01
10068,2772,Average,2025-05-24
10069,11560,Good,2024-11-12
10070,241,Average,2024-12-10
10071,16801,Excellent,2025-04-10
10072,10672,Average,2025-01-22
10073,19693,Good,2025-05-11
10074,15732,Excellent,2024-11-13
10075,11042,Average,2024-08-08
10076,603,Average,2024-11-08
10077,18588,Needs Improvement,2025-02-04
10078,7684,Good,2024-11-29
10079,12380,Good,2024-08-31
10080,18428,Needs Improvement,2024-10-06
10081,3116,Average,2024-09-18
10082,10647,Good,2024-07-20
10083,19718,Good,2024-12-20
10084,7458,Average,2024-10-31
10085,4414,Excellent,2025-01-09
10086,15132,Excellent,2024-09-11
10087,3149,Needs Improvement,2024-12-20
10088,6739,Good,2025-05-02
10089,6214,Good,2025-01-06
10090,3309,Good,2025-03-13
10091,14939,Average,2025-07-03
10092,15270,Average,2025-03-10
10093,5384,Good,2024-07-09
10094,1604,Excellent,2024-12-18
10095,9188,Average,2024-07-23
10096,8053,Needs Improvement,2025-02-26
10097,19050,Needs Improvement,2025-03-07
10098,8805,Average,2025-04-18
10099,12783,Average,2025-06-24
10100,19659,Needs Improvement,2025-02-09
10101,11835,Average,2024-11-29
10102,5045,Good,2025-06-22
10103,1839,Excellent,2025-04-30
10104,12023,Average,2024-09-30
10105,19676,Needs Improvement,2024-09-27
10106,9015,Needs Improvement,2025-01-10
10107,19480,Good,2025-05-16
10108,6494,Needs Improvement,2025-03-09
10109,456,Needs Improvement,2024-09-07
10110,11725,Excellent,2024-09-27
10111,4729,Excellent,2025-06-25
10112,44,Good,2024-12-19
10113,3066,Needs Improvement,2025-01-14
10114,18530,Good,2024-09-16
10115,11483,Good,2024-12-16
10116,1319,Needs Improvement,2024-12-18
10117,350,Excellent,2025-05-18
10118,10852,Excellent,2024-10-28
10119,14934,Excellent,2024-07-28
10120,17930,Needs Improvement,2024-08-30
10121,12684,Needs Improvement,2025-03-24
10122,9073,Good,2025-03-27
10123,4408,Needs Improvement,2025-03-19
10124,19936,Excellent,2024-08-07
10125,10527,Needs Improvement,2025-03-20
10126,12370,Needs Improvement,2025-01-14
10127,8708,Average,2025-03-26
10128,18567,Excellent,2024-09-25
10129,15722,Excellent,2025-03-12
10130,579,Needs Improvement,2025-05-01
10131,3692,Average,2025-04-06
10132,1593,Needs Improvement,2025-04-04
10133,6806,Average,2025-05-27
10134,14988,Excellent,2024-11-08
10135,19539,Average,2025-06-19
10136,12459,Average,2025-05-26
10137,19433,Needs Improvement,2024-10-03
10138,11232,Excellent,2024-10-22
10139,3591,Good,2025-03-02
10140,2071,Excellent,2024-11-15
10141,5701,Average,2024-11-16
10142,739,Average,2024-12-11
10143,19585,Good,2025-01-06
10144,10848,Average,2024-08-09
10145,7125,Needs Improvement,2025-03-17
10146,8283,Average,2025-06-07
10147,15044,Needs Improvement,2024-11-10
10148,159,Excellent,2025-04-07
10149,2013,Average,2025-04-03
10150,1222,Needs Improvement,2025-06-13
10151,11385,Needs Improvement,2024-09-28
10152,2007,Needs Improvement,2025-05-08
10153,9976,Good,2024-08-08
10154,8372,Average,2024-10-28
10155,16463,Average,2024-11-04
10156,13320,Average,2025-06-01
10157,1521,Excellent,2025-06-27
10158,7847,Average,2024-12-01
10159,12732,Needs Improvement,2024-12-20
10160,4098,Excellent,2025-03-23
10161,11324,Excellent,2025-07-05
10162,5336,Good,2025-03-26
10163,14619,Excellent,2025-06-03
10164,14862,Excellent,2025-02-26
10165,24,Needs Improvement,2024-12-16
10166,11748,Average,2024-12-24
10167,13982,Good,2025-06-13
10168,19575,Good,2024-09-10
10169,18293,Good,2024-08-31
10170,16755,Average,2025-01-10
10171,19405,Excellent,2025-01-09
10172,11770,Needs Improvement,2025-02-05
10173,18149,Needs Improvement,2024-11-02
10174,8541,Good,2025-06-28
10175,1653,Needs Improvement,2025-02-09
10176,828,Average,2024-08-27
10177,10174,Needs Improvement,2024-09-14
10178,7710,Good,2024-11-28
10179,12462,Average,2024-12-13
10180,1015,Good,2024-09-30
10181,14972,Excellent,2024-09-29
10182,4029,Needs Improvement,2025-06-30
10183,1893,Needs Improvement,2024-11-16
10184,18532,Needs Improvement,2025-04-29
10185,10471,Excellent,2025-06-18
10186,2577,Average,2025-06-02
10187,19735,Needs Improvement,2025-01-08
10188,1653,Good,2024-12-23
10189,17776,Average,2025-06-06
10190,18052,Needs Improvement,2025-05-03
10191,3138,Good,2025-03-09
10192,8875,Needs Improvement,2025-05-27
10193,12682,Average,2025-04-16
10194,4902,Excellent,2025-05-05
10195,5764,Good,2025-01-15
10196,1241,Excellent,2024-11-05
10197,17757,Needs Improvement,2024-11-05
10198,4097,Average,2024-11-20
10199,17389,Excellent,2024-12-27
10200,16634,Needs Improvement,2025-04-21
10201,5254,Average,2025-05-18
10202,8230,Average,2025-05-09
10203,10513,Good,2025-06-11
10204,537,Good,2025-02-19
10205,10398,Excellent,2024-10-27
10206,10446,Needs Improvement,2024-07-31
10207,2906,Excellent,2025-01-18
10208,12154,Needs Improvement,2024-08-17
10209,6588,Average,2024-12-12
10210,1125,Needs Improvement,2024-10-17
10211,16973,Excellent,2024-09-09
10212,12173,Average,2024-08-25
10213,3498,Average,2024-09-07
10214,8100,Excellent,2025-04-28
10215,15631,Excellent,2024-08-16
10216,14074,Average,2025-06-02
10217,14022,Good,2025-01-10
10218,15003,Good,2025-06-14
10219,14663,Excellent,2025-05-18
10220,3718,Average,2025-02-19
10221,14097,Excellent,2025-02-06
10222,7441,Average,2025-04-25
10223,7492,Needs Improvement,2025-02-25
10224,17509,Needs Improvement,2024-10-24
10225,2818,Good,2024-10-12
10226,16224,Needs Improvement,2025-03-02
10227,11407,Needs Improvement,2024-11-30
10228,18817,Good,2024-09-22
10229,13972,Needs Improvement,2025-02-03
10230,12573,Excellent,2024-11-14
10231,1195,Needs Improvement,2024-08-25
10232,4873,Average,2025-04-15
10233,5558,Average,2025-01-08
10234,4004,Excellent,2024-08-31
10235,10535,Average,2024-09-23
10236,16623,Average,2024-08-02
10237,11008,Good,2025-03-12
10238,6643,Needs Improvement,2025-05-05
10239,7614,Excellent,2024-10-02
10240,12956,Excellent,2025-05-27
10241,3720,Good,2025-04-06
10242,14412,Needs Improvement,2024-11-09
10243,1521,Needs Improvement,2024-09-12
10244,17331,Average,2025-04-01
10245,8827,Excellent,2024-09-26
10246,7962,Needs Improvement,2025-02-26
10247,4522,Good,2024-11-22
10248,3987,Good,2025-06-01
10249,17770,Good,2024-12-20
10250,14048,Excellent,2025-05-31
10251,4262,Average,2024-12-15
10252,15011,Good,2025-03-21
10253,10263,Excellent,2024-08-10
10254,18960,Good,2025-01-04
10255,886,Needs Improvement,2025-05-09
10256,18875,Average,2025-01-15
10257,11852,Average,2025-06-29
10258,7646,Excellent,2025-07-05
10259,8592,Average,2024-10-12
10260,767,Needs Improvement,2025-03-05
10261,12734,Excellent,2024-12-14
10262,9454,Average,2025-01-16
10263,2819,Good,2024-10-16
10264,7880,Good,2024-08-10
10265,10679,Excellent,2024-08-09
10266,4272,Needs Improvement,2025-07-02
10267,14087,Average,2025-02-03
10268,3610,Good,2025-02-12
10269,2903,Average,2024-09-08
10270,5997,Excellent,2025-01-17
10271,16936,Average,2025-03-01
10272,2897,Good,2024-09-13
10273,19442,Excellent,2024-12-27
10274,3021,Average,2024-08-30
10275,14931,Excellent,2025-04-13
10276,18172,Excellent,2025-04-22
10277,609,Good,2025-01-17
10278,17208,Excellent,2025-03-20
10279,19739,Needs Improvement,2025-07-04
10280,18069,Excellent,2025-05-07
10281,6445,Average,2025-02-04
10282,7447,Excellent,2025-03-08
10283,8550,Good,2025-03-14
10284,6487,Average,2024-08-28
10285,9443,Good,2025-01-03
10286,9972,Needs Improvement,2024-12-21
10287,10167,Good,2025-04-13
10288,14621,Average,2024-10-09
10289,17292,Average,2025-01-28
10290,5110,Excellent,2024-11-04
10291,6327,Average,2024-08-05
10292,8389,Average,2025-06-20
10293,6086,Needs Improvement,2024-09-29
10294,19167,Excellent,2025-04-27
10295,13673,Excellent,2025-05-08
10296,14663,Needs Improvement,2025-05-20
10297,3853,Average,2024-08-20
10298,4406,Excellent,2024-12-25
10299,18991,Average,2025-06-08
10300,4255,Good,2025-04-03
10301,11889,Excellent,2024-07-07
10302,13051,Average,2025-03-20
10303,17670,Excellent,2025-06-11
10304,6020,Good,2024-07-13
10305,17197,Good,2024-08-01
10306,8896,Good,2024-10-10
10307,16867,Good,2025-04-22
10308,13239,Average,2025-04-07
10309,15526,Average,2024-11-17
10310,2408,Average,2024-09-02
10311,6056,Needs Improvement,2025-04-25
10312,10793,Good,2025-02-22
10313,19512,Average,2025-07-02
10314,2931,Needs Improvement,2024-12-15
10315,6169,Good,2024-11-13
10316,1777,Needs Improvement,2025-02-01
10317,11393,Excellent,2024-10-04
10318,1599,Average,2025-01-30
10319,9189,Needs Improvement,2025-06-09
10320,2302,Good,2025-05-21
10321,2756,Excellent,2025-05-26
10322,1556,Excellent,2025-01-09
10323,11969,Good,2024-09-25
10324,18978,Excellent,2024-12-22
10325,14960,Average,2024-11-10
10326,587,Needs Improvement,2025-04-13
10327,11166,Excellent,2025-03-23
10328,13752,Needs Improvement,2025-02-26
10329,12558,Average,2024-09-17
10330,3658,Average,2025-03-20
10331,14716,Good,2024-11-10
10332,1790,Good,2025-04-13
10333,1994,Good,2024-10-20
10334,18293,Good,2025-06-11
10335,9235,Average,2024-11-07
10336,7915,Average,2024-08-21
10337,10404,Average,2025-06-27
10338,15203,Needs Improvement,2024-12-28
10339,10692,Excellent,2025-05-12
10340,14885,Excellent,2025-06-12
10341,19436,Excellent,2024-11-02
10342,16661,Good,2025-03-04
10343,18217,Good,2024-09-01
10344,7120,Good,2025-03-28
10345,17254,Excellent,2024-12-26
10346,2260,Good,2025-02-25
10347,12361,Needs Improvement,2025-03-10
10348,8529,Average,2024-07-15
10349,8757,Average,2025-02-17
10350,3427,Good,2025-04-19
10351,13901,Average,2025-05-22
10352,9308,Average,2025-03-30
10353,6339,Needs Improvement,2024-10-12
10354,5097,Excellent,2025-02-04
10355,10173,Average,2024-12-23
10356,9783,Good,2024-09-05
10357,12103,Average,2025-07-06
10358,6049,Average,2024-10-17
10359,13966,Average,2025-07-04
10360,16938,Excellent,2024-09-24
10361,18219,Needs Improvement,2024-09-01
10362,8774,Good,2025-02-08
10363,2080,Average,2025-04-29
10364,12072,Needs Improvement,2024-09-22
10365,5916,Excellent,2025-05-31
10366,8004,Excellent,2024-07-26
10367,6492,Average,2024-11-23
10368,17068,Needs Improvement,2025-06-15
10369,1339,Excellent,2024-11-04
10370,9750,Excellent,2025-05-08
10371,10155,Good,2025-05-11
10372,19222,Good,2025-03-26
10373,1473,Excellent,2024-09-25
10374,6992,Good,2025-06-09
10375,13456,Good,2025-06-11
10376,7970,Needs Improvement,2025-01-12
10377,19546,Average,2025-01-13
10378,166,Good,2025-01-22
10379,7147,Needs Improvement,2024-07-07
10380,19811,Excellent,2025-05-07
10381,10017,Excellent,2024-11-05
10382,11984,Good,2024-12-11
10383,8538,Good,2024-10-01
10384,17576,Average,2024-07-06
10385,18405,Excellent,2024-10-31
10386,14000,Good,2025-04-12
10387,14788,Excellent,2024-10-21
10388,6698,Average,2024-11-27
10389,18939,Average,2025-05-03
10390,16547,Needs Improvement,2024-11-22
10391,19954,Excellent,2024-10-22
10392,10706,Good,2025-04-06
10393,15151,Excellent,2024-09-17
10394,60,Excellent,2025-04-28
10395,5697,Needs Improvement,2025-02-19
10396,13354,Needs Improvement,2024-09-29
10397,4077,Needs Improvement,2024-11-05
10398,12351,Needs Improvement,2025-04-07
10399,15612,Good,2024-11-06
10400,15782,Average,2024-11-28
10401,13281,Excellent,2024-10-02
10402,1817,Average,2024-11-27
10403,13945,Good,2025-01-18
10404,19904,Needs Improvement,2024-07-26
10405,4691,Excellent,2024-08-21
10406,11456,Excellent,2024-09-30
10407,5999,Needs Improvement,2024-08-29
10408,12295,Needs Improvement,2024-11-02
10409,13954,Good,2025-03-15
10410,6907,Good,2024-09-01
10411,16406,Average,2025-01-27
10412,15728,Average,2024-11-06
10413,4230,Good,2024-12-10
10414,13577,Average,2025-01-06
10415,7126,Average,2025-04-08
10416,10941,Average,2025-05-16
10417,18528,Excellent,2024-12-12
10418,17787,Needs Improvement,2024-07-26
10419,1649,Excellent,2024-07-29
10420,1926,Excellent,2024-11-17
10421,13964,Good,2025-04-14
10422,18996,Excellent,2024-09-03
10423,11075,Good,2025-02-03
10424,7367,Good,2025-01-19
10425,18656,Needs Improvement,2025-01-26
10426,16931,Needs Improvement,2025-06-06
10427,13284,Needs Improvement,2024-10-09
10428,5106,Excellent,2025-02-25
10429,14096,Excellent,2024-07-24
10430,2310,Average,2024-12-15
10431,919,Needs Improvement,2025-07-04
10432,13344,Good,2024-09-06
10433,13597,Excellent,2025-04-05
10434,10514,Average,2024-10-09
10435,14613,Good,2024-12-23
10436,7486,Average,2024-12-17
10437,3747,Good,2024-08-03
10438,3659,Needs Improvement,2024-09-04
10439,9647,Needs Improvement,2024-08-21
10440,8919,Average,2024-07-15
10441,7816,Good,2024-07-17
10442,140,Needs Improvement,2024-12-15
10443,17314,Average,2025-02-15
10444,17038,Needs Improvement,2024-10-27
10445,7160,Excellent,2024-11-24
10446,18137,Needs Improvement,2024-11-29
10447,18145,Needs Improvement,2024-07-27
10448,14096,Excellent,2025-05-14
10449,6110,Needs Improvement,2024-12-08
10450,19365,Needs Improvement,2025-02-14
10451,14473,Average,2024-09-29
10452,4400,Good,2025-04-02
10453,19487,Average,2025-04-27
10454,15588,Average,2025-05-04
10455,14140,Good,2024-07-24
10456,2575,Excellent,2025-06-10
10457,17447,Good,2024-08-26
10458,1964,Needs Improvement,2025-06-28
10459,11632,Needs Improvement,2025-04-12
10460,651,Needs Improvement,2024-09-02
10461,18582,Average,2024-11-12
10462,7347,Needs Improvement,2024-07-12
10463,2596,Excellent,2025-07-05
10464,14291,Needs Improvement,2024-12-30
10465,6918,Good,2025-05-26
10466,13064,Needs Improvement,2025-06-28
10467,8634,Average,2025-07-02
10468,8989,Needs Improvement,2024-12-16
10469,1793,Needs Improvement,2024-09-26
10470,11542,Needs Improvement,2025-03-28
10471,15113,Excellent,2024-12-11
10472,6222,Excellent,2024-11-04
10473,18858,Good,2025-05-12
10474,4034,Needs Improvement,2024-08-30
10475,19075,Good,2024-12-12
10476,11224,Average,2025-01-19
10477,14706,Good,2025-01-08
10478,2188,Excellent,2025-04-30
10479,204,Average,2024-08-18
10480,1332,Excellent,2025-03-04
10481,14681,Average,2025-05-30
10482,17082,Average,2024-12-22
10483,4041,Needs Improvement,2025-03-20
10484,15055,Needs Improvement,2025-01-09
10485,191,Excellent,2025-05-21
10486,4384,Excellent,2024-11-06
10487,7832,Needs Improvement,2025-04-04
10488,11906,Excellent,2025-05-24
10489,6643,Needs Improvement,2025-04-10
10490,17719,Average,2024-08-03
10491,7568,Good,2024-08-03
10492,4895,Excellent,2025-02-05
10493,10172,Needs Improvement,2024-09-04
10494,6416,Average,2025-02-08
10495,15987,Average,2025-02-20
10496,10959,Excellent,2025-05-09
10497,15389,Average,2025-05-28
10498,16280,Good,2024-10-30
10499,10453,Good,2024-07-20
10500,9848,Average,2024-07-30
10501,7207,Excellent,2025-04-23
10502,10051,Excellent,2025-01-04
10503,603,Excellent,2025-01-23
10504,5414,Needs Improvement,2025-06-07
10505,3075,Good,2025-03-27
10506,3699,Average,2024-09-02
10507,13924,Needs Improvement,2025-02-13
10508,17798,Average,2025-03-26
10509,19020,Excellent,2025-05-05
10510,4171,Needs Improvement,2025-06-26
10511,3710,Excellent,2025-05-28
10512,6769,Good,2024-12-21
10513,7251,Average,2025-06-24
10514,18568,Average,2024-08-12
10515,15282,Needs Improvement,2024-12-20
10516,5401,Good,2024-09-20
10517,16354,Average,2024-08-16
10518,12757,Average,2024-10-04
10519,18592,Average,2025-04-18
10520,11546,Good,2024-11-04
10521,11331,Excellent,2025-04-09
10522,4346,Excellent,2024-09-27
10523,448,Average,2024-12-21
10524,5396,Excellent,2024-09-06
10525,13945,Needs Improvement,2025-06-30
10526,13072,Average,2025-04-08
10527,17065,Good,2024-07-08
10528,1324,Needs Improvement,2025-01-11
10529,7125,Excellent,2024-08-03
10530,19585,Average,2025-01-04
10531,16376,Average,2025-02-22
10532,2656,Good,2024-08-13
10533,18442,Excellent,2024-08-28
10534,8667,Average,2024-08-20
10535,1156,Good,2024-08-23
10536,10857,Average,2025-07-06
10537,18962,Average,2025-02-05
10538,14883,Excellent,2025-01-26
10539,10588,Good,2024-10-09
10540,11584,Good,2024-08-03
10541,12533,Needs Improvement,2025-04-19
10542,4542,Needs Improvement,2025-05-09
10543,1003,Excellent,2025-03-30
10544,14493,Average,2025-05-19
10545,3331,Excellent,2024-09-30
10546,3081,Excellent,2025-06-06
10547,10917,Needs Improvement,2025-06-22
10548,5404,Good,2024-08-17
10549,18403,Needs Improvement,2024-07-15
10550,19155,Average,2024-09-10
10551,13718,Needs Improvement,2025-01-21
10552,821,Average,2025-01-23
10553,4757,Average,2024-12-18
10554,10365,Good,2025-02-20
10555,9089,Needs Improvement,2024-08-11
10556,13267,Needs Improvement,2025-06-16
10557,7941,Good,2025-03-24
10558,13971,Excellent,2025-01-10
10559,6693,Average,2024-09-06
10560,15544,Needs Improvement,2025-03-22
10561,18364,Good,2024-07-08
10562,14043,Average,2025-06-13
10563,12140,Average,2025-05-03
10564,6424,Average,2024-11-18
10565,14723,Needs Improvement,2024-10-01
10566,15340,Average,2024-10-14
10567,10717,Needs Improvement,2024-10-09
10568,7378,Good,2024-10-23
10569,4331,Average,2025-01-29
10570,19078,Needs Improvement,2024-07-13
10571,15641,Average,2024-12-20
10572,18770,Excellent,2024-10-12
10573,16134,Average,2024-12-11
10574,1521,Average,2024-08-09
10575,7633,Needs Improvement,2025-02-12
10576,12761,Average,2025-05-03
10577,15177,Excellent,2025-06-05
10578,9457,Good,2025-02-24
10579,15491,Average,2024-10-12
10580,5228,Good,2024-10-26
10581,14202,Needs Improvement,2025-03-02
10582,13079,Average,2024-07-26
10583,12261,Average,2024-12-17
10584,11505,Needs Improvement,2025-04-16
10585,18226,Excellent,2024-11-30
10586,15373,Average,2024-09-30
10587,11748,Average,2024-10-15
10588,16596,Good,2025-03-31
10589,117,Average,2024-08-07
10590,18464,Average,2025-02-16
10591,2649,Excellent,2025-01-20
10592,3683,Excellent,2024-07-22
10593,10086,Excellent,2024-10-24
10594,19695,Good,2024-08-19
10595,14555,Good,2024-10-19
10596,15426,Good,2024-12-11
10597,778,Good,2025-01-01
10598,13496,Good,2025-03-14
10599,4474,Good,2025-04-07
10600,14634,Average,2024-11-21
10601,2818,Good,2025-03-27
10602,7270,Average,2024-08-02
10603,12382,Average,2024-09-15
10604,5014,Average,2024-08-02
10605,7291,Needs Improvement,2024-12-19
10606,13752,Needs Improvement,2024-10-09
10607,7419,Excellent,2025-01-11
10608,848,Average,2024-11-03
10609,10755,Needs Improvement,2025-04-22
10610,13864,Good,2024-10-15
10611,1155,Needs Improvement,2024-11-01
10612,3637,Needs Improvement,2024-09-21
10613,8928,Excellent,2025-04-08
10614,2605,Average,2024-12-09
10615,1444,Needs Improvement,2024-09-17
10616,7042,Average,2024-07-24
10617,11575,Needs Improvement,2025-06-14
10618,8662,Average,2025-06-30
10619,13875,Good,2024-11-20
10620,13764,Good,2024-12-04
10621,18363,Good,2025-01-16
10622,3233,Excellent,2024-10-16
10623,143,Average,2025-05-22
10624,4194,Good,2025-05-05
10625,6981,Good,2024-09-01
10626,8598,Good,2024-08-25
10627,1980,Needs Improvement,2025-05-01
10628,16286,Average,2024-10-30
10629,12203,Average,2024-12-06
10630,17786,Excellent,2024-11-27
10631,18235,Excellent,2025-06-29
10632,14755,Average,2025-05-27
10633,5364,Average,2024-08-20
10634,4378,Average,2025-02-06
10635,6079,Good,2024-07-31
10636,12922,Needs Improvement,2024-12-23
10637,1491,Needs Improvement,2025-04-13
10638,17808,Good,2024-08-20
10639,13226,Needs Improvement,2025-04-24
10640,14242,Excellent,2025-01-23
10641,5008,Needs Improvement,2024-08-09
10642,1084,Excellent,2024-07-07
10643,5831,Needs Improvement,2024-07-15
10644,15198,Excellent,2024-12-22
10645,2868,Average,2024-12-18
10646,14395,Needs Improvement,2024-07-08
10647,2131,Excellent,2025-02-01
10648,10642,Average,2025-04-06
10649,12628,Excellent,2025-06-14
10650,12649,Needs Improvement,2024-07-28
10651,3565,Excellent,2024-10-23
10652,5755,Good,2024-07-10
10653,18911,Good,2024-09-30
10654,12338,Needs Improvement,2024-09-06
10655,6049,Good,2024-12-20
10656,8155,Average,2024-11-18
10657,4654,Needs Improvement,2024-08-21
10658,19870,Average,2025-07-05
10659,12714,Excellent,2024-10-07
10660,5565,Needs Improvement,2024-08-10
10661,7557,Needs Improvement,2024-12-22
10662,540,Needs Improvement,2025-05-14
10663,2592,Average,2024-10-08
10664,5256,Average,2024-09-05
10665,6985,Needs Improvement,2025-04-24
10666,7161,Needs Improvement,2024-07-18
10667,12478,Good,2024-08-07
10668,8401,Good,2024-09-03
10669,4475,Needs Improvement,2025-06-27
10670,11358,Excellent,2024-12-18
10671,12952,Good,2025-05-03
10672,17926,Good,2025-03-10
10673,10555,Needs Improvement,2024-10-26
10674,15266,Excellent,2025-02-20
10675,5460,Excellent,2024-08-03
10676,2922,Needs Improvement,2025-06-23
10677,10553,Needs Improvement,2024-11-24
10678,10236,Needs Improvement,2025-06-25
10679,19134,Needs Improvement,2024-10-03
10680,6757,Excellent,2025-03-10
10681,18259,Excellent,2025-04-21
10682,15109,Excellent,2025-04-10
10683,10058,Excellent,2024-07-23
10684,6613,Excellent,2025-06-08
10685,12695,Average,2025-05-23
10686,4629,Good,2024-12-28
10687,5401,Excellent,2024-07-19
10688,14659,Average,2024-10-28
10689,17056,Good,2025-04-04
10690,6538,Excellent,2025-03-26
10691,8765,Average,2024-12-31
10692,9220,Needs Improvement,2025-01-28
10693,3767,Excellent,2025-03-24
10694,13119,Good,2025-02-25
10695,11968,Good,2025-01-22
10696,7502,Average,2024-07-18
10697,8914,Excellent,2024-07-19
10698,15533,Good,2024-09-29
10699,16479,Excellent,2025-07-03
10700,2044,Good,2025-06-01
10701,5994,Excellent,2024-10-18
10702,17902,Excellent,2024-07-31
10703,10495,Average,2025-03-20
10704,10754,Excellent,2025-02-20
10705,4012,Excellent,2025-04-12
10706,1005,Excellent,2024-08-07
10707,12933,Excellent,2025-03-18
10708,181,Average,2025-02-16
10709,19057,Excellent,2024-09-03
10710,11536,Excellent,2025-04-10
10711,10615,Needs Improvement,2025-04-07
10712,13536,Good,2025-02-02
10713,12402,Needs Improvement,2025-02-24
10714,10026,Good,2025-02-02
10715,18400,Excellent,2025-05-06
10716,16320,Average,2025-03-11
10717,14679,Good,2024-10-14
10718,12644,Average,2024-09-10
10719,9171,Excellent,2024-08-28
10720,7444,Excellent,2025-02-13
10721,19647,Good,2024-10-21
10722,10255,Excellent,2025-04-07
10723,10962,Excellent,2025-01-13
10724,1916,Excellent,2024-12-12
10725,2444,Excellent,2025-05-12
10726,14680,Excellent,2024-08-13
10727,10983,Average,2024-08-18
10728,348,Needs Improvement,2025-05-27
10729,5040,Average,2025-03-18
10730,11405,Average,2025-06-22
10731,3550,Average,2024-08-09
10732,15071,Needs Improvement,2024-11-24
10733,1715,Good,2024-10-17
10734,10875,Average,2025-02-07
10735,3849,Good,2024-12-29
10736,11296,Excellent,2024-12-19
10737,3398,Excellent,2025-06-14
10738,19457,Good,2025-05-04
10739,8902,Average,2025-05-27
10740,650,Needs Improvement,2024-07-27
10741,16397,Good,2025-05-10
10742,8464,Average,2024-12-04
10743,15769,Average,2024-08-18
10744,8309,Average,2025-02-14
10745,19,Needs Improvement,2025-04-14
10746,8658,Good,2024-08-19
10747,15013,Needs Improvement,2025-05-21
10748,15489,Needs Improvement,2025-01-19
10749,77,Needs Improvement,2025-04-12
10750,9001,Excellent,2025-05-24
10751,5815,Good,2024-08-18
10752,14717,Excellent,2024-11-14
10753,19557,Average,2025-02-17
10754,7274,Average,2025-07-06
10755,15030,Needs Improvement,2024-09-02
10756,15923,Average,2024-08-25
10757,13807,Excellent,2025-06-17
10758,12902,Needs Improvement,2024-11-06
10759,18891,Good,2024-12-12
10760,3918,Needs Improvement,2025-01-28
10761,8738,Average,2025-03-17
10762,4383,Needs Improvement,2024-08-10
10763,10013,Excellent,2024-11-02
10764,16699,Good,2024-12-14
10765,8591,Average,2024-09-14
10766,15071,Average,2024-12-08
10767,4794,Average,2025-03-06
10768,17613,Average,2025-04-20
10769,13796,Excellent,2025-01-23
10770,12743,Good,2025-04-30
10771,16679,Excellent,2024-10-03
10772,4691,Average,2024-10-30
10773,16422,Good,2025-02-03
10774,18059,Good,2024-12-17
10775,5552,Excellent,2024-09-02
10776,9878,Average,2024-12-08
10777,13804,Needs Improvement,2024-10-18
10778,10053,Excellent,2024-09-27
10779,12252,Good,2024-12-06
10780,9566,Good,2025-03-30
10781,739,Average,2025-03-24
10782,10897,Good,2025-02-15
10783,15579,Needs Improvement,2024-09-08
10784,5964,Excellent,2024-10-20
10785,1646,Good,2025-04-25
10786,7891,Average,2025-07-02
10787,9675,Needs Improvement,2024-12-14
10788,4943,Needs Improvement,2025-03-25
10789,4267,Excellent,2024-09-03
10790,18697,Average,2025-02-01
10791,13318,Needs Improvement,2024-11-20
10792,8298,Average,2024-10-14
10793,11867,Needs Improvement,2025-04-02
10794,13459,Average,2025-02-18
10795,5277,Excellent,2024-10-01
10796,17827,Good,2024-11-26
10797,19507,Average,2024-09-13
10798,3796,Good,2025-04-28
10799,7567,Good,2024-08-04
10800,3421,Excellent,2025-03-30
10801,14429,Average,2024-09-06
10802,3455,Excellent,2024-08-11
10803,19304,Average,2024-07-15
10804,1310,Good,2025-03-05
10805,16766,Average,2024-09-24
10806,14205,Good,2024-11-10
10807,15403,Average,2024-10-28
10808,2806,Good,2024-11-25
10809,10278,Needs Improvement,2024-08-17
10810,6780,Needs Improvement,2025-03-17
10811,1407,Excellent,2025-03-23
10812,13351,Good,2024-09-04
10813,503,Excellent,2025-06-21
10814,5392,Needs Improvement,2024-10-18
10815,17432,Excellent,2025-01-09
10816,873,Average,2025-03-05
10817,18838,Excellent,2025-04-17
10818,8824,Needs Improvement,2025-01-17
10819,2584,Average,2025-01-13
10820,2059,Good,2025-01-11
10821,6025,Excellent,2024-10-19
10822,3170,Excellent,2025-03-17
10823,314,Needs Improvement,2025-02-07
10824,14398,Excellent,2024-07-26
10825,2015,Good,2025-01-07
10826,5814,Needs Improvement,2025-01-31
10827,19194,Average,2025-02-04
10828,12411,Excellent,2025-03-29
10829,19529,Good,2024-07-15
10830,17953,Good,2025-06-02
10831,1289,Good,2024-07-16
10832,7119,Average,2025-07-03
10833,4115,Average,2024-09-02
10834,6459,Needs Improvement,2024-12-03
10835,13346,Average,2024-11-25
10836,13044,Average,2024-10-18
10837,2872,Excellent,2025-06-20
10838,9180,Excellent,2025-02-13
10839,2527,Needs Improvement,2025-01-28
10840,19910,Average,2025-04-04
10841,7400,Average,2025-01-18
10842,16920,Good,2024-12-30
10843,7291,Average,2024-09-01
10844,12837,Good,2024-11-28
10845,3269,Excellent,2025-04-24
10846,16460,Good,2024-12-20
10847,11373,Average,2025-02-26
10848,16702,Needs Improvement,2025-02-25
10849,3543,Excellent,2025-01-25
10850,19692,Good,2024-10-06
10851,8220,Excellent,2024-12-15
10852,1333,Average,2025-03-06
10853,7922,Needs Improvement,2025-05-21
10854,888,Average,2024-09-10
10855,5420,Good,2025-04-17
10856,12496,Average,2025-02-02
10857,10200,Needs Improvement,2025-07-04
10858,704,Needs Improvement,2024-11-01
10859,1597,Good,2024-10-02
10860,2802,Needs Improvement,2025-06-21
10861,10859,Good,2024-12-01
10862,10941,Excellent,2025-07-05
10863,18576,Needs Improvement,2025-06-08
10864,15384,Needs Improvement,2024-11-03
10865,2587,Needs Improvement,2025-04-29
10866,9195,Average,2025-05-30
10867,15544,Good,2024-08-10
10868,4976,Average,2025-04-16
10869,2999,Excellent,2025-03-25
10870,5361,Average,2024-09-07
10871,18466,Excellent,2024-10-03
10872,3236,Average,2024-08-05
10873,15851,Good,2024-08-16
10874,946,Average,2024-07-10
10875,9068,Average,2025-03-19
10876,11649,Good,2024-08-02
10877,9482,Needs Improvement,2024-12-20
10878,18665,Good,2024-11-10
10879,3755,Excellent,2024-08-16
10880,14544,Excellent,2025-02-19
10881,318,Average,2025-01-11
10882,889,Excellent,2024-08-26
10883,13230,Excellent,2025-06-25
10884,9368,Excellent,2024-08-06
10885,7193,Needs Improvement,2025-05-17
10886,18702,Average,2024-08-03
10887,2216,Needs Improvement,2024-12-06
10888,16319,Excellent,2024-12-01
10889,15296,Good,2025-01-30
10890,767,Average,2025-02-12
10891,14138,Excellent,2025-04-21
10892,13251,Excellent,2024-12-14
10893,8474,Excellent,2025-03-28
10894,4158,Excellent,2025-02-10
10895,5795,Good,2025-04-26
10896,9949,Average,2024-10-24
10897,4241,Good,2025-04-20
10898,10492,Average,2024-07-14
10899,13991,Average,2024-11-16
10900,1660,Good,2025-02-02
10901,6578,Average,2024-09-20
10902,8992,Excellent,2025-05-26
10903,4881,Excellent,2024-10-06
10904,9869,Needs Improvement,2024-11-16
10905,11288,Average,2025-06-18
10906,1434,Average,2025-05-14
10907,8802,Good,2025-05-17
10908,5408,Excellent,2024-11-08
10909,8573,Excellent,2024-12-20
10910,4844,Needs Improvement,2025-02-25
10911,16821,Needs Improvement,2024-12-07
10912,14707,Needs Improvement,2024-07-08
10913,2201,Excellent,2024-08-09
10914,8092,Good,2025-01-27
10915,5566,Average,2025-05-20
10916,17182,Excellent,2024-11-03
10917,9090,Good,2024-10-16
10918,12591,Good,2025-06-07
10919,8311,Good,2025-05-08
10920,19003,Average,2024-12-16
10921,16821,Excellent,2024-11-14
10922,13237,Average,2025-04-07
10923,3567,Average,2025-03-17
10924,12509,Excellent,2024-11-08
10925,2592,Good,2024-09-18
10926,10277,Needs Improvement,2025-05-13
10927,18489,Average,2025-04-06
10928,1189,Good,2024-08-06
10929,17090,Good,2025-04-01
10930,8524,Good,2024-10-30
10931,13815,Good,2025-03-27
10932,10316,Needs Improvement,2024-11-29
10933,1453,Good,2024-11-30
10934,18784,Good,2024-11-12
10935,19977,Good,2024-08-22
10936,4793,Good,2025-02-06
10937,19004,Needs Improvement,2024-10-11
10938,9752,Good,2025-04-04
10939,3131,Good,2025-06-07
10940,14486,Good,2025-05-15
10941,16532,Needs Improvement,2025-02-16
10942,11803,Good,2024-09-29
10943,14507,Good,2024-08-30
10944,418,Excellent,2025-01-02
10945,19033,Excellent,2024-12-19
10946,3825,Average,2024-12-06
10947,10363,Needs Improvement,2024-12-16
10948,14013,Needs Improvement,2024-08-18
10949,2397,Excellent,2024-10-27
10950,1876,Needs Improvement,2024-07-22
10951,11878,Average,2025-06-15
10952,11140,Excellent,2024-11-07
10953,11522,Needs Improvement,2024-08-25
10954,5612,Excellent,2025-03-14
10955,11312,Excellent,2025-05-02
10956,11454,Good,2025-03-03
10957,3924,Good,2024-10-05
10958,12906,Good,2025-04-02
10959,1482,Needs Improvement,2024-10-17
10960,4649,Average,2024-09-17
10961,7394,Good,2024-08-22
10962,9759,Excellent,2025-05-29
10963,686,Needs Improvement,2024-12-18
10964,458,Needs Improvement,2025-03-11
10965,16644,Excellent,2025-03-02
10966,9928,Excellent,2024-08-26
10967,13435,Needs Improvement,2024-11-20
10968,5130,Good,2025-02-17
10969,1897,Good,2025-04-27
10970,3537,Good,2024-11-26
10971,19500,Good,2024-09-29
10972,14227,Excellent,2025-03-10
10973,16288,Excellent,2024-10-08
10974,9521,Excellent,2025-01-16
10975,17665,Good,2024-09-02
10976,15600,Excellent,2024-07-17
10977,7539,Excellent,2025-02-28
10978,8544,Good,2025-03-12
10979,1225,Needs Improvement,2024-09-08
10980,11316,Average,2025-01-03
10981,4598,Average,2024-08-01
10982,12937,Good,2024-09-25
10983,6549,Needs Improvement,2024-09-06
10984,18250,Excellent,2025-01-25
10985,4999,Needs Improvement,2025-04-17
10986,3106,Excellent,2024-08-11
10987,2105,Excellent,2024-10-07
10988,15835,Needs Improvement,2024-07-28
10989,17743,Excellent,2024-09-26
10990,10538,Needs Improvement,2024-08-07
10991,19231,Average,2025-06-16
10992,16042,Needs Improvement,2024-10-13
10993,286,Good,2024-12-02
10994,6669,Excellent,2024-10-05
10995,10528,Average,2025-04-19
10996,12378,Average,2025-03-25
10997,18842,Excellent,2025-04-10
10998,409,Average,2024-12-12
10999,10978,Good,2024-11-24
11000,11085,Excellent,2024-08-17
11001,7767,Needs Improvement,2024-08-27
11002,12220,Average,2025-01-16
11003,715,Excellent,2025-06-10
11004,10060,Excellent,2025-05-04
11005,13174,Excellent,2024-10-08
11006,14677,Needs Improvement,2024-09-19
11007,2141,Average,2025-02-27
11008,7068,Good,2025-04-09
11009,1315,Good,2024-11-30
11010,773,Average,2025-06-30
11011,10491,Good,2025-02-22
11012,16215,Excellent,2025-01-12
11013,11826,Average,2025-06-28
11014,15209,Good,2024-09-19
11015,2889,Good,2025-04-19
11016,8347,Average,2024-08-28
11017,9114,Excellent,2024-08-15
11018,826,Needs Improvement,2024-12-31
11019,11383,Average,2025-04-13
11020,5908,Needs Improvement,2025-06-19
11021,17813,Excellent,2024-08-22
11022,16824,Needs Improvement,2025-02-03
11023,4763,Needs Improvement,2025-06-13
11024,5134,Average,2024-08-16
11025,12846,Needs Improvement,2024-09-08
11026,14825,Needs Improvement,2025-04-12
11027,13332,Good,2025-02-20
11028,4377,Excellent,2025-05-04
11029,15147,Good,2025-05-05
11030,15971,Good,2024-11-26
11031,14420,Excellent,2024-12-22
11032,2292,Needs Improvement,2024-12-09
11033,2805,Excellent,2025-05-11
11034,13027,Good,2024-12-02
11035,7125,Good,2024-09-28
11036,5871,Needs Improvement,2025-05-23
11037,9863,Needs Improvement,2025-03-04
11038,2894,Excellent,2024-09-28
11039,12567,Good,2024-12-31
11040,11281,Excellent,2025-06-14
11041,3217,Needs Improvement,2025-01-31
11042,4552,Good,2024-07-30
11043,16377,Average,2025-02-21
11044,11272,Good,2024-07-31
11045,11813,Average,2024-07-15
11046,17072,Good,2024-07-08
11047,2241,Good,2025-05-19
11048,12565,Average,2025-05-07
11049,13352,Excellent,2024-07-19
11050,4335,Average,2025-02-06
11051,11670,Excellent,2025-03-07
11052,16415,Average,2024-08-25
11053,17564,Excellent,2025-03-28
11054,18935,Excellent,2024-12-18
11055,11487,Average,2025-03-28
11056,9045,Needs Improvement,2024-09-23
11057,6238,Excellent,2025-04-04
11058,12790,Excellent,2025-01-30
11059,16386,Good,2024-09-14
11060,9466,Average,2024-10-20
11061,15717,Excellent,2025-02-08
11062,16251,Excellent,2025-05-18
11063,4628,Excellent,2025-04-30
11064,12670,Needs Improvement,2025-01-17
11065,2252,Average,2024-09-27
11066,253,Needs Improvement,2025-04-30
11067,9433,Good,2025-05-11
11068,6088,Average,2025-03-26
11069,14381,Needs Improvement,2024-10-20
11070,14951,Needs Improvement,2025-05-01
11071,7904,Good,2025-02-17
11072,7745,Needs Improvement,2024-10-27
11073,15009,Good,2025-04-10
11074,12753,Excellent,2024-11-22
11075,271,Average,2024-10-28
11076,5790,Good,2024-11-23
11077,8445,Good,2024-09-08
11078,4051,Needs Improvement,2024-07-20
11079,17013,Good,2025-04-21
11080,11757,Good,2025-04-28
11081,19926,Average,2025-06-04
11082,10540,Needs Improvement,2024-07-27
11083,4588,Good,2024-08-16
11084,15232,Good,2025-07-06
11085,15486,Average,2025-03-12
11086,10187,Average,2025-01-05
11087,7085,Good,2024-10-06
11088,13228,Good,2025-03-11
11089,14424,Average,2025-04-15
11090,254,Needs Improvement,2025-06-27
11091,6061,Excellent,2025-05-11
11092,5469,Good,2025-01-14
11093,13957,Good,2025-05-20
11094,8191,Good,2025-03-22
11095,19203,Average,2024-10-20
11096,764,Excellent,2024-09-23
11097,15367,Average,2024-11-29
11098,18908,Excellent,2025-01-13
11099,4257,Average,2025-01-16
11100,1694,Good,2025-02-28
11101,9950,Good,2025-05-01
11102,7789,Average,2024-08-03
11103,19089,Good,2025-06-10
11104,4019,Excellent,2025-03-18
11105,12680,Average,2024-11-25
11106,17768,Average,2024-10-10
11107,11913,Average,2025-03-30
11108,2422,Good,2025-03-22
11109,18071,Average,2025-07-05
11110,14624,Needs Improvement,2024-09-12
11111,7804,Good,2025-05-11
11112,17025,Excellent,2025-02-25
11113,10400,Needs Improvement,2024-12-09
11114,511,Good,2025-02-14
11115,16295,Excellent,2025-04-09
11116,10556,Excellent,2025-01-07
11117,6734,Good,2024-09-22
11118,1123,Average,2024-07-12
11119,3350,Good,2025-05-16
11120,8516,Excellent,2025-06-03
11121,12005,Needs Improvement,2025-05-29
11122,19072,Needs Improvement,2025-04-12
11123,9861,Good,2024-08-17
11124,6644,Good,2024-11-03
11125,9126,Average,2025-06-19
11126,4902,Average,2024-07-15
11127,1336,Excellent,2024-07-26
11128,14355,Needs Improvement,2025-05-16
11129,10568,Needs Improvement,2025-01-21
11130,9408,Excellent,2024-07-07
11131,9897,Average,2025-04-07
11132,4522,Average,2024-10-18
11133,8202,Average,2025-04-07
11134,4519,Good,2024-09-07
11135,2379,Needs Improvement,2024-10-31
11136,3432,Average,2025-05-17
11137,9313,Good,2025-02-07
11138,9968,Good,2024-10-11
11139,16068,Average,2025-01-08
11140,4333,Average,2025-05-05
11141,15953,Good,2025-05-25
11142,18440,Good,2025-05-11
11143,5350,Excellent,2024-07-14
11144,14330,Average,2024-11-21
11145,16835,Excellent,2025-02-03
11146,12078,Needs Improvement,2024-08-12
11147,1239,Average,2024-12-16
11148,12570,Needs Improvement,2025-03-02
11149,10847,Excellent,2025-03-24
11150,8197,Needs Improvement,2025-03-28
11151,8390,Needs Improvement,2025-02-13
11152,4633,Average,2024-07-30
11153,13307,Excellent,2024-08-11
11154,1436,Good,2024-07-07
11155,18236,Good,2025-03-21
11156,7738,Good,2025-02-18
11157,5890,Average,2024-10-30
11158,3807,Needs Improvement,2024-12-29
11159,15172,Excellent,2024-09-23
11160,18837,Excellent,2024-08-04
11161,9043,Needs Improvement,2024-09-11
11162,12266,Average,2024-09-02
11163,5813,Needs Improvement,2024-07-26
11164,17855,Good,2025-01-07
11165,14330,Average,2025-01-06
11166,2785,Good,2024-11-27
11167,19227,Good,2024-10-03
11168,9455,Excellent,2024-12-05
11169,17011,Needs Improvement,2025-02-12
11170,15315,Good,2024-07-22
11171,19217,Average,2025-06-19
11172,12486,Excellent,2024-10-18
11173,4979,Average,2024-07-28
11174,16420,Average,2025-01-24
11175,12443,Average,2024-10-10
11176,15715,Average,2025-06-20
11177,516,Average,2024-08-27
11178,2914,Average,2024-07-24
11179,14372,Good,2024-08-02
11180,17658,Good,2024-07-31
11181,19453,Good,2025-02-24
11182,12305,Excellent,2024-09-16
11183,2848,Excellent,2025-06-16
11184,8583,Needs Improvement,2024-11-30
11185,9892,Needs Improvement,2025-01-06
11186,11106,Good,2025-02-14
11187,14508,Average,2025-01-26
11188,18177,Good,2024-12-25
11189,18627,Good,2024-12-29
11190,18751,Excellent,2024-08-23
11191,12467,Good,2024-08-16
11192,5747,Good,2025-06-20
11193,13068,Excellent,2025-06-05
11194,1923,Average,2025-05-03
11195,2308,Needs Improvement,2025-06-24
11196,14882,Needs Improvement,2025-02-25
11197,13281,Needs Improvement,2025-04-22
11198,10761,Average,2024-09-10
11199,10628,Average,2024-08-04
11200,15297,Average,2025-01-05
11201,2498,Needs Improvement,2024-12-31
11202,2454,Needs Improvement,2024-09-19
11203,16201,Excellent,2024-10-01
11204,802,Good,2024-07-15
11205,7308,Average,2024-09-22
11206,16784,Excellent,2025-04-15
11207,2668,Needs Improvement,2024-07-24
11208,15547,Needs Improvement,2025-03-23
11209,19652,Excellent,2025-01-26
11210,18344,Needs Improvement,2024-11-08
11211,12747,Excellent,2024-08-10
11212,18726,Good,2024-12-20
11213,5485,Needs Improvement,2025-02-07
11214,13532,Good,2024-08-03
11215,8270,Average,2024-09-24
11216,11716,Good,2025-06-29
11217,6144,Excellent,2025-05-06
11218,6817,Good,2024-09-30
11219,18344,Average,2025-02-13
11220,12032,Good,2025-04-12
11221,17458,Needs Improvement,2024-08-10
11222,15462,Good,2024-09-20
11223,1883,Good,2025-01-02
11224,17293,Excellent,2025-03-15
11225,19786,Needs Improvement,2024-10-07
11226,13358,Excellent,2025-03-16
11227,795,Average,2025-02-16
11228,1376,Needs Improvement,2024-12-16
11229,2354,Average,2024-09-21
11230,6240,Needs Improvement,2024-07-19
11231,10233,Needs Improvement,2024-09-29
11232,8087,Needs Improvement,2024-11-20
11233,4112,Excellent,2024-11-14
11234,6227,Good,2025-04-09
11235,9021,Excellent,2024-09-02
11236,13807,Good,2024-10-07
11237,17261,Excellent,2025-02-27
11238,17704,Good,2024-12-15
11239,18061,Good,2024-11-30
11240,19239,Excellent,2025-04-29
11241,4983,Average,2024-12-03
11242,13225,Needs Improvement,2025-06-04
11243,15555,Excellent,2025-03-28
11244,7406,Needs Improvement,2024-08-25
11245,9101,Good,2025-02-22
11246,18620,Needs Improvement,2024-10-17
11247,226,Excellent,2024-08-01
11248,19427,Needs Improvement,2025-03-22
11249,18122,Good,2025-02-20
11250,13006,Good,2024-09-10
11251,18099,Good,2024-10-12
11252,14647,Excellent,2024-12-06
11253,4708,Good,2025-03-25
11254,15893,Good,2024-10-26
11255,12186,Excellent,2024-07-16
11256,1563,Average,2025-03-13
11257,2043,Needs Improvement,2024-09-20
11258,16272,Needs Improvement,2024-10-09
11259,6172,Good,2025-02-24
11260,19570,Good,2025-06-21
11261,16646,Needs Improvement,2025-03-22
11262,14096,Excellent,2025-02-06
11263,6599,Average,2024-12-27
11264,19174,Average,2025-06-18
11265,2614,Needs Improvement,2024-12-26
11266,15608,Needs Improvement,2025-04-10
11267,8222,Good,2025-06-20
11268,14263,Good,2025-03-15
11269,345,Needs Improvement,2024-10-23
11270,3913,Average,2024-11-19
11271,18742,Good,2025-03-23
11272,18155,Needs Improvement,2025-06-23
11273,19784,Good,2024-11-02
11274,15992,Excellent,2025-07-04
11275,18631,Excellent,2024-11-19
11276,3572,Average,2025-01-16
11277,17801,Excellent,2024-12-23
11278,10687,Needs Improvement,2025-03-13
11279,6786,Excellent,2025-03-26
11280,18499,Excellent,2024-07-29
11281,18170,Needs Improvement,2024-08-15
11282,1260,Needs Improvement,2024-08-13
11283,12022,Good,2025-05-03
11284,10686,Good,2025-01-17
11285,18615,Good,2025-02-08
11286,7313,Needs Improvement,2024-12-17
11287,7637,Needs Improvement,2024-09-07
11288,11746,Needs Improvement,2024-09-02
11289,16223,Excellent,2024-11-10
11290,13432,Excellent,2025-06-07
11291,7137,Needs Improvement,2024-10-05
11292,2394,Excellent,2024-11-25
11293,17703,Needs Improvement,2025-04-08
11294,2653,Average,2024-12-16
11295,6217,Good,2024-11-13
11296,19918,Needs Improvement,2024-08-21
11297,2529,Average,2024-10-20
11298,16230,Excellent,2025-01-03
11299,12978,Average,2025-03-16
11300,471,Needs Improvement,2024-07-06
11301,130,Needs Improvement,2025-04-09
11302,11773,Needs Improvement,2025-06-30
11303,3378,Needs Improvement,2025-04-29
11304,11037,Good,2024-12-09
11305,483,Excellent,2024-08-23
11306,7907,Excellent,2024-10-08
11307,3736,Average,2025-02-03
11308,5405,Good,2024-12-06
11309,92,Excellent,2025-03-28
11310,11709,Good,2024-09-28
11311,7624,Average,2024-12-31
11312,10559,Needs Improvement,2024-09-15
11313,16628,Good,2024-10-06
11314,5701,Excellent,2024-11-28
11315,19148,Needs Improvement,2024-10-22
11316,19161,Excellent,2025-04-01
11317,1749,Average,2025-01-29
11318,9164,Average,2025-02-20
11319,14828,Excellent,2025-01-11
11320,12410,Good,2024-09-01
11321,6203,Average,2024-11-16
11322,4849,Excellent,2025-05-15
11323,19572,Needs Improvement,2025-02-16
11324,3255,Excellent,2025-01-23
11325,12461,Needs Improvement,2025-02-22
11326,9437,Average,2024-07-30
11327,4863,Good,2025-01-16
11328,8196,Excellent,2024-09-26
11329,19931,Average,2024-08-13
11330,8617,Average,2025-05-31
11331,16159,Needs Improvement,2025-06-30
11332,1788,Average,2025-03-30
11333,4543,Needs Improvement,2024-11-18
11334,2528,Needs Improvement,2025-02-10
11335,15411,Needs Improvement,2025-01-13
11336,17219,Needs Improvement,2024-09-14
11337,5392,Good,2025-02-22
11338,7301,Good,2024-09-18
11339,3527,Excellent,2025-07-02
11340,7163,Excellent,2025-06-22
11341,4268,Needs Improvement,2024-12-09
11342,6780,Average,2025-04-11
11343,10812,Average,2025-06-20
11344,15256,Good,2025-04-22
11345,6604,Needs Improvement,2024-10-03
11346,19780,Average,2024-11-11
11347,11805,Good,2025-05-27
11348,16603,Needs Improvement,2024-11-02
11349,6549,Needs Improvement,2025-01-19
11350,9400,Needs Improvement,2025-04-10
11351,14267,Average,2025-02-26
11352,5028,Needs Improvement,2024-09-25
11353,9933,Good,2024-11-30
11354,7313,Excellent,2024-11-28
11355,16972,Excellent,2025-04-21
11356,15028,Excellent,2024-11-21
11357,19208,Average,2025-03-14
11358,4077,Needs Improvement,2024-12-19
11359,8656,Excellent,2024-12-04
11360,4830,Average,2025-06-16
11361,9939,Good,2025-07-01
11362,13366,Good,2025-06-25
11363,13000,Good,2024-08-18
11364,18006,Good,2024-10-05
11365,2390,Average,2025-04-22
11366,10200,Good,2024-09-07
11367,16489,Needs Improvement,2024-09-22
11368,13484,Good,2025-01-09
11369,2353,Excellent,2024-09-05
11370,7207,Good,2025-04-04
11371,11921,Average,2024-09-19
11372,11670,Excellent,2024-07-29
11373,16324,Good,2025-01-26
11374,18763,Good,2025-01-14
11375,11544,Good,2024-11-25
11376,11584,Needs Improvement,2025-06-18
11377,7611,Average,2025-01-25
11378,15895,Good,2025-05-11
11379,803,Excellent,2024-11-01
11380,2653,Good,2025-05-01
11381,7153,Needs Improvement,2025-05-05
11382,13349,Needs Improvement,2025-06-03
11383,12231,Good,2025-02-09
11384,13224,Excellent,2024-09-12
11385,5779,Excellent,2024-07-19
11386,4983,Average,2024-09-10
11387,12743,Needs Improvement,2025-05-12
11388,9616,Average,2025-01-18
11389,10963,Good,2024-10-16
11390,7326,Average,2025-05-06
11391,18967,Excellent,2024-12-10
11392,19086,Needs Improvement,2025-06-18
11393,8424,Needs Improvement,2024-11-24
11394,17547,Good,2024-11-11
11395,6616,Excellent,2024-09-28
11396,12577,Excellent,2024-08-31
11397,10432,Needs Improvement,2024-11-13
11398,19729,Good,2025-06-21
11399,7205,Excellent,2025-01-28
11400,2286,Excellent,2024-12-20
11401,4195,Needs Improvement,2025-04-25
11402,14006,Needs Improvement,2025-04-05
11403,10979,Good,2025-04-02
11404,18568,Average,2025-05-11
11405,2318,Excellent,2025-05-29
11406,5903,Average,2025-04-25
11407,9042,Good,2024-11-23
11408,2741,Average,2024-11-22
11409,15327,Good,2025-04-24
11410,6503,Needs Improvement,2025-06-01
11411,4108,Needs Improvement,2024-07-10
11412,15275,Excellent,2024-12-06
11413,5125,Average,2024-11-11
11414,13485,Excellent,2024-07-23
11415,10821,Needs Improvement,2024-09-06
11416,9012,Excellent,2025-04-18
11417,6449,Needs Improvement,2025-04-15
11418,15583,Good,2024-07-09
11419,12901,Good,2025-06-28
11420,4758,Average,2024-12-25
11421,7364,Good,2025-06-14
11422,6444,Excellent,2025-05-01
11423,16157,Needs Improvement,2024-08-09
11424,2236,Excellent,2024-08-01
11425,16340,Good,2025-04-03
11426,7049,Excellent,2025-01-20
11427,10289,Excellent,2024-10-28
11428,16124,Needs Improvement,2025-05-25
11429,5998,Good,2025-04-02
11430,8805,Excellent,2024-12-26
11431,7452,Excellent,2024-08-06
11432,4062,Needs Improvement,2025-02-03
11433,5421,Needs Improvement,2025-01-13
11434,14426,Excellent,2025-05-16
11435,4650,Average,2025-03-11
11436,9999,Good,2025-05-09
11437,16183,Needs Improvement,2024-07-31
11438,13872,Good,2025-05-11
11439,10334,Needs Improvement,2024-12-03
11440,13635,Excellent,2025-02-26
11441,9835,Good,2024-10-10
11442,2101,Good,2024-11-02
11443,3742,Average,2024-07-18
11444,11679,Average,2024-12-08
11445,18621,Excellent,2024-11-14
11446,16450,Excellent,2024-10-02
11447,12857,Average,2025-02-24
11448,10171,Excellent,2025-04-14
11449,10921,Good,2024-12-21
11450,16064,Average,2025-04-07
11451,13023,Excellent,2025-07-03
11452,74,Excellent,2025-05-12
11453,17969,Needs Improvement,2025-01-14
11454,3615,Good,2024-12-14
11455,3887,Average,2025-01-11
11456,5650,Excellent,2025-01-11
11457,6671,Needs Improvement,2025-07-02
11458,1574,Needs Improvement,2024-09-26
11459,9345,Average,2024-07-17
11460,19633,Excellent,2025-02-07
11461,14769,Good,2024-09-06
11462,681,Needs Improvement,2024-09-20
11463,3574,Good,2025-06-13
11464,14784,Needs Improvement,2025-03-21
11465,4401,Needs Improvement,2024-12-03
11466,6233,Excellent,2024-12-05
11467,17261,Good,2024-11-28
11468,5547,Excellent,2024-09-28
11469,10584,Excellent,2024-08-25
11470,6663,Needs Improvement,2025-05-10
11471,1763,Needs Improvement,2025-03-24
11472,16534,Excellent,2025-07-03
11473,13530,Excellent,2024-09-08
11474,19355,Average,2024-09-26
11475,4960,Good,2025-04-02
11476,6433,Needs Improvement,2024-09-12
11477,15088,Needs Improvement,2025-06-03
11478,9130,Needs Improvement,2025-02-14
11479,8365,Excellent,2024-07-10
11480,15702,Good,2025-02-04
11481,15592,Needs Improvement,2024-10-14
11482,14960,Average,2025-05-19
11483,15516,Good,2025-02-28
11484,1108,Average,2024-07-12
11485,4074,Average,2024-09-05
11486,12580,Excellent,2024-11-28
11487,6013,Average,2025-02-23
11488,13475,Excellent,2024-08-18
11489,32,Excellent,2025-02-26
11490,17281,Average,2025-05-05
11491,6335,Excellent,2024-09-22
11492,9053,Needs Improvement,2024-12-13
11493,4,Needs Improvement,2025-04-22
11494,172,Needs Improvement,2025-07-06
11495,18510,Average,2025-02-23
11496,13113,Excellent,2025-02-28
11497,12552,Needs Improvement,2025-06-27
11498,15532,Needs Improvement,2025-02-02
11499,12765,Needs Improvement,2025-02-23
11500,14247,Needs Improvement,2024-07-15
11501,2391,Good,2025-04-25
11502,6698,Average,2024-10-20
11503,19886,Good,2025-04-26
11504,841,Excellent,2025-02-01
11505,17516,Excellent,2024-10-02
11506,12750,Excellent,2025-06-04
11507,2784,Excellent,2025-02-03
11508,9799,Good,2025-07-05
11509,6260,Good,2024-08-19
11510,11161,Average,2024-10-12
11511,720,Excellent,2025-05-04
11512,7635,Excellent,2024-08-10
11513,4991,Excellent,2025-01-19
11514,8833,Average,2024-07-16
11515,11845,Needs Improvement,2025-04-04
11516,17220,Good,2024-11-05
11517,523,Good,2024-08-07
11518,12077,Average,2025-02-06
11519,16533,Excellent,2024-11-05
11520,17187,Excellent,2024-07-14
11521,9081,Needs Improvement,2024-09-11
11522,2221,Needs Improvement,2025-05-11
11523,14717,Good,2025-05-08
11524,17936,Good,2024-08-15
11525,9868,Good,2025-01-02
11526,1200,Needs Improvement,2025-02-06
11527,2453,Good,2024-08-28
11528,8436,Good,2024-11-04
11529,15725,Excellent,2024-12-02
11530,13112,Good,2025-04-13
11531,2316,Good,2024-12-10
11532,3510,Needs Improvement,2025-01-25
11533,11958,Good,2025-06-19
11534,3085,Needs Improvement,2024-07-16
11535,10190,Average,2024-08-15
11536,9011,Average,2024-10-13
11537,9184,Excellent,2025-06-01
11538,16503,Excellent,2025-06-15
11539,7105,Good,2025-06-21
11540,2597,Good,2024-07-27
11541,13931,Needs Improvement,2024-07-16
11542,8118,Excellent,2025-03-26
11543,1961,Good,2025-06-30
11544,12629,Excellent,2025-06-10
11545,1870,Needs Improvement,2024-09-28
11546,16403,Needs Improvement,2025-02-22
11547,1196,Excellent,2024-10-07
11548,5064,Average,2024-10-13
11549,7098,Average,2025-03-12
11550,18292,Good,2024-09-27
11551,14129,Good,2025-05-12
11552,11529,Average,2025-06-17
11553,9970,Good,2024-09-16
11554,11626,Needs Improvement,2024-10-11
11555,13346,Good,2024-08-30
11556,4406,Needs Improvement,2024-07-08
11557,11951,Good,2025-01-31
11558,1874,Good,2025-04-03
11559,4536,Average,2024-07-23
11560,4664,Average,2024-08-07
11561,18669,Good,2024-10-18
11562,2478,Good,2024-10-05
11563,11249,Average,2024-08-24
11564,3714,Needs Improvement,2025-07-04
11565,2417,Good,2025-04-20
11566,4655,Excellent,2024-12-28
11567,14278,Excellent,2025-06-12
11568,14785,Excellent,2024-09-05
11569,449,Good,2024-10-21
11570,6253,Average,2024-09-23
11571,1119,Needs Improvement,2024-12-09
11572,8004,Good,2024-11-18
11573,17708,Good,2025-01-25
11574,16639,Needs Improvement,2024-08-07
11575,2785,Needs Improvement,2025-04-08
11576,17488,Needs Improvement,2024-09-27
11577,18366,Average,2025-03-22
11578,8206,Needs Improvement,2025-05-19
11579,2405,Average,2025-05-12
11580,17248,Good,2024-07-11
11581,1977,Good,2025-03-29
11582,10579,Needs Improvement,2024-10-24
11583,16088,Needs Improvement,2024-12-02
11584,3139,Average,2025-01-23
11585,13916,Excellent,2025-04-13
11586,9630,Good,2025-01-07
11587,17086,Excellent,2025-06-07
11588,4139,Good,2024-07-13
11589,16812,Excellent,2024-07-06
11590,17181,Excellent,2024-09-14
11591,7048,Good,2025-02-05
11592,14262,Good,2024-10-16
11593,4099,Good,2024-11-01
11594,15743,Needs Improvement,2024-10-01
11595,7392,Needs Improvement,2024-11-25
11596,5678,Needs Improvement,2025-03-24
11597,6925,Excellent,2025-06-22
11598,12654,Excellent,2025-05-08
11599,7490,Needs Improvement,2025-04-27
11600,11848,Good,2024-09-28
11601,267,Average,2025-03-19
11602,5493,Average,2024-12-15
11603,16868,Good,2025-02-21
11604,15554,Good,2025-01-24
11605,12877,Average,2025-06-01
11606,13286,Average,2024-08-17
11607,2971,Needs Improvement,2025-05-31
11608,17196,Average,2025-05-24
11609,10994,Excellent,2025-05-14
11610,4304,Good,2025-06-08
11611,12145,Excellent,2024-11-04
11612,516,Needs Improvement,2025-02-27
11613,3261,Needs Improvement,2024-10-07
11614,4098,Average,2025-02-28
11615,12266,Needs Improvement,2025-05-26
11616,808,Excellent,2024-07-19
11617,11474,Excellent,2025-03-14
11618,9827,Needs Improvement,2025-04-27
11619,2632,Average,2024-11-16
11620,10453,Average,2024-08-09
11621,10304,Average,2025-02-20
11622,19139,Good,2024-11-24
11623,16177,Good,2025-06-10
11624,2906,Good,2025-05-02
11625,796,Needs Improvement,2024-10-03
11626,1177,Good,2024-08-06
11627,16851,Average,2024-10-22
11628,15321,Average,2025-04-22
11629,15434,Excellent,2024-10-12
11630,14627,Needs Improvement,2024-11-17
11631,8084,Needs Improvement,2025-05-11
11632,10167,Good,2025-02-27
11633,18310,Good,2025-05-13
11634,14450,Excellent,2024-07-27
11635,5248,Good,2025-05-27
11636,19861,Needs Improvement,2024-12-01
11637,5695,Good,2025-04-02
11638,19296,Excellent,2024-09-16
11639,6351,Average,2025-04-30
11640,7317,Average,2025-03-26
11641,19086,Needs Improvement,2024-12-09
11642,16174,Excellent,2025-04-06
11643,2288,Good,2025-06-25
11644,16133,Excellent,2025-01-31
11645,17274,Needs Improvement,2024-08-16
11646,5242,Good,2025-05-29
11647,2106,Needs Improvement,2025-02-14
11648,9271,Good,2024-10-24
11649,19085,Excellent,2024-07-06
11650,10974,Average,2025-06-30
11651,10801,Good,2025-02-26
11652,7965,Needs Improvement,2024-07-17
11653,724,Average,2024-08-12
11654,6853,Needs Improvement,2024-07-29
11655,14000,Good,2024-10-05
11656,19388,Needs Improvement,2024-10-28
11657,7389,Average,2025-03-10
11658,19305,Average,2025-02-21
11659,19368,Good,2025-02-05
11660,14180,Needs Improvement,2025-03-10
11661,10911,Excellent,2024-08-16
11662,10867,Good,2024-10-07
11663,1815,Average,2024-12-20
11664,13465,Excellent,2025-01-18
11665,8706,Average,2025-01-28
11666,14478,Good,2024-07-24
11667,13423,Excellent,2024-12-24
11668,740,Good,2024-09-16
11669,12287,Average,2024-10-16
11670,5704,Needs Improvement,2025-05-08
11671,1541,Average,2025-01-30
11672,2080,Needs Improvement,2025-05-23
11673,5212,Excellent,2025-04-10
11674,7060,Average,2024-09-22
11675,12362,Needs Improvement,2025-04-09
11676,8453,Excellent,2024-08-01
11677,8586,Excellent,2024-08-18
11678,6351,Excellent,2025-04-18
11679,10468,Excellent,2024-08-06
11680,8708,Average,2025-03-22
11681,4197,Excellent,2025-05-26
11682,8403,Needs Improvement,2025-02-05
11683,6390,Good,2024-11-12
11684,10254,Needs Improvement,2025-04-07
11685,17839,Excellent,2024-09-22
11686,3621,Good,2025-06-14
11687,4519,Needs Improvement,2025-06-19
11688,10668,Needs Improvement,2025-01-24
11689,16728,Average,2025-04-27
11690,11522,Needs Improvement,2024-07-25
11691,5067,Good,2025-04-30
11692,19493,Excellent,2024-07-22
11693,14585,Good,2024-11-23
11694,19432,Average,2024-07-12
11695,5135,Average,2025-04-16
11696,13993,Excellent,2024-11-21
11697,12792,Average,2024-11-12
11698,5415,Needs Improvement,2024-08-15
11699,6094,Needs Improvement,2024-08-07
11700,1736,Good,2024-10-28
11701,17526,Excellent,2024-08-27
11702,14565,Good,2024-12-25
11703,19308,Average,2024-07-21
11704,10784,Average,2024-09-10
11705,19875,Good,2024-11-16
11706,10033,Needs Improvement,2025-01-21
11707,13572,Needs Improvement,2024-12-25
11708,2540,Needs Improvement,2025-06-01
11709,19943,Needs Improvement,2025-01-15
11710,3989,Average,2024-08-02
11711,7700,Average,2024-07-24
11712,15430,Excellent,2024-08-25
11713,7108,Excellent,2024-07-18
11714,12357,Excellent,2025-02-02
11715,3370,Needs Improvement,2024-10-06
11716,5723,Good,2024-08-12
11717,12822,Good,2024-11-16
11718,12931,Average,2025-01-28
11719,9584,Needs Improvement,2024-08-06
11720,7020,Average,2024-09-09
11721,12332,Needs Improvement,2025-06-25
11722,17962,Excellent,2025-01-22
11723,18546,Needs Improvement,2025-04-06
11724,16834,Needs Improvement,2024-11-16
11725,9370,Good,2025-03-15
11726,14387,Average,2025-04-18
11727,12262,Average,2025-01-07
11728,980,Good,2024-12-31
11729,18411,Good,2024-08-18
11730,2233,Good,2024-08-27
11731,8957,Average,2024-10-28
11732,2403,Excellent,2025-04-28
11733,1516,Average,2024-08-03
11734,3607,Needs Improvement,2024-07-20
11735,8330,Average,2025-04-15
11736,5900,Needs Improvement,2025-06-24
11737,17030,Excellent,2025-04-21
11738,3815,Average,2025-05-12
11739,5631,Excellent,2024-08-26
11740,19863,Good,2025-02-25
11741,15353,Average,2025-01-25
11742,17236,Excellent,2025-04-10
11743,14973,Excellent,2025-01-08
11744,4891,Excellent,2024-07-10
11745,12261,Needs Improvement,2024-10-18
11746,16827,Needs Improvement,2024-12-13
11747,2510,Excellent,2024-07-10
11748,492,Excellent,2025-01-26
11749,17629,Needs Improvement,2025-05-23
11750,3597,Needs Improvement,2024-12-01
11751,8925,Good,2025-06-30
11752,2908,Excellent,2024-08-17
11753,15029,Average,2025-04-09
11754,11340,Needs Improvement,2024-07-10
11755,18763,Excellent,2025-02-14
11756,1888,Average,2025-04-12
11757,8161,Excellent,2024-12-09
11758,9308,Excellent,2024-09-28
11759,13495,Needs Improvement,2024-08-23
11760,13868,Average,2025-01-29
11761,19352,Average,2025-05-25
11762,17572,Good,2024-08-01
11763,10091,Average,2024-09-30
11764,5431,Average,2025-02-01
11765,5824,Good,2024-09-27
11766,9288,Average,2025-02-16
11767,690,Average,2024-11-29
11768,1889,Excellent,2024-10-20
11769,19794,Average,2025-03-04
11770,6216,Average,2025-05-14
11771,6451,Average,2025-06-19
11772,8930,Average,2024-09-14
11773,13722,Good,2024-08-01
11774,13861,Excellent,2024-09-26
11775,19638,Good,2024-08-18
11776,7841,Excellent,2025-03-17
11777,6709,Good,2025-04-17
11778,18234,Average,2025-01-14
11779,11248,Good,2024-12-24
11780,18713,Average,2024-07-26
11781,2292,Needs Improvement,2025-03-17
11782,16676,Needs Improvement,2024-12-31
11783,18051,Average,2024-10-04
11784,17330,Good,2025-04-20
11785,7441,Average,2024-08-23
11786,10477,Needs Improvement,2025-06-28
11787,5498,Average,2024-09-27
11788,17601,Average,2024-09-21
11789,5016,Average,2024-12-29
11790,2151,Excellent,2024-11-17
11791,16006,Average,2024-08-01
11792,7364,Excellent,2025-04-05
11793,7597,Excellent,2025-04-28
11794,15449,Needs Improvement,2025-05-26
11795,16461,Needs Improvement,2025-05-27
11796,8844,Good,2025-02-25
11797,15466,Good,2024-12-27
11798,3432,Excellent,2024-08-22
11799,1038,Average,2024-11-18
11800,9181,Good,2025-06-02
11801,8427,Needs Improvement,2025-05-28
11802,15782,Excellent,2025-06-28
11803,13423,Good,2024-10-12
11804,5023,Good,2024-08-21
11805,17540,Good,2024-12-02
11806,5155,Average,2024-09-17
11807,8456,Average,2025-01-15
11808,7651,Good,2025-04-17
11809,8768,Needs Improvement,2024-09-01
11810,4099,Needs Improvement,2024-12-25
11811,3130,Good,2025-04-08
11812,5857,Average,2025-05-25
11813,1797,Average,2025-04-24
11814,17766,Average,2025-04-19
11815,7581,Needs Improvement,2025-01-24
11816,17836,Average,2024-08-29
11817,1929,Excellent,2025-04-02
11818,19435,Average,2025-06-08
11819,13944,Excellent,2025-01-16
11820,6921,Excellent,2024-09-01
11821,9649,Excellent,2024-09-08
11822,17863,Needs Improvement,2024-09-09
11823,6051,Average,2025-04-13
11824,18496,Good,2025-01-22
11825,16874,Needs Improvement,2024-10-06
11826,14776,Good,2025-05-06
11827,7184,Average,2025-04-15
11828,10961,Good,2024-09-29
11829,14173,Average,2025-07-03
11830,14514,Good,2024-10-27
11831,14290,Average,2024-11-26
11832,3858,Good,2024-10-28
11833,6236,Good,2025-02-18
11834,7643,Average,2024-08-08
11835,963,Average,2024-12-12
11836,3673,Excellent,2025-04-06
11837,15411,Needs Improvement,2025-01-22
11838,12968,Needs Improvement,2024-07-07
11839,1121,Needs Improvement,2025-07-05
11840,15293,Needs Improvement,2025-05-21
11841,18763,Excellent,2025-05-07
11842,9210,Excellent,2024-12-10
11843,17188,Average,2024-10-08
11844,17001,Good,2024-07-14
11845,7555,Excellent,2025-03-17
11846,3648,Excellent,2024-07-19
11847,10533,Excellent,2024-10-11
11848,8592,Excellent,2024-09-27
11849,10007,Excellent,2025-04-16
11850,2534,Excellent,2024-11-05
11851,10168,Average,2024-09-06
11852,9985,Needs Improvement,2025-04-17
11853,9232,Excellent,2025-03-19
11854,6462,Average,2025-03-28
11855,13671,Good,2024-08-03
11856,3734,Good,2025-05-27
11857,1334,Average,2025-06-12
11858,17871,Average,2024-08-17
11859,11718,Good,2025-01-01
11860,10951,Good,2024-10-14
11861,13810,Excellent,2024-09-22
11862,10405,Good,2025-04-08
11863,19569,Excellent,2024-12-20
11864,15539,Average,2025-03-22
11865,15474,Average,2024-12-10
11866,17637,Needs Improvement,2025-01-27
11867,10514,Average,2025-02-19
11868,19537,Needs Improvement,2024-07-31
11869,1939,Good,2025-06-05
11870,5070,Excellent,2024-09-14
11871,5044,Excellent,2024-07-11
11872,16527,Needs Improvement,2024-12-30
11873,6331,Good,2024-09-04
11874,652,Average,2025-06-28
11875,10043,Excellent,2024-09-21
11876,4702,Good,2025-01-26
11877,13626,Average,2024-11-07
11878,3371,Average,2024-09-28
11879,6408,Needs Improvement,2024-11-16
11880,299,Needs Improvement,2024-12-10
11881,1543,Good,2025-01-17
11882,101,Needs Improvement,2025-05-09
11883,10086,Average,2025-05-06
11884,1777,Excellent,2024-10-19
11885,6189,Average,2024-10-30
11886,8281,Average,2025-05-30
11887,2868,Excellent,2024-11-14
11888,8226,Average,2024-09-10
11889,15389,Needs Improvement,2024-11-16
11890,15556,Good,2024-07-13
11891,10400,Good,2025-02-10
11892,2904,Average,2025-02-24
11893,3786,Average,2025-05-31
11894,1009,Needs Improvement,2025-06-03
11895,627,Good,2024-09-05
11896,550,Needs Improvement,2024-10-23
11897,8939,Good,2025-07-02
11898,9167,Good,2025-04-15
11899,15368,Excellent,2024-12-29
11900,14842,Good,2025-05-26
11901,7165,Needs Improvement,2025-05-28
11902,15627,Good,2024-07-20
11903,17845,Average,2024-11-22
11904,9580,Good,2025-04-25
11905,5154,Excellent,2024-11-15
11906,8154,Excellent,2025-01-03
11907,5576,Excellent,2024-12-30
11908,17418,Average,2025-02-03
11909,14311,Average,2024-12-27
11910,7424,Excellent,2024-11-11
11911,16601,Needs Improvement,2024-07-18
11912,18151,Needs Improvement,2024-09-13
11913,14841,Excellent,2025-05-11
11914,5545,Needs Improvement,2025-04-12
11915,8876,Excellent,2024-12-27
11916,16177,Needs Improvement,2025-01-14
11917,5221,Average,2025-05-18
11918,1771,Excellent,2024-09-16
11919,13466,Average,2025-04-13
11920,10148,Needs Improvement,2025-04-23
11921,16190,Good,2024-11-03
11922,10000,Needs Improvement,2024-09-01
11923,3388,Needs Improvement,2024-07-24
11924,12196,Needs Improvement,2025-03-15
11925,5467,Needs Improvement,2024-09-21
11926,6740,Needs Improvement,2025-06-23
11927,10787,Needs Improvement,2025-02-23
11928,9302,Excellent,2024-08-27
11929,2927,Good,2025-05-02
11930,17977,Good,2024-11-17
11931,18455,Average,2025-04-30
11932,3268,Good,2025-07-02
11933,17034,Average,2024-10-01
11934,18440,Excellent,2024-11-20
11935,13951,Excellent,2024-12-07
11936,16161,Average,2024-12-24
11937,18314,Excellent,2025-07-03
11938,13077,Good,2024-07-18
11939,2720,Average,2025-04-09
11940,12437,Needs Improvement,2024-07-24
11941,1451,Average,2024-07-25
11942,19874,Good,2024-09-09
11943,4564,Average,2025-05-05
11944,4440,Needs Improvement,2024-09-26
11945,15440,Average,2024-07-15
11946,3838,Average,2025-05-16
11947,16094,Good,2024-09-12
11948,3854,Excellent,2025-05-18
11949,2328,Average,2024-11-21
11950,16447,Good,2025-05-23
11951,19956,Needs Improvement,2025-04-26
11952,18467,Excellent,2025-05-04
11953,6664,Average,2024-07-29
11954,16491,Needs Improvement,2025-02-03
11955,16627,Excellent,2024-11-01
11956,261,Excellent,2024-12-22
11957,6335,Needs Improvement,2025-01-01
11958,1875,Average,2024-08-01
11959,6371,Needs Improvement,2024-08-09
11960,12690,Good,2024-07-30
11961,14295,Needs Improvement,2024-09-27
11962,581,Good,2025-06-18
11963,13455,Average,2024-09-07
11964,10108,Excellent,2024-08-02
11965,1843,Average,2024-08-25
11966,11480,Excellent,2024-09-27
11967,16297,Average,2025-01-05
11968,17571,Average,2025-03-31
11969,10292,Good,2024-11-28
11970,6120,Needs Improvement,2024-10-18
11971,16458,Good,2025-04-22
11972,4166,Excellent,2024-09-12
11973,5002,Good,2025-01-13
11974,3887,Excellent,2024-08-29
11975,758,Needs Improvement,2024-11-03
11976,8686,Average,2024-07-19
11977,11692,Average,2024-08-12
11978,9964,Good,2024-08-09
11979,136,Excellent,2024-11-13
11980,13103,Average,2024-10-14
11981,19426,Needs Improvement,2024-09-28
11982,3828,Good,2025-02-18
11983,18253,Needs Improvement,2025-02-12
11984,5738,Average,2024-09-21
11985,9444,Average,2025-06-13
11986,9827,Average,2025-02-14
11987,8409,Good,2024-12-26
11988,13405,Good,2025-04-08
11989,2150,Needs Improvement,2025-05-18
11990,14526,Average,2025-04-02
11991,2073,Good,2024-07-23
11992,17230,Good,2024-09-25
11993,17293,Average,2025-06-20
11994,13109,Good,2025-02-04
11995,12873,Average,2025-06-24
11996,1143,Good,2024-12-09
11997,4096,Needs Improvement,2025-04-23
11998,11202,Needs Improvement,2024-11-08
11999,4807,Excellent,2024-11-01
12000,11963,Good,2025-01-09
12001,6009,Average,2024-12-27
12002,2673,Excellent,2024-08-03
12003,11685,Needs Improvement,2024-09-29
12004,15546,Average,2025-01-19
12005,1795,Average,2024-08-15
12006,14172,Average,2024-11-03
12007,14138,Average,2024-08-06
12008,15833,Average,2025-05-29
12009,17601,Needs Improvement,2024-08-05
12010,4499,Good,2025-07-06
12011,19118,Good,2025-01-05
12012,5650,Needs Improvement,2025-06-08
12013,11698,Good,2024-08-10
12014,9670,Excellent,2025-06-19
12015,15242,Excellent,2024-10-25
12016,12011,Needs Improvement,2025-05-24
12017,14592,Average,2024-07-17
12018,3496,Good,2024-09-02
12019,563,Good,2024-10-21
12020,8192,Excellent,2024-12-22
12021,6491,Good,2024-12-27
12022,804,Excellent,2025-06-30
12023,3547,Good,2024-10-19
12024,14283,Excellent,2024-09-07
12025,2410,Good,2024-09-24
12026,19142,Average,2024-11-11
12027,16376,Average,2024-12-12
12028,911,Excellent,2024-07-17
12029,19183,Excellent,2024-10-27
12030,14340,Excellent,2024-12-21
12031,10060,Excellent,2024-09-30
12032,16444,Excellent,2025-06-22
12033,9968,Excellent,2024-11-10
12034,4543,Excellent,2025-06-01
12035,16124,Needs Improvement,2025-06-03
12036,277,Needs Improvement,2025-05-16
12037,14200,Excellent,2025-03-10
12038,4069,Good,2025-05-22
12039,17846,Good,2024-09-09
12040,19534,Average,2024-12-01
12041,1386,Good,2024-10-22
12042,9478,Good,2025-04-15
12043,13560,Excellent,2025-01-16
12044,19887,Needs Improvement,2024-10-01
12045,3379,Average,2024-08-16
12046,18787,Average,2024-09-07
12047,17413,Needs Improvement,2025-03-24
12048,16183,Average,2024-11-14
12049,17165,Needs Improvement,2025-04-29
12050,10812,Needs Improvement,2024-09-10
12051,14818,Excellent,2024-08-22
12052,1617,Excellent,2024-11-06
12053,10931,Needs Improvement,2025-05-18
12054,10698,Good,2024-11-28
12055,8935,Good,2025-01-31
12056,8018,Good,2024-12-27
12057,19074,Excellent,2024-09-14
12058,12626,Average,2024-11-06
12059,8239,Good,2024-08-10
12060,9111,Good,2025-05-09
12061,677,Excellent,2025-01-15
12062,14041,Good,2025-01-02
12063,1363,Excellent,2024-09-24
12064,15218,Needs Improvement,2024-07-25
12065,1268,Good,2024-08-16
12066,7262,Average,2024-10-19
12067,16986,Average,2025-05-29
12068,9352,Excellent,2025-02-10
12069,18246,Average,2025-05-23
12070,1610,Needs Improvement,2025-04-29
12071,8926,Needs Improvement,2024-10-04
12072,2352,Good,2024-08-09
12073,16824,Good,2024-11-16
12074,18869,Excellent,2025-03-07
12075,8358,Needs Improvement,2025-04-27
12076,2256,Needs Improvement,2025-02-14
12077,15088,Average,2024-10-13
12078,11944,Average,2025-06-20
12079,17771,Needs Improvement,2025-03-06
12080,7241,Excellent,2025-06-07
12081,3419,Needs Improvement,2024-07-14
12082,5242,Excellent,2025-06-14
12083,528,Average,2024-10-19
12084,19391,Needs Improvement,2024-12-27
12085,11882,Needs Improvement,2024-08-06
12086,17147,Average,2025-03-20
12087,17879,Average,2025-01-10
12088,18921,Average,2024-12-07
12089,12665,Average,2024-12-28
12090,4232,Needs Improvement,2025-03-27
12091,6903,Excellent,2025-05-30
12092,13789,Needs Improvement,2025-03-02
12093,3219,Needs Improvement,2025-03-05
12094,9766,Needs Improvement,2025-07-03
12095,6633,Needs Improvement,2025-01-11
12096,16647,Excellent,2024-09-14
12097,7362,Good,2024-12-14
12098,9326,Excellent,2024-10-12
12099,9968,Needs Improvement,2024-12-11
12100,5473,Needs Improvement,2024-07-22
12101,12692,Needs Improvement,2024-12-12
12102,17048,Needs Improvement,2025-04-09
12103,11713,Excellent,2025-04-08
12104,18614,Average,2025-02-05
12105,12962,Needs Improvement,2025-05-18
12106,15449,Good,2025-06-26
12107,2487,Excellent,2024-11-15
12108,3965,Excellent,2025-06-04
12109,1155,Excellent,2024-09-02
12110,19190,Good,2024-11-06
12111,4591,Good,2025-02-24
12112,5396,Average,2025-04-27
12113,17989,Excellent,2024-08-25
12114,2542,Excellent,2024-12-01
12115,5415,Average,2025-05-18
12116,14428,Average,2025-06-29
12117,1378,Excellent,2025-04-03
12118,18705,Good,2025-02-07
12119,17031,Average,2025-01-09
12120,9410,Excellent,2025-06-07
12121,9457,Good,2024-08-02
12122,7128,Needs Improvement,2024-12-24
12123,16238,Good,2024-12-18
12124,5003,Average,2025-01-21
12125,16896,Needs Improvement,2025-06-05
12126,15267,Average,2024-10-18
12127,4804,Needs Improvement,2025-03-21
12128,17827,Average,2024-11-14
12129,5499,Needs Improvement,2024-10-11
12130,19606,Excellent,2024-10-16
12131,18185,Good,2024-10-28
12132,13484,Good,2025-02-04
12133,18646,Excellent,2025-03-06
12134,10801,Needs Improvement,2024-11-04
12135,18239,Excellent,2024-11-26
12136,5522,Needs Improvement,2024-12-02
12137,18813,Average,2025-01-05
12138,17699,Average,2025-04-18
12139,6720,Good,2024-12-23
12140,726,Needs Improvement,2025-01-26
12141,12481,Good,2025-03-29
12142,13039,Needs Improvement,2024-08-15
12143,2813,Excellent,2024-09-30
12144,4052,Average,2025-06-20
12145,4818,Good,2024-12-05
12146,9315,Good,2024-09-01
12147,2308,Average,2024-10-18
12148,9534,Good,2024-08-05
12149,17503,Needs Improvement,2024-11-07
12150,12902,Good,2025-03-11
12151,8380,Excellent,2024-07-11
12152,270,Average,2024-12-03
12153,19891,Average,2025-04-16
12154,10870,Needs Improvement,2024-10-17
12155,4454,Average,2025-07-02
12156,15234,Average,2024-10-27
12157,19945,Average,2025-04-07
12158,8899,Average,2024-07-16
12159,15100,Needs Improvement,2025-02-05
12160,7604,Average,2024-08-06
12161,14682,Average,2025-05-25
12162,19788,Excellent,2025-06-14
12163,17843,Good,2025-02-23
12164,4867,Needs Improvement,2024-12-21
12165,5501,Excellent,2024-10-24
12166,3208,Needs Improvement,2025-03-21
12167,954,Good,2024-09-27
12168,16829,Good,2024-10-19
12169,12713,Excellent,2024-08-27
12170,5194,Good,2025-06-14
12171,2088,Good,2025-01-25
12172,14946,Needs Improvement,2024-07-28
12173,4196,Needs Improvement,2024-10-25
12174,7957,Needs Improvement,2024-10-28
12175,14299,Excellent,2024-08-06
12176,5186,Good,2024-09-08
12177,11509,Excellent,2025-01-02
12178,15746,Needs Improvement,2024-12-16
12179,10300,Average,2025-04-08
12180,7804,Average,2025-01-12
12181,18654,Good,2024-08-28
12182,9267,Average,2024-11-25
12183,2435,Average,2024-07-25
12184,5393,Needs Improvement,2025-04-27
12185,937,Good,2025-03-22
12186,4327,Average,2024-07-21
12187,9072,Needs Improvement,2025-02-01
12188,14659,Excellent,2025-03-06
12189,19872,Good,2024-12-10
12190,4238,Excellent,2025-06-25
12191,10647,Average,2024-12-25
12192,1916,Average,2024-10-12
12193,18838,Needs Improvement,2024-09-23
12194,1138,Excellent,2025-06-13
12195,8624,Needs Improvement,2024-12-08
12196,11446,Excellent,2025-02-05
12197,14090,Excellent,2024-11-12
12198,17563,Needs Improvement,2025-03-08
12199,3988,Needs Improvement,2025-02-05
12200,5910,Good,2025-05-20
12201,2227,Needs Improvement,2024-12-27
12202,3520,Good,2024-07-30
12203,13743,Excellent,2024-08-26
12204,333,Needs Improvement,2024-09-08
12205,5170,Average,2025-07-05
12206,5184,Excellent,2025-02-13
12207,12888,Needs Improvement,2025-03-15
12208,19801,Average,2025-04-27
12209,10720,Good,2024-12-08
12210,11381,Needs Improvement,2024-07-07
12211,24,Needs Improvement,2024-12-25
12212,15220,Average,2025-06-05
12213,19030,Needs Improvement,2024-12-17
12214,1805,Excellent,2025-01-16
12215,12859,Needs Improvement,2024-11-05
12216,4197,Excellent,2025-07-04
12217,4054,Average,2025-04-02
12218,10561,Excellent,2025-04-21
12219,17690,Excellent,2024-11-18
12220,3921,Needs Improvement,2025-07-01
12221,17623,Average,2024-10-07
12222,14740,Needs Improvement,2025-02-01
12223,18000,Good,2025-05-07
12224,11144,Average,2024-07-17
12225,5976,Excellent,2025-03-04
12226,19435,Average,2025-01-13
12227,13057,Excellent,2024-07-27
12228,243,Good,2025-06-17
12229,13658,Good,2024-08-14
12230,11306,Needs Improvement,2024-10-24
12231,1660,Needs Improvement,2025-05-04
12232,8434,Good,2024-12-16
12233,11745,Good,2024-11-01
12234,14778,Average,2024-10-30
12235,16391,Needs Improvement,2025-01-21
12236,6920,Excellent,2024-10-20
12237,6210,Good,2025-01-21
12238,2857,Needs Improvement,2024-07-15
12239,14097,Good,2024-07-09
12240,3542,Average,2025-01-02
12241,2373,Needs Improvement,2025-01-30
12242,14832,Excellent,2024-10-31
12243,18841,Average,2025-01-19
12244,16521,Average,2025-06-13
12245,3040,Average,2024-09-30
12246,11209,Excellent,2025-05-28
12247,6256,Average,2024-12-01
12248,2136,Good,2024-07-22
12249,9046,Needs Improvement,2025-04-10
12250,17577,Good,2024-10-12
12251,1254,Excellent,2024-08-28
12252,112,Average,2025-02-16
12253,12282,Good,2024-12-12
12254,13327,Good,2025-02-11
12255,1605,Excellent,2024-09-06
12256,10526,Average,2025-06-09
12257,4543,Good,2025-04-03
12258,19218,Excellent,2024-10-24
12259,17333,Excellent,2024-09-15
12260,4461,Good,2024-11-07
12261,4873,Needs Improvement,2024-08-08
12262,9808,Average,2025-06-10
12263,11965,Needs Improvement,2024-12-13
12264,12412,Good,2024-09-14
12265,17848,Good,2024-08-05
12266,961,Needs Improvement,2025-04-28
12267,3100,Average,2024-10-18
12268,13919,Good,2025-06-03
12269,15258,Needs Improvement,2024-08-20
12270,17773,Average,2024-12-19
12271,7630,Needs Improvement,2025-01-06
12272,14342,Needs Improvement,2025-02-10
12273,6181,Excellent,2025-04-24
12274,9615,Excellent,2025-04-16
12275,5921,Excellent,2025-03-02
12276,16364,Average,2024-12-27
12277,1994,Excellent,2024-10-13
12278,10223,Good,2025-01-20
12279,12871,Excellent,2024-12-18
12280,13380,Average,2025-05-04
12281,216,Excellent,2024-08-24
12282,17462,Average,2024-08-16
12283,7217,Needs Improvement,2025-03-11
12284,7710,Average,2024-08-24
12285,8236,Good,2024-07-12
12286,2664,Average,2024-09-04
12287,16399,Excellent,2025-02-25
12288,1617,Average,2024-12-08
12289,18322,Average,2025-01-19
12290,6487,Average,2024-11-25
12291,18661,Excellent,2025-04-01
12292,18634,Excellent,2024-07-28
12293,14528,Excellent,2024-11-29
12294,10441,Good,2025-06-24
12295,17568,Excellent,2025-03-14
12296,6588,Good,2025-05-20
12297,16767,Average,2024-08-19
12298,1358,Excellent,2025-01-11
12299,17408,Needs Improvement,2024-08-24
12300,6724,Needs Improvement,2024-12-01
12301,3427,Average,2024-10-31
12302,6424,Good,2025-06-19
12303,17168,Needs Improvement,2024-08-29
12304,3248,Excellent,2025-03-17
12305,7319,Needs Improvement,2024-12-08
12306,18397,Average,2024-11-10
12307,16481,Needs Improvement,2024-10-18
12308,17201,Average,2025-04-20
12309,21,Average,2024-12-18
12310,5458,Excellent,2025-02-15
12311,1722,Excellent,2024-10-12
12312,619,Excellent,2025-02-28
12313,8496,Excellent,2025-05-11
12314,634,Average,2024-08-25
12315,14864,Needs Improvement,2025-03-14
12316,12988,Excellent,2025-06-01
12317,19233,Good,2025-06-18
12318,14618,Needs Improvement,2025-05-08
12319,15167,Needs Improvement,2024-12-21
12320,7361,Good,2024-12-10
12321,15773,Average,2025-06-30
12322,15371,Needs Improvement,2025-01-13
12323,17091,Good,2024-09-16
12324,17696,Average,2024-10-28
12325,13291,Excellent,2025-02-21
12326,172,Average,2025-01-22
12327,18410,Needs Improvement,2025-06-26
12328,3435,Excellent,2024-11-29
12329,12382,Average,2025-01-02
12330,5197,Average,2024-11-19
12331,11924,Good,2024-12-04
12332,19984,Excellent,2025-05-09
12333,14826,Average,2024-08-09
12334,3673,Good,2025-04-11
12335,13494,Good,2025-04-27
12336,8779,Needs Improvement,2025-04-08
12337,4663,Good,2024-08-04
12338,17456,Good,2025-05-30
12339,15205,Average,2024-08-01
12340,17638,Good,2024-11-10
12341,19314,Excellent,2025-05-22
12342,6420,Excellent,2024-09-28
12343,3530,Good,2024-10-13
12344,4181,Average,2025-01-09
12345,6875,Needs Improvement,2024-10-20
12346,3896,Good,2025-02-05
12347,10160,Excellent,2024-11-01
12348,3698,Average,2024-09-10
12349,16480,Excellent,2025-04-17
12350,6732,Good,2025-02-22
12351,3355,Needs Improvement,2024-10-20
12352,18910,Needs Improvement,2024-11-03
12353,1826,Average,2024-07-13
12354,13369,Needs Improvement,2025-06-18
12355,5056,Good,2024-12-20
12356,615,Average,2025-05-15
12357,657,Average,2025-01-19
12358,15313,Excellent,2024-11-20
12359,8587,Average,2024-09-16
12360,4482,Needs Improvement,2024-09-22
12361,4081,Average,2025-02-02
12362,3700,Good,2025-06-14
12363,3630,Needs Improvement,2024-09-05
12364,11871,Excellent,2025-02-28
12365,13695,Excellent,2024-08-04
12366,15207,Needs Improvement,2025-01-03
12367,8696,Good,2024-08-18
12368,7581,Good,2025-06-22
12369,7233,Excellent,2024-08-15
12370,17429,Average,2025-01-01
12371,9146,Average,2025-03-09
12372,10780,Good,2025-02-15
12373,13463,Average,2024-12-29
12374,13985,Excellent,2025-06-22
12375,13962,Needs Improvement,2025-02-12
12376,11799,Average,2024-11-02
12377,1521,Needs Improvement,2024-10-22
12378,14095,Good,2025-03-31
12379,9821,Average,2025-01-14
12380,11305,Needs Improvement,2025-06-04
12381,13487,Average,2024-10-26
12382,10868,Needs Improvement,2025-03-05
12383,7831,Good,2024-12-26
12384,19116,Good,2024-10-28
12385,16029,Good,2024-07-14
12386,17233,Good,2025-04-05
12387,6473,Good,2024-08-19
12388,945,Good,2024-11-12
12389,11526,Excellent,2024-08-12
12390,8536,Average,2025-01-01
12391,3887,Good,2025-02-22
12392,6376,Good,2025-05-09
12393,374,Average,2024-12-17
12394,10075,Needs Improvement,2025-05-01
12395,19402,Average,2025-02-18
12396,17572,Excellent,2025-01-22
12397,8459,Excellent,2025-05-22
12398,8973,Excellent,2024-08-20
12399,6713,Excellent,2024-08-14
12400,8605,Average,2024-12-12
12401,5670,Excellent,2025-02-21
12402,2515,Average,2025-01-27
12403,16351,Excellent,2024-08-06
12404,1492,Needs Improvement,2024-07-09
12405,16251,Needs Improvement,2025-06-03
12406,16179,Excellent,2025-01-11
12407,18400,Average,2025-06-19
12408,15599,Average,2024-07-09
12409,8476,Needs Improvement,2024-09-15
12410,4476,Needs Improvement,2024-09-20
12411,12348,Excellent,2024-07-19
12412,19059,Excellent,2025-02-08
12413,202,Good,2025-03-30
12414,11363,Needs Improvement,2024-11-03
12415,12951,Needs Improvement,2024-11-20
12416,12594,Average,2025-02-05
12417,975,Good,2025-01-15
12418,5734,Excellent,2024-11-02
12419,5343,Excellent,2025-03-27
12420,1674,Needs Improvement,2024-08-21
12421,17499,Average,2024-08-10
12422,1926,Needs Improvement,2024-08-29
12423,12255,Good,2025-01-08
12424,9761,Needs Improvement,2025-06-15
12425,12564,Average,2025-04-10
12426,6979,Good,2025-03-30
12427,15275,Excellent,2025-04-02
12428,7131,Good,2025-02-02
12429,10002,Needs Improvement,2024-09-17
12430,9873,Good,2024-12-26
12431,19403,Good,2024-09-02
12432,843,Good,2025-01-25
12433,10520,Good,2025-03-17
12434,3600,Needs Improvement,2025-01-25
12435,16177,Excellent,2024-10-31
12436,11366,Needs Improvement,2024-09-25
12437,184,Needs Improvement,2025-02-19
12438,11272,Excellent,2025-03-11
12439,15926,Needs Improvement,2025-05-23
12440,14400,Average,2024-09-29
12441,4770,Average,2024-09-14
12442,18276,Needs Improvement,2024-11-11
12443,18447,Excellent,2024-11-21
12444,14482,Average,2025-07-05
12445,19667,Excellent,2025-06-01
12446,5417,Good,2025-02-27
12447,16480,Good,2024-12-28
12448,10440,Good,2025-05-09
12449,5552,Needs Improvement,2024-09-27
12450,6232,Needs Improvement,2024-09-05
12451,10023,Good,2025-04-30
12452,7081,Good,2025-06-26
12453,13613,Good,2024-08-29
12454,3083,Needs Improvement,2025-04-24
12455,7321,Excellent,2025-04-03
12456,5976,Excellent,2024-12-20
12457,9086,Good,2025-06-01
12458,13079,Average,2025-04-27
12459,12457,Good,2024-12-02
12460,7457,Excellent,2025-03-13
12461,3524,Average,2024-08-14
12462,16461,Needs Improvement,2025-01-08
12463,426,Average,2025-06-03
12464,13586,Needs Improvement,2025-06-26
12465,4037,Excellent,2025-05-30
12466,13591,Excellent,2024-12-19
12467,16630,Excellent,2024-12-30
12468,4183,Excellent,2024-12-25
12469,18517,Average,2025-02-10
12470,3380,Average,2025-05-16
12471,8253,Average,2025-04-18
12472,6085,Average,2025-05-11
12473,8362,Good,2025-02-04
12474,18910,Good,2024-10-25
12475,7771,Average,2025-03-20
12476,362,Average,2024-10-08
12477,5264,Needs Improvement,2024-11-12
12478,17526,Good,2025-04-25
12479,11979,Average,2024-08-25
12480,12666,Needs Improvement,2024-10-06
12481,18738,Needs Improvement,2025-05-22
12482,13837,Average,2024-08-24
12483,7426,Excellent,2024-10-08
12484,5491,Excellent,2024-12-27
12485,1661,Average,2025-04-12
12486,2162,Needs Improvement,2024-11-15
12487,1801,Excellent,2025-04-14
12488,7464,Needs Improvement,2025-03-02
12489,16700,Average,2024-12-09
12490,18745,Excellent,2025-02-18
12491,1934,Excellent,2025-02-11
12492,10835,Needs Improvement,2025-02-18
12493,998,Average,2025-01-02
12494,16267,Good,2025-05-14
12495,552,Excellent,2024-12-01
12496,3524,Excellent,2024-12-04
12497,9226,Good,2025-02-05
12498,802,Average,2024-08-04
12499,9054,Excellent,2025-01-20
12500,14105,Good,2024-12-27
12501,4967,Good,2025-05-15
12502,13064,Needs Improvement,2025-01-08
12503,8270,Average,2025-04-14
12504,8782,Excellent,2025-04-12
12505,6623,Excellent,2024-08-10
12506,9941,Excellent,2024-08-09
12507,15869,Needs Improvement,2025-06-07
12508,13790,Needs Improvement,2024-07-16
12509,4623,Average,2025-05-08
12510,8922,Average,2025-07-04
12511,19324,Excellent,2025-01-23
12512,352,Good,2024-09-27
12513,5725,Needs Improvement,2025-07-06
12514,13878,Good,2024-10-18
12515,17953,Average,2025-03-30
12516,10347,Good,2024-12-09
12517,9117,Average,2025-03-09
12518,8373,Needs Improvement,2024-11-29
12519,6700,Good,2025-03-21
12520,6297,Good,2024-11-03
12521,16513,Excellent,2025-02-12
12522,13312,Excellent,2024-08-29
12523,2094,Needs Improvement,2025-02-12
12524,3646,Good,2024-11-19
12525,8580,Excellent,2025-06-28
12526,5739,Excellent,2025-02-10
12527,706,Average,2024-10-26
12528,5071,Needs Improvement,2024-07-12
12529,13080,Average,2025-01-10
12530,9133,Average,2025-04-08
12531,19071,Good,2025-07-06
12532,19645,Good,2025-02-11
12533,4717,Needs Improvement,2025-01-28
12534,12026,Needs Improvement,2025-02-10
12535,16903,Good,2024-11-12
12536,3286,Good,2025-03-16
12537,16272,Needs Improvement,2025-03-10
12538,12690,Average,2025-02-06
12539,12471,Needs Improvement,2024-11-15
12540,1728,Good,2025-06-21
12541,19148,Good,2025-04-09
12542,13752,Excellent,2024-08-20
12543,6755,Excellent,2025-04-24
12544,7004,Good,2024-08-01
12545,12838,Excellent,2025-04-21
12546,4512,Good,2024-10-08
12547,10541,Needs Improvement,2025-06-20
12548,16623,Average,2025-03-18
12549,16691,Good,2025-03-29
12550,13623,Excellent,2025-04-07
12551,13081,Needs Improvement,2025-03-13
12552,14590,Good,2024-12-31
12553,10683,Good,2024-07-26
12554,12121,Excellent,2024-12-17
12555,17770,Good,2024-09-23
12556,144,Average,2025-02-07
12557,16318,Excellent,2024-09-06
12558,10584,Excellent,2025-07-06
12559,16077,Average,2025-04-01
12560,5535,Needs Improvement,2025-06-15
12561,19977,Average,2025-03-24
12562,5161,Average,2024-08-06
12563,13196,Good,2025-07-02
12564,17695,Good,2024-12-25
12565,15031,Good,2024-11-25
12566,17519,Average,2024-08-26
12567,16533,Good,2025-03-01
12568,11903,Excellent,2025-01-13
12569,6365,Excellent,2024-11-02
12570,11951,Needs Improvement,2024-10-10
12571,1503,Needs Improvement,2025-06-03
12572,9850,Needs Improvement,2025-06-27
12573,17000,Average,2025-06-08
12574,15399,Excellent,2024-11-16
12575,18410,Average,2025-01-01
12576,14997,Average,2024-08-19
12577,18418,Good,2024-09-12
12578,14686,Excellent,2024-08-24
12579,5324,Needs Improvement,2025-05-19
12580,8340,Average,2025-02-12
12581,8966,Excellent,2025-04-09
12582,8429,Needs Improvement,2025-03-31
12583,16000,Good,2025-04-23
12584,15924,Excellent,2024-10-25
12585,13444,Good,2025-01-25
12586,9266,Excellent,2025-01-10
12587,4036,Excellent,2024-10-05
12588,18577,Good,2024-08-18
12589,19323,Needs Improvement,2024-11-10
12590,12759,Excellent,2025-05-31
12591,17633,Excellent,2025-03-29
12592,2882,Good,2025-04-21
12593,4031,Excellent,2025-05-29
12594,6546,Average,2025-02-09
12595,3303,Good,2024-11-22
12596,9042,Average,2024-12-30
12597,11844,Excellent,2024-10-05
12598,6384,Good,2025-03-23
12599,4540,Average,2024-11-13
12600,1499,Excellent,2025-04-05
12601,15997,Average,2024-07-12
12602,6632,Needs Improvement,2024-09-14
12603,11293,Excellent,2025-01-30
12604,18849,Average,2025-02-23
12605,1387,Good,2025-03-22
12606,1982,Excellent,2024-11-23
12607,15940,Needs Improvement,2024-11-22
12608,12046,Good,2024-12-19
12609,12072,Good,2025-06-17
12610,11741,Excellent,2025-02-19
12611,5895,Average,2024-12-20
12612,14774,Average,2025-06-07
12613,11461,Good,2024-11-11
12614,14812,Needs Improvement,2024-12-21
12615,4805,Good,2024-11-26
12616,3388,Good,2025-05-22
12617,14337,Excellent,2025-01-01
12618,8504,Needs Improvement,2024-11-29
12619,12794,Needs Improvement,2025-07-01
12620,4953,Good,2024-09-24
12621,632,Needs Improvement,2025-05-12
12622,12264,Average,2025-04-14
12623,2220,Good,2024-09-09
12624,11487,Needs Improvement,2025-03-04
12625,15924,Good,2025-05-11
12626,16542,Needs Improvement,2024-12-27
12627,15459,Average,2025-04-06
12628,4280,Excellent,2025-04-14
12629,18741,Needs Improvement,2024-07-10
12630,12670,Needs Improvement,2025-01-01
12631,2460,Good,2024-12-21
12632,5827,Needs Improvement,2024-10-27
12633,18403,Excellent,2024-11-23
12634,19080,Average,2025-06-09
12635,7199,Good,2024-08-31
12636,7944,Excellent,2025-03-18
12637,15839,Excellent,2025-04-10
12638,2528,Needs Improvement,2025-03-09
12639,15899,Average,2024-11-24
12640,17965,Good,2024-10-03
12641,9825,Needs Improvement,2025-02-19
12642,18507,Good,2024-09-03
12643,18175,Good,2024-10-14
12644,1115,Average,2025-05-01
12645,924,Needs Improvement,2025-05-04
12646,14178,Excellent,2025-05-19
12647,15096,Excellent,2024-09-13
12648,15220,Excellent,2025-05-24
12649,3231,Average,2024-08-09
12650,17283,Good,2024-12-03
12651,15286,Needs Improvement,2025-03-11
12652,12924,Excellent,2025-05-26
12653,415,Good,2025-04-23
12654,4738,Needs Improvement,2024-09-08
12655,1947,Excellent,2024-10-02
12656,14678,Average,2025-01-17
12657,312,Needs Improvement,2024-10-16
12658,14201,Needs Improvement,2025-03-22
12659,12485,Average,2024-08-30
12660,16565,Average,2024-08-02
12661,10710,Excellent,2024-10-27
12662,12255,Needs Improvement,2024-11-20
12663,14669,Average,2025-03-23
12664,6458,Excellent,2024-08-07
12665,8329,Excellent,2025-04-18
12666,12852,Average,2024-07-19
12667,10959,Needs Improvement,2025-04-27
12668,1245,Excellent,2024-07-16
12669,3805,Needs Improvement,2025-02-14
12670,9410,Excellent,2025-04-11
12671,19759,Excellent,2025-05-06
12672,2122,Excellent,2024-11-03
12673,8003,Good,2025-03-04
12674,3521,Excellent,2025-01-14
12675,13164,Good,2024-12-24
12676,13188,Average,2024-10-25
12677,19856,Average,2024-11-22
12678,13416,Excellent,2025-06-05
12679,5252,Average,2025-01-08
12680,13966,Good,2024-12-11
12681,6500,Good,2025-02-10
12682,12220,Needs Improvement,2024-07-19
12683,3904,Needs Improvement,2025-02-05
12684,10441,Excellent,2024-10-06
12685,7843,Good,2025-03-15
12686,13695,Needs Improvement,2024-08-10
12687,7302,Average,2025-03-27
12688,1605,Needs Improvement,2024-12-31
12689,149,Average,2024-12-16
12690,2621,Excellent,2024-08-13
12691,4181,Good,2024-08-29
12692,15475,Excellent,2025-01-04
12693,2784,Excellent,2024-12-15
12694,10774,Average,2024-11-01
12695,3283,Average,2024-10-17
12696,13169,Average,2024-07-31
12697,13972,Good,2024-10-24
12698,1987,Average,2024-09-06
12699,2102,Excellent,2024-11-29
12700,11248,Average,2025-05-29
12701,7720,Average,2025-01-07
12702,4260,Good,2024-07-24
12703,17487,Excellent,2025-06-12
12704,13342,Excellent,2025-05-10
12705,7660,Excellent,2025-01-30
12706,10370,Excellent,2025-06-14
12707,15726,Good,2024-12-22
12708,17757,Needs Improvement,2025-06-12
12709,9543,Needs Improvement,2025-04-02
12710,9636,Excellent,2024-08-22
12711,8361,Needs Improvement,2024-10-02
12712,17431,Good,2024-11-22
12713,11417,Needs Improvement,2025-02-26
12714,794,Excellent,2024-07-30
12715,19464,Good,2025-06-11
12716,17044,Excellent,2025-07-06
12717,428,Good,2024-09-28
12718,13017,Excellent,2024-08-06
12719,758,Good,2025-01-25
12720,14662,Needs Improvement,2024-12-06
12721,16970,Average,2024-12-06
12722,12660,Good,2024-10-29
12723,4498,Good,2024-08-29
12724,11779,Needs Improvement,2025-06-15
12725,18802,Average,2025-03-30
12726,19930,Good,2025-06-18
12727,9496,Needs Improvement,2024-11-19
12728,3236,Needs Improvement,2025-06-26
12729,9844,Average,2025-05-16
12730,7211,Average,2024-09-03
12731,7170,Needs Improvement,2024-08-27
12732,4813,Excellent,2024-10-18
12733,19298,Good,2024-08-08
12734,1554,Good,2025-05-27
12735,10633,Average,2024-08-05
12736,8404,Excellent,2024-10-02
12737,19421,Needs Improvement,2025-02-25
12738,4583,Excellent,2024-11-03
12739,11612,Needs Improvement,2025-02-02
12740,11255,Needs Improvement,2024-09-02
12741,11694,Needs Improvement,2025-01-31
12742,17194,Good,2024-10-23
12743,13174,Excellent,2025-01-19
12744,3472,Good,2025-05-09
12745,19488,Needs Improvement,2024-08-31
12746,16003,Needs Improvement,2024-11-17
12747,6615,Average,2024-10-12
12748,8487,Excellent,2024-12-06
12749,186,Needs Improvement,2025-05-17
12750,1754,Excellent,2024-09-20
12751,590,Good,2025-02-05
12752,1872,Good,2024-11-01
12753,9855,Excellent,2025-04-14
12754,1913,Excellent,2024-07-14
12755,11779,Excellent,2024-11-26
12756,18928,Needs Improvement,2024-08-02
12757,849,Needs Improvement,2025-03-22
12758,4543,Needs Improvement,2024-07-13
12759,8380,Good,2025-03-20
12760,4878,Average,2025-02-01
12761,10239,Good,2025-03-27
12762,14547,Average,2025-07-03
12763,414,Excellent,2024-08-06
12764,12887,Excellent,2024-08-26
12765,16283,Needs Improvement,2025-03-05
12766,14001,Needs Improvement,2024-12-30
12767,7285,Excellent,2025-06-24
12768,17757,Good,2025-03-29
12769,7620,Excellent,2025-01-02
12770,811,Average,2025-04-21
12771,9510,Good,2025-03-25
12772,6899,Excellent,2024-12-21
12773,4932,Good,2025-06-05
12774,4145,Excellent,2025-04-18
12775,5792,Average,2025-03-17
12776,11395,Average,2024-11-01
12777,1965,Good,2024-08-11
12778,5160,Good,2024-11-09
12779,9633,Good,2024-11-10
12780,9113,Needs Improvement,2024-12-21
12781,17865,Needs Improvement,2024-12-23
12782,13491,Excellent,2024-11-03
12783,15012,Excellent,2025-03-31
12784,7706,Good,2024-08-13
12785,1382,Good,2024-07-27
12786,18383,Average,2024-08-30
12787,9519,Needs Improvement,2025-03-19
12788,5636,Average,2025-03-30
12789,4756,Average,2025-07-03
12790,6242,Good,2024-10-11
12791,6139,Average,2025-01-11
12792,329,Needs Improvement,2024-10-09
12793,13203,Needs Improvement,2025-01-08
12794,11289,Excellent,2024-11-22
12795,5718,Excellent,2025-05-03
12796,6401,Excellent,2025-06-08
12797,18679,Excellent,2025-04-18
12798,8160,Average,2024-09-02
12799,8706,Excellent,2024-07-20
12800,1394,Needs Improvement,2024-12-22
12801,19985,Needs Improvement,2025-05-05
12802,16905,Excellent,2024-10-24
12803,18765,Good,2024-09-18
12804,11598,Excellent,2025-02-07
12805,7929,Needs Improvement,2025-02-06
12806,18225,Needs Improvement,2024-07-14
12807,15353,Good,2024-12-30
12808,18559,Excellent,2024-08-31
12809,4459,Excellent,2024-09-19
12810,13634,Needs Improvement,2025-02-08
12811,1009,Needs Improvement,2024-07-30
12812,14956,Excellent,2025-04-26
12813,16388,Needs Improvement,2024-09-15
12814,16428,Excellent,2025-06-22
12815,19501,Good,2025-03-15
12816,17623,Excellent,2024-07-24
12817,2158,Good,2025-03-24
12818,3805,Needs Improvement,2024-08-04
12819,18229,Needs Improvement,2024-12-24
12820,8301,Average,2025-02-25
12821,19128,Average,2025-05-14
12822,3347,Good,2024-12-24
12823,50,Excellent,2024-07-31
12824,12357,Average,2025-02-24
12825,12071,Excellent,2024-12-19
12826,16846,Excellent,2025-06-18
12827,9509,Average,2025-02-09
12828,7547,Excellent,2025-07-01
12829,13660,Good,2025-05-27
12830,992,Excellent,2025-06-12
12831,18213,Good,2025-04-18
12832,14670,Good,2025-05-18
12833,7392,Excellent,2025-05-12
12834,18310,Good,2025-02-15
12835,14877,Good,2025-01-20
12836,12149,Needs Improvement,2025-06-12
12837,18609,Good,2024-09-15
12838,13475,Excellent,2025-03-07
12839,16699,Good,2025-03-11
12840,11426,Excellent,2025-06-11
12841,1087,Average,2024-11-25
12842,6555,Average,2024-09-11
12843,16522,Average,2024-08-05
12844,16919,Needs Improvement,2025-06-17
12845,1577,Excellent,2025-03-20
12846,9625,Excellent,2024-08-03
12847,8537,Good,2024-12-14
12848,18291,Excellent,2025-05-11
12849,13967,Needs Improvement,2024-11-30
12850,13837,Good,2024-10-08
12851,1830,Excellent,2025-04-15
12852,18502,Excellent,2025-02-20
12853,4212,Needs Improvement,2024-07-24
12854,17197,Needs Improvement,2025-03-11
12855,11955,Good,2025-05-15
12856,8270,Average,2025-04-26
12857,6294,Good,2025-03-09
12858,186,Excellent,2024-11-10
12859,10010,Good,2025-05-27
12860,10826,Average,2024-10-13
12861,11244,Average,2024-12-19
12862,12194,Average,2024-07-25
12863,14745,Excellent,2025-02-22
12864,5622,Excellent,2025-07-06
12865,1186,Average,2025-02-27
12866,2818,Good,2024-12-04
12867,16460,Excellent,2024-12-26
12868,15460,Needs Improvement,2024-12-26
12869,6425,Excellent,2025-06-01
12870,199,Average,2024-11-23
12871,12305,Needs Improvement,2024-12-10
12872,6198,Good,2024-07-31
12873,15515,Excellent,2025-01-18
12874,13210,Good,2024-08-20
12875,18410,Average,2024-11-15
12876,6296,Good,2025-03-13
12877,16685,Needs Improvement,2025-03-08
12878,12584,Needs Improvement,2025-01-06
12879,2869,Excellent,2024-07-12
12880,14506,Average,2024-10-23
12881,2881,Average,2025-03-18
12882,11210,Excellent,2025-01-03
12883,6666,Excellent,2024-12-13
12884,19223,Needs Improvement,2025-04-29
12885,6678,Needs Improvement,2025-06-18
12886,4185,Good,2024-07-10
12887,11333,Excellent,2025-01-14
12888,5326,Good,2024-09-29
12889,3938,Excellent,2024-08-27
12890,4324,Good,2024-12-12
12891,3444,Excellent,2024-11-13
12892,3631,Average,2025-01-20
12893,11654,Good,2025-05-07
12894,2309,Excellent,2024-10-27
12895,8095,Good,2024-10-25
12896,5498,Excellent,2025-05-02
12897,636,Good,2025-03-24
12898,1938,Excellent,2024-12-12
12899,4705,Average,2024-11-01
12900,1428,Average,2025-01-01
12901,11935,Average,2025-05-05
12902,10365,Excellent,2025-04-20
12903,9220,Good,2024-12-29
12904,3272,Average,2024-09-03
12905,19400,Needs Improvement,2025-02-28
12906,17460,Good,2025-06-29
12907,1973,Good,2025-01-02
12908,6140,Needs Improvement,2024-07-19
12909,11240,Needs Improvement,2025-03-25
12910,234,Good,2025-06-07
12911,6715,Average,2025-01-14
12912,13145,Good,2025-04-23
12913,50,Excellent,2025-06-17
12914,11954,Excellent,2024-12-31
12915,6414,Excellent,2024-12-12
12916,7465,Average,2025-06-20
12917,7571,Average,2025-04-20
12918,7154,Average,2025-04-16
12919,13709,Needs Improvement,2024-12-03
12920,1399,Excellent,2025-05-06
12921,8976,Needs Improvement,2025-02-24
12922,7030,Needs Improvement,2025-04-19
12923,4253,Excellent,2025-01-09
12924,11767,Excellent,2025-06-01
12925,3159,Average,2025-06-11
12926,9366,Average,2025-05-15
12927,14186,Good,2025-04-04
12928,6599,Average,2024-11-10
12929,13251,Needs Improvement,2025-01-11
12930,16331,Good,2024-07-09
12931,2885,Good,2024-10-31
12932,15967,Good,2025-04-23
12933,7716,Needs Improvement,2024-08-20
12934,13642,Good,2024-09-13
12935,10407,Excellent,2025-03-08
12936,15269,Average,2024-07-26
12937,10855,Good,2025-05-04
12938,8048,Needs Improvement,2025-06-21
12939,9310,Excellent,2025-02-26
12940,4740,Excellent,2025-02-03
12941,13258,Excellent,2024-07-10
12942,16526,Average,2025-05-11
12943,7272,Good,2025-02-28
12944,18299,Excellent,2025-07-06
12945,9887,Excellent,2025-05-04
12946,8551,Needs Improvement,2025-05-22
12947,19358,Needs Improvement,2025-05-21
12948,4247,Average,2025-04-28
12949,841,Excellent,2025-02-18
12950,14045,Average,2025-02-09
12951,13481,Excellent,2024-10-06
12952,16549,Excellent,2024-08-01
12953,12328,Good,2025-02-16
12954,17912,Excellent,2025-06-25
12955,3388,Excellent,2025-04-15
12956,11000,Excellent,2024-09-22
12957,7408,Excellent,2025-02-11
12958,18780,Excellent,2025-04-27
12959,2259,Good,2025-01-15
12960,1710,Needs Improvement,2025-03-19
12961,1353,Needs Improvement,2025-02-03
12962,2105,Needs Improvement,2025-06-10
12963,10977,Excellent,2025-06-25
12964,3993,Excellent,2024-10-26
12965,16709,Good,2024-10-29
12966,13669,Average,2024-08-02
12967,15634,Average,2024-08-17
12968,13961,Excellent,2024-12-12
12969,18817,Good,2025-06-07
12970,17305,Good,2024-08-01
12971,13869,Needs Improvement,2025-01-02
12972,15585,Needs Improvement,2024-10-17
12973,3521,Needs Improvement,2025-03-22
12974,14357,Good,2024-11-25
12975,8914,Good,2024-08-09
12976,16159,Excellent,2025-03-31
12977,246,Average,2024-07-19
12978,104,Average,2025-04-19
12979,17343,Good,2025-02-11
12980,430,Excellent,2025-03-30
12981,19274,Good,2025-06-07
12982,13927,Needs Improvement,2024-07-11
12983,14697,Good,2025-04-11
12984,3532,Good,2024-08-02
12985,13161,Needs Improvement,2025-03-30
12986,7283,Average,2025-02-12
12987,18220,Average,2024-08-14
12988,10354,Needs Improvement,2025-02-22
12989,4335,Average,2025-04-25
12990,8758,Good,2025-01-01
12991,18663,Excellent,2025-05-27
12992,8893,Needs Improvement,2024-10-17
12993,13449,Good,2024-08-26
12994,16299,Needs Improvement,2025-01-02
12995,17635,Needs Improvement,2025-01-24
12996,7326,Good,2024-08-17
12997,16524,Excellent,2025-06-02
12998,3250,Needs Improvement,2024-08-17
12999,3211,Good,2024-12-31
13000,17113,Average,2024-10-22
13001,9633,Needs Improvement,2024-08-11
13002,15497,Good,2025-06-05
13003,17686,Needs Improvement,2025-04-09
13004,5761,Good,2025-01-17
13005,14855,Good,2024-08-08
13006,3559,Good,2025-03-07
13007,14324,Average,2024-08-19
13008,11863,Needs Improvement,2024-11-20
13009,3952,Excellent,2025-01-31
13010,7263,Needs Improvement,2025-04-18
13011,8278,Excellent,2025-05-01
13012,19560,Average,2025-04-18
13013,6347,Average,2025-04-19
13014,8568,Average,2025-07-02
13015,3649,Good,2025-03-21
13016,4229,Excellent,2025-05-15
13017,6060,Needs Improvement,2024-09-24
13018,6599,Good,2025-03-19
13019,19441,Average,2024-12-25
13020,14599,Good,2024-09-30
13021,17205,Average,2024-08-22
13022,15708,Average,2025-02-14
13023,6095,Excellent,2024-12-16
13024,11774,Needs Improvement,2025-02-24
13025,2233,Needs Improvement,2024-10-21
13026,19497,Needs Improvement,2024-07-28
13027,7042,Average,2024-12-31
13028,12234,Average,2025-01-09
13029,10115,Needs Improvement,2025-05-19
13030,656,Average,2024-10-23
13031,19997,Good,2025-04-05
13032,15301,Good,2024-11-10
13033,3862,Good,2024-08-02
13034,6046,Good,2024-12-29
13035,12216,Good,2025-05-20
13036,4585,Good,2025-06-04
13037,11048,Needs Improvement,2024-11-22
13038,9558,Good,2024-12-06
13039,11488,Average,2025-05-06
13040,14607,Needs Improvement,2024-10-09
13041,16058,Needs Improvement,2025-05-04
13042,8914,Excellent,2025-04-28
13043,2948,Average,2024-10-28
13044,1768,Excellent,2024-08-09
13045,2026,Good,2024-12-17
13046,13597,Excellent,2025-03-15
13047,7219,Excellent,2025-04-26
13048,3534,Excellent,2025-02-25
13049,13487,Good,2025-05-26
13050,14543,Excellent,2024-07-14
13051,1340,Needs Improvement,2025-05-19
13052,8455,Needs Improvement,2025-05-26
13053,16655,Needs Improvement,2024-10-03
13054,17229,Needs Improvement,2025-07-01
13055,9850,Excellent,2024-10-05
13056,17482,Excellent,2024-07-20
13057,2787,Average,2024-11-01
13058,13877,Good,2025-04-24
13059,17860,Average,2025-03-07
13060,9807,Average,2024-09-24
13061,17800,Average,2024-11-03
13062,18087,Good,2024-07-23
13063,2902,Excellent,2024-12-24
13064,5918,Good,2025-03-08
13065,18390,Excellent,2025-05-03
13066,11049,Excellent,2024-08-01
13067,19035,Good,2024-10-17
13068,14760,Average,2025-01-03
13069,19830,Excellent,2024-09-09
13070,789,Excellent,2024-08-30
13071,16601,Average,2025-05-08
13072,11679,Excellent,2025-06-22
13073,13911,Average,2025-02-10
13074,17841,Needs Improvement,2025-02-22
13075,19683,Excellent,2025-05-24
13076,6688,Excellent,2024-07-27
13077,13664,Good,2024-09-11
13078,7477,Excellent,2024-10-02
13079,7583,Excellent,2024-09-30
13080,4120,Good,2025-03-30
13081,16683,Excellent,2024-11-15
13082,19224,Needs Improvement,2024-12-29
13083,6173,Excellent,2024-10-20
13084,1688,Good,2024-09-14
13085,11945,Needs Improvement,2024-12-20
13086,1481,Good,2024-08-30
13087,10562,Needs Improvement,2025-06-02
13088,524,Good,2024-07-30
13089,3765,Good,2024-09-03
13090,4128,Needs Improvement,2024-10-01
13091,17430,Excellent,2025-05-01
13092,6663,Needs Improvement,2024-12-05
13093,13256,Excellent,2024-11-18
13094,17661,Good,2025-01-28
13095,18040,Excellent,2025-03-17
13096,9044,Good,2024-09-25
13097,14054,Average,2024-11-21
13098,8565,Average,2025-03-18
13099,1511,Good,2024-08-03
13100,16243,Needs Improvement,2025-03-04
13101,11110,Needs Improvement,2025-04-22
13102,12523,Good,2024-09-04
13103,5104,Average,2025-06-09
13104,13952,Excellent,2025-03-29
13105,1013,Good,2025-03-28
13106,17075,Excellent,2025-02-01
13107,11122,Needs Improvement,2024-11-18
13108,11549,Excellent,2024-07-19
13109,7385,Needs Improvement,2024-11-07
13110,17877,Needs Improvement,2025-06-23
13111,14682,Average,2024-09-26
13112,2780,Excellent,2024-08-28
13113,14557,Average,2025-03-12
13114,16175,Excellent,2025-01-12
13115,18492,Average,2024-10-09
13116,11660,Needs Improvement,2024-08-25
13117,11001,Average,2024-11-02
13118,3768,Needs Improvement,2024-08-08
13119,3156,Average,2024-08-25
13120,9287,Excellent,2025-03-07
13121,16093,Excellent,2024-10-26
13122,6604,Good,2025-02-26
13123,14079,Needs Improvement,2025-02-25
13124,11697,Good,2024-12-08
13125,14171,Good,2025-01-31
13126,15891,Average,2025-03-24
13127,3883,Good,2025-06-24
13128,11763,Needs Improvement,2025-04-25
13129,9512,Needs Improvement,2024-08-13
13130,10389,Needs Improvement,2024-11-18
13131,12052,Excellent,2025-06-13
13132,4726,Needs Improvement,2024-11-24
13133,12165,Needs Improvement,2024-09-20
13134,4347,Average,2025-06-30
13135,12290,Excellent,2024-09-11
13136,13792,Excellent,2025-06-12
13137,9469,Needs Improvement,2025-02-01
13138,9253,Average,2024-08-23
13139,1732,Good,2024-12-20
13140,6597,Good,2025-02-01
13141,13391,Excellent,2025-02-21
13142,17557,Good,2025-04-03
13143,5429,Average,2025-06-01
13144,15433,Needs Improvement,2025-05-08
13145,11994,Needs Improvement,2024-09-07
13146,12379,Average,2025-05-12
13147,5871,Needs Improvement,2024-08-12
13148,12046,Excellent,2025-02-21
13149,3053,Needs Improvement,2024-12-29
13150,19522,Excellent,2025-06-22
13151,14508,Average,2024-12-28
13152,16923,Needs Improvement,2025-03-31
13153,4458,Good,2024-12-19
13154,12698,Average,2025-04-24
13155,1411,Excellent,2024-09-13
13156,1373,Excellent,2024-10-10
13157,11810,Needs Improvement,2024-11-10
13158,6986,Excellent,2024-12-18
13159,11717,Good,2025-01-23
13160,11730,Good,2024-09-22
13161,10876,Average,2025-02-21
13162,3354,Good,2025-07-05
13163,12498,Average,2025-04-02
13164,3886,Excellent,2025-06-14
13165,7755,Good,2024-10-03
13166,8344,Needs Improvement,2025-05-28
13167,10715,Average,2024-11-26
13168,724,Needs Improvement,2024-12-23
13169,13060,Good,2024-09-02
13170,19296,Average,2025-05-23
13171,10808,Needs Improvement,2025-06-04
13172,2822,Average,2024-12-01
13173,18390,Good,2024-12-19
13174,11152,Needs Improvement,2025-05-30
13175,10034,Needs Improvement,2024-11-30
13176,17631,Excellent,2024-12-03
13177,19960,Excellent,2025-06-27
13178,19008,Excellent,2025-05-24
13179,15416,Good,2024-07-14
13180,7254,Excellent,2025-04-29
13181,18111,Average,2025-05-02
13182,10811,Good,2025-05-21
13183,11447,Needs Improvement,2024-10-20
13184,4502,Good,2024-09-08
13185,7713,Excellent,2024-10-22
13186,16589,Excellent,2025-06-07
13187,7711,Needs Improvement,2025-01-22
13188,3242,Needs Improvement,2024-08-29
13189,12468,Good,2024-11-05
13190,1872,Needs Improvement,2025-06-10
13191,10005,Excellent,2024-11-07
13192,6932,Excellent,2024-08-10
13193,12656,Average,2024-08-23
13194,16320,Needs Improvement,2025-05-15
13195,4294,Needs Improvement,2024-10-05
13196,1613,Excellent,2024-11-10
13197,558,Excellent,2024-10-24
13198,9520,Excellent,2024-12-29
13199,9344,Good,2025-03-08
13200,6696,Average,2025-02-16
13201,5270,Needs Improvement,2025-03-09
13202,13848,Excellent,2024-09-27
13203,17529,Excellent,2025-02-10
13204,2450,Needs Improvement,2024-12-09
13205,7289,Good,2025-07-03
13206,18664,Average,2025-03-25
13207,536,Needs Improvement,2024-10-16
13208,12533,Needs Improvement,2024-11-18
13209,7749,Needs Improvement,2024-09-29
13210,10037,Average,2025-01-30
13211,19944,Average,2024-07-14
13212,9611,Average,2025-01-03
13213,5491,Good,2025-03-05
13214,415,Good,2025-05-14
13215,6650,Average,2024-11-06
13216,3946,Needs Improvement,2025-07-06
13217,16744,Needs Improvement,2024-11-09
13218,5256,Needs Improvement,2025-02-02
13219,2429,Needs Improvement,2025-05-06
13220,11792,Average,2024-07-11
13221,16740,Needs Improvement,2024-08-05
13222,18102,Average,2025-03-10
13223,15965,Good,2025-04-02
13224,18365,Average,2024-12-10
13225,19738,Needs Improvement,2024-07-06
13226,12570,Needs Improvement,2024-12-18
13227,14236,Excellent,2025-06-12
13228,16107,Needs Improvement,2024-12-03
13229,427,Excellent,2025-01-03
13230,12943,Average,2025-03-21
13231,115,Needs Improvement,2025-07-03
13232,12597,Excellent,2025-02-23
13233,2302,Needs Improvement,2025-04-03
13234,18580,Average,2025-03-11
13235,11486,Good,2024-11-06
13236,8783,Good,2024-09-24
13237,15667,Average,2025-05-16
13238,7187,Needs Improvement,2024-08-18
13239,11211,Excellent,2024-12-14
13240,19881,Average,2024-12-20
13241,4926,Needs Improvement,2024-08-02
13242,18379,Good,2024-10-18
13243,9367,Needs Improvement,2024-11-28
13244,12396,Average,2025-01-01
13245,676,Good,2025-03-02
13246,9400,Needs Improvement,2025-02-06
13247,10168,Good,2025-01-28
13248,18475,Average,2025-05-29
13249,1857,Average,2025-07-05
13250,585,Good,2025-04-01
13251,19888,Good,2024-11-04
13252,8880,Good,2025-01-20
13253,5459,Needs Improvement,2024-12-17
13254,2180,Good,2025-05-23
13255,8712,Average,2024-12-21
13256,17649,Excellent,2025-04-03
13257,12318,Excellent,2025-01-16
13258,8013,Excellent,2025-03-28
13259,16853,Needs Improvement,2024-09-23
13260,11688,Excellent,2024-08-23
13261,13233,Needs Improvement,2025-01-13
13262,7251,Excellent,2025-01-18
13263,13780,Needs Improvement,2024-07-12
13264,19483,Excellent,2025-01-10
13265,14393,Excellent,2025-01-22
13266,19438,Average,2025-01-23
13267,14697,Average,2025-06-14
13268,9710,Average,2025-05-11
13269,2473,Average,2025-06-13
13270,11045,Excellent,2025-01-30
13271,3786,Good,2024-10-31
13272,3257,Good,2024-12-09
13273,13174,Excellent,2024-10-27
13274,9129,Excellent,2025-03-24
13275,15446,Needs Improvement,2024-11-10
13276,6979,Good,2024-12-25
13277,3842,Average,2024-09-23
13278,2129,Average,2025-06-19
13279,2383,Needs Improvement,2025-01-06
13280,5788,Average,2025-01-13
13281,16303,Good,2025-02-03
13282,17863,Good,2025-03-17
13283,8475,Average,2025-03-10
13284,6601,Excellent,2024-11-20
13285,3312,Needs Improvement,2024-10-27
13286,8769,Average,2024-12-06
13287,5709,Good,2025-03-15
13288,11845,Needs Improvement,2024-09-05
13289,7116,Good,2025-03-17
13290,2075,Average,2024-07-22
13291,15702,Good,2024-11-21
13292,4491,Needs Improvement,2025-06-28
13293,12727,Good,2024-07-15
13294,17082,Excellent,2025-02-14
13295,1164,Excellent,2025-06-27
13296,5755,Needs Improvement,2024-07-21
13297,18669,Good,2024-11-13
13298,1257,Excellent,2025-04-20
13299,782,Good,2024-10-06
13300,3659,Average,2025-04-18
13301,3682,Average,2025-05-25
13302,6062,Needs Improvement,2025-07-04
13303,4809,Excellent,2025-05-31
13304,6452,Excellent,2025-01-01
13305,7562,Excellent,2025-02-11
13306,12748,Excellent,2025-06-05
13307,5735,Average,2025-04-24
13308,10485,Good,2025-01-30
13309,7982,Average,2025-04-02
13310,2288,Needs Improvement,2025-06-06
13311,2522,Needs Improvement,2024-10-18
13312,8557,Excellent,2024-07-11
13313,3505,Good,2024-09-08
13314,13214,Average,2024-10-30
13315,10035,Average,2024-12-19
13316,3819,Good,2024-08-20
13317,8544,Excellent,2025-06-04
13318,19336,Average,2025-02-26
13319,13893,Excellent,2024-10-23
13320,18085,Excellent,2024-11-24
13321,18281,Excellent,2025-02-22
13322,5534,Excellent,2024-11-25
13323,7091,Average,2024-12-13
13324,1996,Good,2025-04-09
13325,1448,Needs Improvement,2025-01-29
13326,2779,Average,2025-06-19
13327,13382,Good,2025-03-09
13328,8893,Needs Improvement,2025-05-17
13329,14693,Excellent,2024-12-20
13330,11993,Needs Improvement,2025-05-30
13331,11146,Average,2024-09-20
13332,3534,Excellent,2024-11-24
13333,6078,Average,2025-03-25
13334,13085,Good,2024-11-15
13335,1455,Good,2025-04-23
13336,9987,Needs Improvement,2025-03-28
13337,16781,Good,2025-04-25
13338,13890,Excellent,2025-04-09
13339,16538,Average,2024-10-12
13340,17035,Average,2024-12-16
13341,8102,Excellent,2024-07-16
13342,1715,Good,2024-08-22
13343,19232,Excellent,2024-09-26
13344,18373,Average,2024-11-12
13345,6646,Needs Improvement,2025-02-10
13346,3886,Excellent,2024-07-17
13347,5693,Good,2025-03-10
13348,15220,Good,2024-12-27
13349,1108,Average,2025-04-28
13350,14144,Good,2025-05-25
13351,10093,Good,2025-02-13
13352,6400,Good,2024-09-23
13353,14548,Good,2025-05-20
13354,19361,Needs Improvement,2025-04-12
13355,4737,Needs Improvement,2024-10-24
13356,12252,Average,2024-09-07
13357,1007,Excellent,2025-05-29
13358,7198,Average,2025-01-18
13359,16658,Excellent,2025-05-18
13360,11377,Needs Improvement,2024-10-25
13361,10388,Average,2024-09-20
13362,6247,Average,2024-10-16
13363,17606,Average,2025-02-12
13364,15333,Excellent,2025-03-29
13365,17255,Average,2025-03-24
13366,7145,Excellent,2025-01-09
13367,19805,Needs Improvement,2024-11-22
13368,15715,Average,2025-05-17
13369,11218,Average,2025-02-16
13370,19139,Average,2025-03-29
13371,4102,Good,2025-05-25
13372,3335,Average,2025-03-16
13373,18473,Average,2024-12-25
13374,7520,Good,2025-03-03
13375,5198,Good,2025-07-05
13376,4728,Good,2025-06-25
13377,3175,Needs Improvement,2024-07-19
13378,6579,Excellent,2024-10-30
13379,4063,Excellent,2024-08-17
13380,11185,Good,2024-11-08
13381,1385,Good,2025-06-25
13382,11934,Average,2024-07-12
13383,4678,Average,2024-11-30
13384,10433,Excellent,2024-10-31
13385,5587,Excellent,2025-04-24
13386,1021,Good,2025-05-25
13387,737,Excellent,2024-10-25
13388,1465,Good,2024-07-13
13389,13214,Good,2024-08-10
13390,4774,Good,2025-02-02
13391,15736,Average,2025-02-14
13392,6631,Good,2025-01-17
13393,19824,Excellent,2025-01-04
13394,11301,Excellent,2025-04-11
13395,9552,Excellent,2024-11-22
13396,4975,Needs Improvement,2024-10-16
13397,16580,Good,2025-03-03
13398,18872,Excellent,2024-09-19
13399,19116,Good,2025-05-30
13400,7629,Average,2024-12-18
13401,10018,Needs Improvement,2024-10-26
13402,1484,Average,2025-04-01
13403,15283,Average,2024-09-23
13404,15205,Excellent,2024-10-06
13405,7740,Good,2025-04-13
13406,7733,Excellent,2024-11-06
13407,13619,Good,2024-12-15
13408,15821,Good,2025-02-17
13409,3220,Excellent,2025-06-21
13410,11182,Average,2024-12-26
13411,19604,Excellent,2025-02-12
13412,7800,Excellent,2024-12-06
13413,251,Average,2024-09-18
13414,6336,Average,2024-09-22
13415,7746,Good,2025-05-08
13416,2714,Average,2025-03-18
13417,11688,Good,2025-03-06
13418,8158,Needs Improvement,2024-10-26
13419,7083,Needs Improvement,2024-11-28
13420,15740,Needs Improvement,2025-06-07
13421,15244,Average,2024-12-23
13422,16418,Average,2025-04-04
13423,18171,Average,2024-09-02
13424,763,Needs Improvement,2025-03-03
13425,13531,Good,2024-07-29
13426,19014,Good,2024-08-19
13427,6247,Needs Improvement,2025-04-29
13428,8723,Excellent,2025-03-06
13429,10880,Needs Improvement,2024-10-30
13430,6897,Good,2024-12-26
13431,18348,Needs Improvement,2024-12-10
13432,18623,Needs Improvement,2024-09-02
13433,3740,Excellent,2024-11-09
13434,13469,Good,2025-01-26
13435,18850,Excellent,2024-07-18
13436,10207,Excellent,2024-08-23
13437,6256,Excellent,2025-01-07
13438,18459,Average,2024-07-31
13439,3072,Excellent,2024-12-10
13440,5032,Average,2025-01-03
13441,16269,Needs Improvement,2024-10-29
13442,19314,Good,2025-07-02
13443,18326,Good,2025-04-11
13444,7063,Excellent,2025-02-11
13445,12244,Excellent,2024-08-29
13446,3165,Average,2024-09-13
13447,7106,Excellent,2025-06-13
13448,16528,Needs Improvement,2024-09-27
13449,14854,Excellent,2025-05-21
13450,3006,Needs Improvement,2024-10-14
13451,13915,Good,2024-07-27
13452,13460,Average,2025-01-23
13453,12032,Good,2025-02-24
13454,6272,Excellent,2025-02-16
13455,8120,Excellent,2024-10-19
13456,17680,Average,2024-07-23
13457,4782,Needs Improvement,2025-05-20
13458,14837,Good,2024-11-10
13459,3360,Average,2025-04-15
13460,6587,Needs Improvement,2025-01-27
13461,19358,Excellent,2025-03-12
13462,16961,Average,2025-03-06
13463,11324,Average,2024-12-04
13464,14101,Good,2024-09-30
13465,19037,Good,2025-05-22
13466,6020,Good,2024-09-23
13467,14438,Needs Improvement,2025-06-12
13468,5426,Needs Improvement,2025-06-15
13469,15916,Average,2024-07-16
13470,121,Needs Improvement,2024-09-29
13471,19551,Average,2025-01-24
13472,4714,Needs Improvement,2024-11-28
13473,3606,Needs Improvement,2024-10-15
13474,12225,Average,2024-08-02
13475,7306,Average,2024-12-26
13476,6971,Excellent,2024-12-22
13477,740,Average,2024-10-09
13478,9395,Average,2024-09-08
13479,11882,Average,2024-08-09
13480,1349,Needs Improvement,2024-07-18
13481,13765,Needs Improvement,2024-09-29
13482,18367,Good,2024-11-13
13483,14532,Needs Improvement,2025-01-09
13484,63,Average,2024-11-24
13485,13744,Excellent,2025-03-26
13486,3889,Needs Improvement,2025-05-29
13487,18090,Average,2025-06-30
13488,14869,Needs Improvement,2024-07-20
13489,7792,Needs Improvement,2025-05-25
13490,10763,Average,2024-12-03
13491,13063,Average,2025-03-12
13492,7536,Excellent,2024-10-12
13493,7988,Good,2024-12-12
13494,17675,Excellent,2024-10-18
13495,17454,Good,2025-06-13
13496,18238,Good,2024-10-20
13497,426,Average,2024-09-25
13498,8024,Excellent,2025-01-04
13499,5259,Good,2024-09-29
13500,4666,Good,2024-09-14
13501,3446,Average,2025-02-20
13502,969,Needs Improvement,2025-03-18
13503,13642,Excellent,2024-10-24
13504,19145,Needs Improvement,2025-05-14
13505,9275,Good,2025-03-07
13506,10433,Needs Improvement,2025-02-27
13507,13728,Average,2024-07-29
13508,13159,Good,2024-07-22
13509,10373,Average,2024-12-07
13510,1767,Average,2024-12-21
13511,1214,Excellent,2024-09-24
13512,16890,Excellent,2025-01-31
13513,5490,Average,2024-11-24
13514,8319,Good,2024-12-02
13515,8084,Excellent,2025-06-30
13516,7377,Average,2025-01-17
13517,8699,Needs Improvement,2024-08-15
13518,19613,Excellent,2025-04-03
13519,19082,Needs Improvement,2024-07-15
13520,8772,Average,2024-08-04
13521,15516,Excellent,2025-03-31
13522,5546,Excellent,2025-05-08
13523,12472,Needs Improvement,2024-07-08
13524,19602,Needs Improvement,2024-12-30
13525,18308,Needs Improvement,2025-02-02
13526,8314,Average,2024-07-18
13527,7532,Needs Improvement,2025-06-12
13528,2006,Needs Improvement,2025-05-25
13529,10906,Excellent,2024-11-09
13530,725,Needs Improvement,2024-08-24
13531,19589,Good,2025-04-01
13532,16628,Average,2025-07-01
13533,9507,Average,2024-09-09
13534,16773,Good,2025-05-28
13535,2328,Excellent,2025-04-22
13536,15713,Average,2025-02-04
13537,10839,Good,2025-06-06
13538,11635,Good,2024-10-03
13539,2914,Average,2025-02-03
13540,5725,Good,2024-07-09
13541,7090,Average,2025-04-25
13542,8251,Good,2025-03-24
13543,19393,Excellent,2024-07-27
13544,4029,Average,2025-02-16
13545,15331,Excellent,2024-12-13
13546,15619,Needs Improvement,2024-11-13
13547,15837,Average,2025-02-21
13548,1479,Average,2024-10-28
13549,18059,Excellent,2024-12-04
13550,1234,Needs Improvement,2025-02-18
13551,18880,Good,2024-07-18
13552,14207,Needs Improvement,2025-01-25
13553,4373,Average,2025-07-04
13554,4599,Good,2024-08-02
13555,2554,Good,2024-08-04
13556,7082,Average,2025-03-05
13557,12128,Excellent,2024-11-25
13558,15538,Excellent,2025-06-07
13559,15056,Excellent,2024-10-20
13560,10706,Excellent,2025-01-08
13561,12949,Good,2024-08-03
13562,3145,Average,2025-05-23
13563,11312,Average,2024-10-05
13564,4719,Average,2024-12-01
13565,8791,Needs Improvement,2024-07-14
13566,14533,Needs Improvement,2025-03-05
13567,4740,Average,2024-12-16
13568,7647,Needs Improvement,2024-12-18
13569,16575,Excellent,2025-02-10
13570,7793,Average,2024-09-30
13571,17556,Excellent,2024-08-26
13572,12160,Excellent,2024-07-16
13573,12162,Excellent,2024-11-07
13574,9652,Good,2025-04-01
13575,18154,Excellent,2024-10-30
13576,17418,Average,2024-07-16
13577,9503,Needs Improvement,2024-12-10
13578,5221,Needs Improvement,2025-05-19
13579,12246,Needs Improvement,2025-02-10
13580,7811,Average,2024-08-03
13581,15838,Good,2025-02-01
13582,6445,Excellent,2025-04-22
13583,3962,Good,2025-07-03
13584,10250,Excellent,2025-02-09
13585,11536,Needs Improvement,2024-11-15
13586,15587,Average,2025-02-09
13587,10321,Needs Improvement,2024-11-28
13588,16303,Excellent,2025-04-11
13589,162,Average,2025-02-20
13590,12350,Excellent,2025-03-25
13591,16662,Needs Improvement,2025-01-14
13592,8101,Excellent,2024-10-26
13593,7935,Needs Improvement,2025-01-11
13594,14324,Excellent,2025-01-22
13595,18576,Excellent,2025-02-05
13596,7300,Excellent,2024-11-22
13597,19509,Good,2024-11-18
13598,6234,Average,2024-09-05
13599,5553,Good,2024-12-27
13600,14948,Good,2025-01-15
13601,18324,Good,2025-02-12
13602,16363,Excellent,2025-03-26
13603,10735,Needs Improvement,2025-01-13
13604,14019,Excellent,2024-08-18
13605,4726,Needs Improvement,2025-04-21
13606,9923,Needs Improvement,2025-03-21
13607,18731,Needs Improvement,2024-12-15
13608,6643,Needs Improvement,2025-04-18
13609,7419,Good,2024-09-14
13610,17094,Needs Improvement,2024-10-30
13611,6732,Good,2025-06-25
13612,1491,Excellent,2025-06-30
13613,13810,Good,2024-07-16
13614,16848,Needs Improvement,2024-10-30
13615,13602,Good,2024-11-11
13616,3597,Good,2024-08-12
13617,1448,Needs Improvement,2025-06-14
13618,9850,Average,2025-05-31
13619,9451,Excellent,2025-04-15
13620,5474,Excellent,2024-11-25
13621,7595,Needs Improvement,2025-04-04
13622,6600,Good,2025-04-16
13623,10837,Good,2025-04-30
13624,15617,Excellent,2025-02-18
13625,18142,Average,2024-12-03
13626,19641,Excellent,2024-07-11
13627,10306,Excellent,2024-09-27
13628,15003,Excellent,2025-05-30
13629,13898,Average,2024-09-22
13630,16628,Excellent,2025-05-23
13631,9174,Good,2024-08-03
13632,6014,Excellent,2024-10-01
13633,19011,Good,2024-07-17
13634,8819,Excellent,2024-10-31
13635,11409,Needs Improvement,2024-11-24
13636,17376,Excellent,2024-10-20
13637,11505,Average,2025-03-12
13638,18144,Average,2025-05-23
13639,1513,Average,2025-04-26
13640,2641,Excellent,2024-10-01
13641,7573,Average,2024-08-25
13642,12845,Needs Improvement,2024-07-23
13643,5201,Average,2025-05-17
13644,12528,Excellent,2025-03-07
13645,9427,Average,2025-01-11
13646,10509,Excellent,2024-11-04
13647,7062,Needs Improvement,2025-05-06
13648,845,Needs Improvement,2025-01-20
13649,6903,Average,2024-07-17
13650,6496,Good,2024-11-18
13651,3759,Good,2025-04-11
13652,956,Excellent,2024-09-05
13653,12648,Excellent,2024-08-13
13654,43,Good,2024-10-09
13655,3128,Needs Improvement,2024-10-24
13656,14275,Good,2024-11-25
13657,8982,Needs Improvement,2025-04-10
13658,14485,Good,2024-12-01
13659,18651,Needs Improvement,2024-12-02
13660,878,Excellent,2025-02-10
13661,12336,Average,2025-03-31
13662,1771,Good,2025-06-11
13663,7989,Average,2025-05-17
13664,11609,Average,2025-07-01
13665,16618,Excellent,2024-07-26
13666,5421,Excellent,2024-08-27
13667,5227,Needs Improvement,2025-05-22
13668,7290,Average,2025-02-24
13669,19958,Needs Improvement,2025-04-21
13670,17557,Needs Improvement,2024-08-22
13671,1607,Excellent,2024-11-03
13672,12223,Needs Improvement,2025-01-29
13673,7938,Average,2025-02-05
13674,12705,Needs Improvement,2025-05-02
13675,2984,Good,2024-09-05
13676,14823,Excellent,2025-06-10
13677,16223,Good,2024-08-04
13678,15412,Average,2025-01-27
13679,12917,Good,2025-06-02
13680,10941,Average,2024-07-23
13681,6132,Average,2025-05-24
13682,9496,Good,2025-05-02
13683,11619,Needs Improvement,2024-12-09
13684,435,Needs Improvement,2024-12-05
13685,8014,Needs Improvement,2024-09-17
13686,3419,Needs Improvement,2025-04-22
13687,14405,Needs Improvement,2025-03-20
13688,11963,Average,2025-06-02
13689,11264,Excellent,2024-12-17
13690,15694,Needs Improvement,2025-02-01
13691,10962,Excellent,2025-03-06
13692,14524,Excellent,2024-11-14
13693,9618,Needs Improvement,2024-09-13
13694,8404,Needs Improvement,2025-05-28
13695,2879,Average,2024-09-21
13696,6351,Excellent,2024-07-20
13697,7570,Average,2025-05-01
13698,17921,Good,2024-07-16
13699,9342,Good,2025-06-12
13700,12769,Needs Improvement,2024-08-20
13701,5577,Needs Improvement,2024-08-18
13702,10982,Needs Improvement,2025-02-10
13703,15329,Needs Improvement,2025-07-02
13704,13923,Good,2025-01-26
13705,5477,Good,2025-02-20
13706,8335,Average,2024-09-21
13707,3894,Average,2025-01-13
13708,1667,Good,2024-10-22
13709,11800,Needs Improvement,2025-05-01
13710,15480,Average,2025-04-28
13711,4763,Average,2024-12-26
13712,2905,Needs Improvement,2024-07-29
13713,9484,Excellent,2024-10-29
13714,6698,Average,2025-04-21
13715,17170,Excellent,2025-02-04
13716,5934,Excellent,2025-01-12
13717,318,Needs Improvement,2025-05-26
13718,2709,Average,2024-08-13
13719,5026,Good,2024-07-11
13720,10480,Needs Improvement,2024-07-29
13721,8612,Average,2024-08-17
13722,12341,Good,2025-01-30
13723,15867,Good,2024-11-19
13724,5010,Good,2024-09-14
13725,19067,Average,2025-05-04
13726,14674,Excellent,2025-01-29
13727,4313,Average,2025-04-07
13728,14443,Good,2025-03-24
13729,17693,Average,2024-11-18
13730,17318,Good,2024-10-31
13731,16343,Average,2025-03-01
13732,19256,Average,2024-12-11
13733,18857,Needs Improvement,2025-02-16
13734,14236,Average,2025-06-30
13735,12192,Average,2025-03-15
13736,10626,Excellent,2024-12-18
13737,19299,Good,2025-01-30
13738,245,Good,2024-10-04
13739,18743,Excellent,2025-03-06
13740,3417,Average,2025-04-29
13741,12616,Average,2024-12-26
13742,18142,Needs Improvement,2024-07-29
13743,14709,Good,2024-07-28
13744,4722,Excellent,2024-07-20
13745,2947,Needs Improvement,2024-12-22
13746,11612,Needs Improvement,2024-10-31
13747,44,Needs Improvement,2025-02-14
13748,12150,Good,2025-01-26
13749,927,Good,2024-08-22
13750,12258,Excellent,2024-10-28
13751,18084,Excellent,2024-11-23
13752,8311,Average,2025-01-04
13753,1605,Needs Improvement,2025-04-01
13754,16738,Good,2024-11-19
13755,17899,Good,2025-04-06
13756,11089,Needs Improvement,2024-08-18
13757,13462,Average,2025-06-24
13758,9267,Average,2024-09-12
13759,10184,Average,2024-10-28
13760,2407,Good,2025-03-09
13761,6514,Needs Improvement,2024-12-09
13762,12882,Needs Improvement,2025-01-03
13763,17219,Good,2025-03-26
13764,10386,Average,2024-07-11
13765,8726,Needs Improvement,2025-03-05
13766,6349,Needs Improvement,2024-07-11
13767,19408,Good,2025-03-23
13768,5598,Needs Improvement,2025-05-21
13769,1172,Good,2024-09-14
13770,18783,Average,2025-02-17
13771,8331,Average,2024-08-11
13772,2311,Average,2024-07-08
13773,1600,Good,2024-11-25
13774,4693,Average,2024-09-18
13775,15033,Good,2025-03-06
13776,15469,Excellent,2025-04-10
13777,9854,Needs Improvement,2025-03-12
13778,7472,Excellent,2024-07-26
13779,15777,Excellent,2025-05-31
13780,1931,Needs Improvement,2024-11-29
13781,2460,Average,2025-01-19
13782,14618,Average,2025-03-13
13783,17344,Excellent,2025-02-26
13784,14632,Needs Improvement,2024-12-11
13785,630,Needs Improvement,2024-09-11
13786,8848,Good,2025-02-03
13787,2728,Needs Improvement,2024-12-06
13788,14990,Excellent,2025-04-06
13789,14312,Good,2025-05-23
13790,6249,Good,2025-01-20
13791,13748,Average,2025-02-02
13792,669,Excellent,2025-05-03
13793,1514,Excellent,2024-10-31
13794,1621,Average,2024-08-31
13795,3627,Needs Improvement,2025-06-11
13796,224,Needs Improvement,2024-11-25
13797,2945,Good,2024-12-28
13798,19041,Average,2025-01-22
13799,2904,Average,2024-10-04
13800,1507,Average,2024-11-22
13801,8145,Needs Improvement,2025-01-22
13802,11242,Average,2024-09-18
13803,733,Good,2024-08-20
13804,12448,Average,2024-12-17
13805,16029,Average,2025-03-26
13806,5888,Excellent,2024-12-21
13807,16361,Needs Improvement,2025-02-23
13808,302,Good,2025-05-11
13809,16941,Average,2024-12-16
13810,13419,Excellent,2024-08-29
13811,11365,Excellent,2025-01-11
13812,4466,Needs Improvement,2024-07-15
13813,907,Excellent,2025-02-07
13814,632,Good,2025-04-01
13815,9729,Needs Improvement,2025-03-24
13816,5766,Needs Improvement,2024-09-22
13817,10534,Excellent,2024-12-27
13818,15462,Needs Improvement,2025-04-15
13819,16447,Good,2025-04-14
13820,19795,Average,2025-02-18
13821,10983,Needs Improvement,2024-09-30
13822,16212,Average,2024-12-03
13823,17788,Good,2025-04-09
13824,38,Good,2025-04-05
13825,1034,Good,2024-11-24
13826,6955,Needs Improvement,2025-07-04
13827,537,Needs Improvement,2025-06-23
13828,4250,Average,2025-04-27
13829,12295,Average,2025-05-11
13830,2219,Needs Improvement,2024-10-13
13831,8134,Good,2025-03-18
13832,11749,Good,2024-08-01
13833,6436,Average,2025-03-17
13834,4559,Average,2024-08-15
13835,13097,Needs Improvement,2025-01-24
13836,7843,Good,2024-07-31
13837,7553,Needs Improvement,2024-10-17
13838,10976,Excellent,2024-07-09
13839,16484,Average,2024-09-25
13840,6047,Average,2025-01-20
13841,16491,Average,2025-03-11
13842,12616,Average,2024-10-09
13843,4477,Excellent,2024-09-25
13844,5791,Excellent,2024-07-10
13845,13802,Needs Improvement,2024-11-08
13846,19934,Excellent,2025-03-28
13847,1663,Good,2024-09-04
13848,14813,Average,2024-09-12
13849,10426,Average,2025-05-31
13850,11695,Needs Improvement,2025-05-30
13851,14807,Good,2024-08-23
13852,10245,Good,2025-06-12
13853,1990,Needs Improvement,2025-01-15
13854,1461,Needs Improvement,2024-08-25
13855,18382,Excellent,2024-08-14
13856,12636,Average,2025-02-20
13857,7908,Good,2024-09-19
13858,14141,Good,2024-11-08
13859,12734,Average,2024-10-05
13860,4121,Good,2025-02-10
13861,12262,Excellent,2024-09-20
13862,15066,Needs Improvement,2025-01-25
13863,1724,Needs Improvement,2024-08-07
13864,14090,Excellent,2024-11-22
13865,3864,Average,2025-03-03
13866,4474,Excellent,2024-12-07
13867,2306,Average,2024-08-04
13868,10767,Needs Improvement,2024-11-25
13869,16227,Needs Improvement,2024-12-17
13870,365,Excellent,2024-08-21
13871,19691,Average,2025-05-05
13872,2040,Average,2024-07-21
13873,2237,Good,2025-06-09
13874,17911,Excellent,2024-08-21
13875,9820,Average,2025-05-13
13876,10716,Average,2024-08-21
13877,14268,Excellent,2024-08-04
13878,11696,Good,2024-09-24
13879,8486,Good,2025-05-30
13880,4744,Good,2024-07-31
13881,14142,Good,2025-05-28
13882,13714,Excellent,2024-11-11
13883,7925,Good,2024-10-10
13884,7310,Good,2025-01-29
13885,19451,Average,2025-03-07
13886,1887,Good,2025-05-20
13887,7763,Average,2025-03-09
13888,7516,Excellent,2025-07-06
13889,11408,Excellent,2025-03-12
13890,5988,Good,2025-03-13
13891,12567,Average,2025-06-17
13892,17157,Good,2024-11-19
13893,17348,Average,2024-11-16
13894,19003,Excellent,2025-03-01
13895,12626,Good,2025-01-29
13896,12075,Good,2025-05-31
13897,13552,Excellent,2025-01-11
13898,11763,Excellent,2025-01-22
13899,676,Needs Improvement,2024-08-26
13900,7736,Excellent,2024-11-14
13901,2181,Average,2024-09-13
13902,9533,Good,2024-12-10
13903,18621,Average,2025-05-01
13904,1513,Good,2025-06-03
13905,6003,Excellent,2025-04-17
13906,1751,Needs Improvement,2025-01-31
13907,14959,Excellent,2024-09-29
13908,11208,Good,2024-12-08
13909,15093,Average,2025-01-25
13910,6712,Needs Improvement,2025-04-03
13911,4909,Excellent,2025-06-10
13912,4056,Needs Improvement,2025-02-11
13913,15078,Needs Improvement,2025-01-09
13914,2582,Excellent,2024-12-18
13915,15534,Good,2025-05-22
13916,14094,Excellent,2025-03-04
13917,8358,Average,2024-12-22
13918,5761,Good,2025-05-24
13919,4383,Excellent,2025-02-07
13920,1786,Good,2024-10-24
13921,8135,Needs Improvement,2025-02-05
13922,15317,Excellent,2025-04-22
13923,6493,Excellent,2024-07-26
13924,3464,Average,2025-01-30
13925,16976,Needs Improvement,2024-09-28
13926,10695,Excellent,2025-03-06
13927,15422,Needs Improvement,2024-12-16
13928,8739,Good,2024-07-19
13929,10658,Average,2024-11-25
13930,2902,Good,2024-11-08
13931,12743,Average,2025-01-02
13932,13968,Good,2024-10-10
13933,8364,Needs Improvement,2024-10-12
13934,1486,Good,2025-02-06
13935,2139,Excellent,2024-09-27
13936,11375,Excellent,2025-04-30
13937,17623,Good,2024-12-11
13938,2841,Needs Improvement,2024-07-24
13939,12891,Excellent,2025-01-06
13940,19327,Needs Improvement,2024-08-15
13941,14544,Good,2025-02-25
13942,15807,Needs Improvement,2025-01-03
13943,40,Excellent,2024-12-28
13944,9335,Excellent,2024-08-08
13945,13279,Average,2025-02-16
13946,8060,Good,2025-06-27
13947,14984,Needs Improvement,2025-06-08
13948,14891,Needs Improvement,2025-06-11
13949,4550,Needs Improvement,2024-10-06
13950,14419,Excellent,2024-10-27
13951,3835,Excellent,2024-07-12
13952,5862,Good,2024-10-23
13953,11894,Good,2025-04-02
13954,2193,Excellent,2024-12-31
13955,14574,Needs Improvement,2025-01-15
13956,8293,Needs Improvement,2024-09-28
13957,970,Average,2024-12-25
13958,13270,Average,2025-02-16
13959,10373,Excellent,2024-09-11
13960,7498,Good,2024-10-21
13961,10665,Good,2024-08-05
13962,8620,Average,2024-08-03
13963,8228,Good,2025-01-14
13964,17078,Needs Improvement,2024-11-22
13965,12375,Good,2025-05-21
13966,9350,Excellent,2024-12-02
13967,9836,Good,2024-11-01
13968,1851,Good,2025-05-02
13969,11321,Good,2024-09-29
13970,5127,Average,2024-08-19
13971,12654,Needs Improvement,2024-10-06
13972,19631,Good,2024-09-27
13973,1603,Excellent,2024-10-14
13974,10430,Excellent,2024-09-12
13975,7819,Good,2024-11-24
13976,14591,Needs Improvement,2024-09-14
13977,10413,Average,2025-01-26
13978,7639,Good,2025-04-12
13979,2702,Needs Improvement,2024-07-31
13980,10814,Needs Improvement,2025-03-10
13981,12581,Excellent,2025-06-26
13982,8692,Excellent,2024-09-29
13983,14418,Excellent,2024-07-27
13984,13569,Needs Improvement,2024-07-26
13985,7525,Excellent,2025-05-22
13986,8413,Excellent,2024-08-24
13987,2062,Average,2024-07-11
13988,4698,Good,2025-01-01
13989,108,Average,2025-03-23
13990,13928,Average,2025-06-29
13991,773,Excellent,2024-10-08
13992,12257,Average,2025-06-17
13993,12544,Excellent,2024-10-17
13994,18974,Good,2025-05-28
13995,608,Needs Improvement,2024-12-20
13996,5564,Good,2025-06-20
13997,1712,Needs Improvement,2025-06-10
13998,1606,Needs Improvement,2024-07-26
13999,9862,Needs Improvement,2025-04-24
14000,12515,Excellent,2024-12-10
14001,3758,Excellent,2025-06-11
14002,6200,Excellent,2024-12-10
14003,10502,Good,2024-10-15
14004,12652,Excellent,2024-09-07
14005,18992,Average,2025-02-15
14006,11942,Average,2025-02-15
14007,11592,Good,2024-07-15
14008,15544,Average,2025-06-09
14009,2801,Needs Improvement,2025-01-01
14010,11747,Average,2025-04-13
14011,14831,Needs Improvement,2025-04-11
14012,17819,Excellent,2024-12-17
14013,750,Good,2025-06-13
14014,18002,Excellent,2025-01-14
14015,2241,Average,2025-05-07
14016,9598,Needs Improvement,2024-09-22
14017,8559,Good,2024-12-16
14018,10387,Excellent,2025-03-26
14019,19284,Good,2024-12-04
14020,634,Needs Improvement,2024-10-13
14021,3897,Needs Improvement,2024-12-20
14022,15853,Average,2025-06-17
14023,7240,Average,2024-07-20
14024,8913,Needs Improvement,2024-08-06
14025,16715,Needs Improvement,2024-10-31
14026,11460,Excellent,2025-02-18
14027,573,Excellent,2025-02-08
14028,15421,Average,2024-11-24
14029,7660,Good,2025-06-13
14030,5324,Needs Improvement,2024-10-30
14031,17038,Excellent,2024-12-04
14032,5031,Excellent,2025-02-13
14033,9541,Good,2024-08-21
14034,16700,Excellent,2025-03-25
14035,3747,Needs Improvement,2024-09-26
14036,4178,Needs Improvement,2024-11-20
14037,3717,Excellent,2024-10-10
14038,12505,Excellent,2024-07-10
14039,10775,Average,2025-04-08
14040,8024,Average,2024-09-29
14041,15453,Good,2025-02-09
14042,15509,Good,2024-10-06
14043,5324,Needs Improvement,2024-07-15
14044,15186,Needs Improvement,2025-01-16
14045,10915,Excellent,2024-10-30
14046,3316,Average,2024-12-06
14047,5341,Needs Improvement,2024-12-21
14048,8677,Excellent,2025-02-12
14049,11483,Average,2025-05-12
14050,3789,Needs Improvement,2024-09-29
14051,17741,Average,2024-08-11
14052,12121,Average,2025-01-06
14053,778,Needs Improvement,2025-02-15
14054,5936,Good,2025-02-19
14055,7354,Good,2025-01-01
14056,3853,Excellent,2025-06-12
14057,17675,Needs Improvement,2024-12-11
14058,3926,Excellent,2024-12-10
14059,15660,Good,2025-05-23
14060,3378,Excellent,2025-06-18
14061,17226,Good,2025-03-18
14062,5460,Excellent,2024-12-22
14063,5553,Good,2024-10-03
14064,15715,Excellent,2025-03-15
14065,14465,Needs Improvement,2024-10-24
14066,11673,Needs Improvement,2025-03-29
14067,1141,Needs Improvement,2024-12-06
14068,1019,Average,2025-06-25
14069,6423,Good,2025-06-19
14070,8339,Excellent,2025-05-03
14071,16136,Good,2025-01-09
14072,18254,Good,2024-10-20
14073,4882,Needs Improvement,2025-02-12
14074,11648,Average,2025-06-08
14075,10838,Average,2025-05-02
14076,2579,Excellent,2025-01-25
14077,17433,Excellent,2025-04-09
14078,6933,Good,2024-10-23
14079,3913,Excellent,2025-05-30
14080,1321,Good,2024-10-21
14081,10534,Excellent,2024-11-25
14082,19542,Good,2024-09-11
14083,7017,Average,2024-11-02
14084,8857,Excellent,2025-01-11
14085,11938,Needs Improvement,2025-06-28
14086,1938,Good,2024-08-04
14087,18839,Average,2024-10-16
14088,5879,Good,2025-03-08
14089,79,Needs Improvement,2025-05-16
14090,12888,Needs Improvement,2024-09-06
14091,14761,Excellent,2025-04-29
14092,14977,Good,2025-02-15
14093,15351,Needs Improvement,2025-06-24
14094,19956,Average,2025-06-22
14095,11777,Needs Improvement,2025-02-08
14096,19854,Average,2024-11-01
14097,6018,Average,2025-06-02
14098,3328,Excellent,2024-11-21
14099,8219,Excellent,2025-04-18
14100,14223,Excellent,2025-01-16
14101,13467,Needs Improvement,2025-06-21
14102,3123,Average,2025-03-23
14103,5178,Average,2024-10-24
14104,6299,Needs Improvement,2025-04-14
14105,2382,Needs Improvement,2025-03-23
14106,12420,Good,2025-05-14
14107,9991,Average,2025-04-13
14108,17935,Excellent,2025-01-02
14109,1421,Excellent,2025-01-06
14110,3958,Excellent,2024-10-07
14111,18464,Good,2025-05-26
14112,11870,Good,2025-02-05
14113,13586,Needs Improvement,2024-12-29
14114,13380,Needs Improvement,2024-11-26
14115,6526,Needs Improvement,2025-05-29
14116,3141,Good,2024-08-04
14117,13707,Needs Improvement,2024-08-04
14118,14882,Needs Improvement,2025-02-03
14119,2928,Needs Improvement,2025-02-15
14120,7880,Excellent,2025-06-24
14121,3946,Excellent,2024-08-14
14122,12317,Good,2025-01-12
14123,4633,Average,2025-04-10
14124,4379,Good,2024-07-19
14125,1034,Excellent,2025-07-05
14126,12617,Needs Improvement,2025-01-10
14127,10917,Excellent,2025-06-18
14128,19615,Average,2024-08-30
14129,1687,Excellent,2025-06-07
14130,14526,Needs Improvement,2025-05-15
14131,821,Good,2024-09-10
14132,3506,Excellent,2024-11-02
14133,8966,Average,2024-07-26
14134,12672,Average,2025-01-31
14135,17046,Needs Improvement,2025-05-25
14136,6850,Excellent,2024-09-28
14137,16979,Excellent,2024-08-25
14138,15178,Average,2024-09-08
14139,15285,Excellent,2024-07-22
14140,17384,Good,2024-12-13
14141,11916,Needs Improvement,2024-09-30
14142,695,Needs Improvement,2025-04-30
14143,537,Good,2024-10-29
14144,5758,Average,2024-08-10
14145,9643,Excellent,2024-07-06
14146,15175,Excellent,2025-03-01
14147,18788,Average,2025-04-10
14148,11326,Excellent,2025-05-30
14149,7190,Average,2024-09-01
14150,10494,Average,2024-11-10
14151,18304,Needs Improvement,2024-10-15
14152,537,Needs Improvement,2024-07-11
14153,779,Needs Improvement,2025-03-29
14154,19349,Needs Improvement,2024-09-01
14155,11938,Excellent,2025-03-09
14156,6118,Needs Improvement,2025-02-24
14157,13841,Excellent,2025-04-27
14158,19761,Excellent,2025-03-01
14159,4508,Average,2024-10-13
14160,5724,Good,2025-02-17
14161,11400,Average,2024-10-06
14162,9167,Needs Improvement,2024-12-19
14163,16639,Average,2025-06-19
14164,12952,Needs Improvement,2024-08-07
14165,6287,Good,2024-12-19
14166,18964,Needs Improvement,2024-09-17
14167,7070,Needs Improvement,2025-04-26
14168,9439,Excellent,2025-03-01
14169,2581,Needs Improvement,2025-03-14
14170,13645,Excellent,2025-04-23
14171,3473,Needs Improvement,2024-10-19
14172,13174,Excellent,2025-01-10
14173,7377,Excellent,2025-03-28
14174,7994,Excellent,2024-12-27
14175,13936,Good,2025-01-06
14176,7928,Average,2025-01-12
14177,7937,Excellent,2025-05-29
14178,14465,Good,2024-11-05
14179,16953,Excellent,2025-04-30
14180,18329,Excellent,2024-11-26
14181,16128,Good,2024-07-20
14182,9691,Needs Improvement,2025-02-15
14183,6067,Good,2024-11-26
14184,1023,Needs Improvement,2025-05-17
14185,8395,Excellent,2024-12-07
14186,457,Good,2024-09-18
14187,10935,Average,2025-06-05
14188,17958,Excellent,2024-08-26
14189,14484,Good,2025-01-06
14190,16569,Good,2025-05-22
14191,629,Excellent,2025-05-25
14192,8040,Excellent,2024-12-08
14193,11944,Needs Improvement,2025-01-03
14194,17435,Needs Improvement,2025-06-16
14195,3233,Excellent,2024-08-22
14196,3328,Good,2025-01-16
14197,14998,Average,2025-01-08
14198,16441,Good,2024-09-01
14199,15400,Excellent,2025-05-15
14200,7478,Needs Improvement,2024-12-28
14201,15344,Needs Improvement,2024-12-26
14202,15502,Excellent,2025-04-04
14203,1630,Excellent,2025-04-01
14204,6052,Excellent,2024-12-14
14205,18698,Average,2025-05-07
14206,19264,Average,2024-09-15
14207,10034,Excellent,2024-11-06
14208,1457,Good,2024-07-14
14209,6573,Average,2024-07-12
14210,46,Good,2025-04-11
14211,8746,Average,2025-07-06
14212,5333,Good,2024-09-04
14213,2717,Average,2025-06-10
14214,18545,Average,2024-07-15
14215,12681,Good,2025-05-30
14216,12394,Needs Improvement,2024-12-17
14217,14048,Needs Improvement,2025-06-09
14218,6733,Excellent,2025-04-04
14219,10007,Good,2024-09-16
14220,4833,Average,2025-06-23
14221,3127,Excellent,2024-10-27
14222,5748,Needs Improvement,2025-05-31
14223,18453,Average,2025-06-04
14224,10032,Needs Improvement,2024-10-11
14225,8011,Good,2024-10-24
14226,16638,Needs Improvement,2025-06-23
14227,11738,Excellent,2025-05-23
14228,1572,Needs Improvement,2024-09-03
14229,4414,Average,2024-07-13
14230,19494,Average,2025-04-12
14231,16858,Good,2025-05-18
14232,12323,Excellent,2024-12-07
14233,4524,Needs Improvement,2024-09-17
14234,11977,Needs Improvement,2025-02-03
14235,11753,Needs Improvement,2025-02-16
14236,15939,Excellent,2025-03-11
14237,13081,Excellent,2024-10-20
14238,13991,Needs Improvement,2025-06-20
14239,2637,Good,2025-06-02
14240,14377,Needs Improvement,2025-05-25
14241,7106,Good,2025-02-05
14242,6112,Average,2025-03-03
14243,10137,Excellent,2024-08-07
14244,7877,Excellent,2024-07-06
14245,2943,Average,2025-02-13
14246,5426,Needs Improvement,2025-01-04
14247,6693,Excellent,2024-08-22
14248,11701,Excellent,2024-10-08
14249,18618,Good,2025-02-01
14250,11552,Good,2024-09-10
14251,5230,Excellent,2025-05-14
14252,1776,Needs Improvement,2024-10-18
14253,997,Needs Improvement,2025-01-13
14254,12665,Average,2025-06-28
14255,2136,Average,2025-02-23
14256,6573,Excellent,2025-06-07
14257,12285,Excellent,2024-12-16
14258,6666,Needs Improvement,2024-09-21
14259,2307,Excellent,2024-11-02
14260,17073,Needs Improvement,2024-10-19
14261,13668,Good,2025-03-12
14262,6807,Needs Improvement,2024-09-22
14263,14608,Good,2024-09-23
14264,2412,Average,2024-09-14
14265,9416,Needs Improvement,2024-11-23
14266,11052,Average,2024-07-07
14267,2717,Average,2024-08-22
14268,9800,Average,2025-03-07
14269,2224,Good,2025-04-19
14270,13799,Average,2024-11-12
14271,4659,Average,2024-12-31
14272,5304,Good,2025-03-23
14273,19842,Average,2025-03-04
14274,13657,Needs Improvement,2025-01-31
14275,17385,Excellent,2024-07-16
14276,17401,Excellent,2024-11-01
14277,11778,Needs Improvement,2025-04-06
14278,17457,Good,2025-06-13
14279,379,Excellent,2024-12-13
14280,2068,Needs Improvement,2025-01-27
14281,5855,Average,2025-05-02
14282,2982,Good,2025-06-26
14283,17553,Good,2024-10-20
14284,1429,Needs Improvement,2025-01-09
14285,539,Average,2024-08-24
14286,16006,Good,2025-05-27
14287,16828,Needs Improvement,2024-12-21
14288,12367,Excellent,2025-02-04
14289,11721,Excellent,2024-12-06
14290,4780,Excellent,2024-12-05
14291,4366,Average,2024-07-15
14292,19770,Excellent,2025-06-12
14293,16753,Excellent,2024-08-10
14294,1083,Average,2024-09-15
14295,7772,Average,2025-04-11
14296,4391,Average,2025-02-03
14297,4246,Needs Improvement,2024-08-08
14298,2742,Excellent,2024-11-19
14299,4697,Good,2025-01-03
14300,3870,Needs Improvement,2025-01-11
14301,6664,Needs Improvement,2024-09-22
14302,14158,Needs Improvement,2024-11-11
14303,13520,Excellent,2024-07-07
14304,1385,Average,2024-11-29
14305,1274,Needs Improvement,2024-09-22
14306,5051,Average,2025-03-04
14307,8508,Needs Improvement,2024-08-20
14308,12851,Good,2024-11-25
14309,11360,Good,2025-03-02
14310,10715,Average,2025-06-03
14311,15458,Good,2025-07-06
14312,8372,Average,2025-07-01
14313,3087,Excellent,2024-09-01
14314,6535,Average,2024-10-28
14315,1243,Good,2025-06-14
14316,9747,Good,2024-08-20
14317,16487,Average,2024-07-21
14318,14476,Good,2025-01-11
14319,6170,Needs Improvement,2024-10-23
14320,9691,Needs Improvement,2024-12-19
14321,14452,Average,2025-04-12
14322,5346,Good,2024-10-08
14323,5575,Good,2024-12-18
14324,19108,Needs Improvement,2025-06-21
14325,8470,Good,2024-07-17
14326,1130,Good,2025-01-30
14327,18657,Needs Improvement,2025-04-16
14328,3123,Needs Improvement,2024-08-17
14329,19844,Average,2024-11-06
14330,3601,Needs Improvement,2025-05-05
14331,13469,Good,2025-06-27
14332,6465,Average,2025-01-24
14333,2750,Average,2024-12-27
14334,7089,Excellent,2024-08-03
14335,10870,Needs Improvement,2024-12-11
14336,2602,Needs Improvement,2024-10-10
14337,17477,Needs Improvement,2025-06-30
14338,1298,Excellent,2024-10-05
14339,13424,Excellent,2024-12-30
14340,11274,Average,2025-06-23
14341,14294,Average,2024-10-07
14342,13466,Needs Improvement,2024-12-04
14343,12133,Excellent,2024-10-17
14344,13581,Excellent,2025-03-04
14345,17230,Average,2025-04-20
14346,16605,Average,2025-06-25
14347,13677,Needs Improvement,2025-04-10
14348,9846,Needs Improvement,2025-01-09
14349,13104,Average,2025-03-27
14350,12118,Needs Improvement,2024-11-11
14351,18711,Excellent,2024-09-05
14352,18279,Excellent,2025-03-15
14353,1959,Excellent,2024-11-21
14354,10676,Good,2024-09-16
14355,1460,Good,2024-07-26
14356,486,Excellent,2025-03-09
14357,19685,Average,2024-10-14
14358,1973,Good,2025-04-06
14359,14157,Needs Improvement,2024-10-03
14360,350,Good,2025-05-20
14361,6465,Good,2024-12-03
14362,9545,Excellent,2024-12-21
14363,14143,Good,2025-04-02
14364,11892,Good,2024-08-26
14365,10055,Needs Improvement,2025-02-16
14366,2224,Average,2024-10-31
14367,9342,Excellent,2025-01-16
14368,17803,Needs Improvement,2025-02-13
14369,6459,Average,2025-01-07
14370,18075,Good,2025-04-30
14371,15611,Good,2025-01-06
14372,4896,Good,2024-10-04
14373,11410,Excellent,2025-04-15
14374,12351,Good,2024-10-18
14375,2627,Average,2025-04-07
14376,14775,Needs Improvement,2024-12-14
14377,16516,Excellent,2024-12-10
14378,19589,Good,2025-05-05
14379,780,Needs Improvement,2024-11-01
14380,13841,Good,2024-09-30
14381,4791,Good,2025-03-03
14382,6495,Needs Improvement,2024-07-22
14383,15460,Needs Improvement,2024-07-29
14384,11348,Average,2024-12-04
14385,19310,Needs Improvement,2025-02-07
14386,6963,Average,2024-12-22
14387,2389,Excellent,2024-10-07
14388,5494,Excellent,2025-05-24
14389,10686,Excellent,2025-06-24
14390,8992,Average,2025-03-10
14391,1199,Needs Improvement,2024-09-24
14392,7318,Excellent,2025-03-17
14393,10044,Average,2024-09-06
14394,19955,Good,2024-08-29
14395,4872,Good,2024-11-23
14396,2444,Good,2025-04-20
14397,7339,Excellent,2025-03-26
14398,13059,Needs Improvement,2025-03-28
14399,6579,Needs Improvement,2024-11-07
14400,5216,Good,2025-04-05
14401,19562,Needs Improvement,2025-03-11
14402,7947,Excellent,2025-02-19
14403,17124,Needs Improvement,2024-07-31
14404,9511,Needs Improvement,2024-07-26
14405,15285,Average,2025-04-19
14406,1902,Average,2025-04-22
14407,13748,Good,2024-09-19
14408,11672,Good,2024-11-08
14409,759,Good,2024-09-18
14410,12898,Excellent,2024-08-18
14411,3604,Excellent,2025-05-15
14412,4501,Excellent,2025-03-31
14413,11961,Needs Improvement,2025-03-19
14414,15704,Needs Improvement,2024-07-21
14415,10997,Excellent,2025-02-16
14416,5531,Excellent,2024-08-06
14417,10507,Excellent,2025-02-05
14418,5349,Needs Improvement,2025-02-22
14419,17188,Good,2025-05-20
14420,19230,Excellent,2024-12-19
14421,11787,Average,2024-09-28
14422,9929,Needs Improvement,2025-03-25
14423,8317,Average,2025-04-24
14424,12719,Excellent,2024-09-30
14425,593,Excellent,2025-02-26
14426,18484,Average,2024-11-18
14427,7261,Needs Improvement,2024-08-18
14428,5825,Average,2024-08-06
14429,12689,Excellent,2024-08-22
14430,16027,Needs Improvement,2025-06-05
14431,3184,Average,2024-10-29
14432,14706,Needs Improvement,2025-03-11
14433,16125,Needs Improvement,2024-09-02
14434,3744,Good,2025-02-08
14435,10711,Needs Improvement,2025-07-05
14436,4683,Good,2025-06-27
14437,3813,Average,2025-05-01
14438,11715,Good,2025-02-24
14439,5777,Excellent,2025-02-04
14440,8431,Average,2025-05-17
14441,16460,Needs Improvement,2025-04-14
14442,1479,Average,2024-11-03
14443,17327,Excellent,2024-09-16
14444,6736,Average,2024-08-29
14445,3527,Average,2024-10-16
14446,16278,Excellent,2025-02-01
14447,18423,Average,2024-10-29
14448,16438,Excellent,2024-10-03
14449,15457,Average,2024-12-06
14450,17586,Needs Improvement,2024-09-25
14451,5612,Excellent,2025-05-01
14452,6258,Good,2025-05-05
14453,13455,Average,2025-04-20
14454,3179,Good,2025-02-21
14455,13475,Average,2025-02-21
14456,9476,Needs Improvement,2024-11-20
14457,19353,Good,2024-08-01
14458,9038,Good,2025-01-28
14459,8544,Needs Improvement,2024-11-23
14460,10973,Good,2025-04-09
14461,14043,Needs Improvement,2024-10-21
14462,9454,Average,2025-05-16
14463,4426,Needs Improvement,2024-11-30
14464,10756,Good,2025-01-27
14465,4058,Good,2025-01-09
14466,18582,Average,2025-06-28
14467,15975,Excellent,2024-09-30
14468,12690,Excellent,2024-10-23
14469,16046,Excellent,2025-02-20
14470,1996,Excellent,2025-01-10
14471,19290,Excellent,2025-06-27
14472,15858,Average,2025-02-07
14473,11330,Average,2025-04-13
14474,518,Excellent,2025-05-08
14475,4094,Good,2025-04-30
14476,9433,Average,2025-05-02
14477,7135,Excellent,2025-03-22
14478,2162,Excellent,2024-10-07
14479,5636,Good,2025-03-25
14480,8227,Good,2025-06-28
14481,8585,Average,2024-11-12
14482,9846,Excellent,2025-02-08
14483,4329,Excellent,2025-04-25
14484,19205,Excellent,2024-12-13
14485,9663,Good,2024-10-15
14486,7366,Excellent,2024-12-25
14487,9342,Needs Improvement,2025-06-23
14488,6481,Excellent,2024-12-26
14489,17080,Average,2025-03-30
14490,3452,Needs Improvement,2024-08-12
14491,17284,Needs Improvement,2025-06-07
14492,19419,Average,2025-02-03
14493,19563,Needs Improvement,2025-01-19
14494,12445,Needs Improvement,2024-09-21
14495,12058,Good,2024-11-11
14496,13231,Good,2025-04-02
14497,3574,Good,2025-05-27
14498,7580,Good,2025-01-31
14499,9811,Excellent,2025-04-30
14500,12125,Average,2025-03-12
14501,16925,Needs Improvement,2025-05-18
14502,13965,Average,2025-02-24
14503,13698,Excellent,2025-05-28
14504,11066,Excellent,2025-05-25
14505,11044,Excellent,2024-07-19
14506,11015,Excellent,2024-11-28
14507,18796,Excellent,2025-06-26
14508,1145,Average,2025-01-22
14509,949,Average,2025-05-30
14510,17953,Needs Improvement,2024-10-31
14511,4636,Needs Improvement,2025-02-04
14512,7163,Good,2024-08-22
14513,6900,Excellent,2025-04-27
14514,3820,Needs Improvement,2025-02-16
14515,1707,Needs Improvement,2025-06-15
14516,18308,Needs Improvement,2025-06-28
14517,18776,Needs Improvement,2024-09-09
14518,10490,Good,2024-11-08
14519,8068,Excellent,2024-09-20
14520,18587,Needs Improvement,2025-02-27
14521,4158,Average,2025-03-07
14522,17538,Excellent,2024-12-14
14523,1151,Good,2025-01-20
14524,11195,Excellent,2024-08-21
14525,8848,Average,2025-02-25
14526,16427,Good,2025-01-20
14527,4732,Needs Improvement,2024-10-12
14528,797,Good,2024-10-07
14529,17603,Excellent,2024-10-07
14530,19057,Good,2024-08-03
14531,9986,Needs Improvement,2025-03-10
14532,14768,Needs Improvement,2024-07-28
14533,8057,Excellent,2024-07-23
14534,12689,Good,2025-03-23
14535,11437,Excellent,2025-03-24
14536,5019,Average,2025-04-15
14537,6168,Good,2024-08-09
14538,6473,Needs Improvement,2024-08-09
14539,9983,Average,2024-12-23
14540,1430,Needs Improvement,2025-06-22
14541,8670,Needs Improvement,2025-05-15
14542,18176,Average,2024-07-15
14543,6183,Needs Improvement,2024-12-04
14544,6295,Excellent,2025-01-19
14545,800,Excellent,2025-03-07
14546,7604,Needs Improvement,2024-11-05
14547,7596,Good,2024-08-23
14548,6823,Needs Improvement,2025-06-28
14549,2599,Good,2024-12-15
14550,18550,Average,2025-06-25
14551,3893,Excellent,2025-06-24
14552,10063,Good,2024-09-13
14553,7043,Average,2025-01-14
14554,15808,Excellent,2024-08-13
14555,19269,Good,2024-09-18
14556,8584,Good,2024-07-12
14557,14132,Needs Improvement,2025-03-29
14558,11194,Good,2025-06-20
14559,14797,Good,2024-11-14
14560,17847,Needs Improvement,2025-06-23
14561,16340,Average,2024-09-07
14562,5562,Excellent,2025-03-24
14563,13684,Needs Improvement,2024-08-05
14564,11674,Needs Improvement,2024-08-13
14565,12006,Needs Improvement,2024-08-30
14566,19110,Average,2025-05-14
14567,5902,Average,2024-11-14
14568,8091,Excellent,2024-07-19
14569,668,Needs Improvement,2025-03-13
14570,4328,Needs Improvement,2024-08-28
14571,11599,Average,2025-04-25
14572,12515,Good,2025-06-14
14573,10012,Excellent,2025-06-23
14574,3222,Average,2024-09-09
14575,18810,Good,2025-04-13
14576,5849,Average,2025-04-29
14577,3535,Needs Improvement,2025-04-16
14578,15847,Excellent,2024-09-11
14579,13356,Excellent,2024-07-06
14580,17837,Needs Improvement,2025-05-09
14581,14374,Good,2025-01-13
14582,14929,Needs Improvement,2025-01-07
14583,8382,Excellent,2025-01-15
14584,5593,Excellent,2025-04-09
14585,12538,Average,2024-12-19
14586,12207,Needs Improvement,2025-01-04
14587,18040,Average,2025-06-23
14588,9533,Excellent,2024-09-08
14589,8335,Needs Improvement,2025-05-09
14590,16568,Needs Improvement,2024-07-29
14591,12236,Needs Improvement,2025-03-10
14592,4474,Needs Improvement,2025-05-17
14593,17803,Needs Improvement,2024-10-18
14594,5138,Average,2025-05-31
14595,4069,Good,2025-05-19
14596,11304,Average,2024-08-23
14597,12050,Good,2024-12-18
14598,93,Needs Improvement,2025-05-18
14599,12228,Good,2025-02-14
14600,8690,Excellent,2024-07-28
14601,17778,Excellent,2024-12-15
14602,5704,Average,2024-08-06
14603,12489,Average,2025-01-15
14604,7303,Good,2024-09-04
14605,18021,Average,2024-10-11
14606,5934,Needs Improvement,2025-05-30
14607,14914,Good,2024-08-28
14608,5074,Excellent,2025-02-21
14609,4973,Excellent,2025-02-09
14610,9764,Good,2024-10-11
14611,18264,Good,2024-10-26
14612,18195,Average,2024-08-24
14613,11935,Good,2025-03-24
14614,13086,Needs Improvement,2025-05-25
14615,16900,Average,2025-02-26
14616,2332,Good,2025-04-22
14617,3215,Needs Improvement,2024-07-08
14618,17621,Good,2024-10-12
14619,11939,Good,2025-06-19
14620,10673,Good,2024-08-04
14621,1337,Good,2024-12-28
14622,7378,Needs Improvement,2025-04-25
14623,16172,Good,2024-10-18
14624,2749,Average,2024-08-14
14625,7699,Excellent,2024-10-22
14626,1400,Good,2025-06-21
14627,124,Average,2025-01-12
14628,4746,Average,2025-04-14
14629,4814,Good,2024-11-30
14630,19172,Good,2025-04-25
14631,15097,Needs Improvement,2025-05-06
14632,4647,Good,2025-04-11
14633,15255,Good,2024-09-09
14634,7146,Needs Improvement,2025-05-04
14635,18333,Average,2024-11-15
14636,7036,Excellent,2024-09-04
14637,11982,Good,2025-04-03
14638,8763,Average,2025-07-04
14639,10980,Excellent,2024-07-22
14640,10200,Good,2025-04-06
14641,10785,Good,2025-03-14
14642,5685,Good,2025-06-12
14643,16280,Excellent,2024-08-29
14644,17143,Excellent,2025-04-22
14645,7059,Excellent,2025-04-03
14646,6895,Excellent,2024-10-12
14647,4940,Excellent,2024-11-21
14648,12290,Excellent,2024-09-05
14649,7078,Excellent,2025-02-24
14650,2824,Excellent,2025-03-02
14651,13281,Excellent,2024-08-21
14652,19564,Needs Improvement,2024-09-16
14653,14545,Excellent,2025-05-16
14654,8768,Excellent,2025-05-31
14655,5462,Average,2024-11-23
14656,9151,Excellent,2024-09-14
14657,6050,Needs Improvement,2025-06-04
14658,2086,Needs Improvement,2025-06-10
14659,8012,Needs Improvement,2025-05-16
14660,16895,Excellent,2025-03-16
14661,2619,Excellent,2024-10-19
14662,17063,Average,2025-02-27
14663,12184,Excellent,2024-07-29
14664,4075,Excellent,2025-02-21
14665,15077,Excellent,2025-03-23
14666,419,Good,2025-06-22
14667,12276,Good,2025-01-27
14668,10666,Needs Improvement,2025-03-20
14669,11785,Needs Improvement,2024-12-13
14670,17967,Excellent,2025-04-06
14671,11274,Excellent,2024-11-11
14672,5515,Excellent,2024-08-25
14673,1237,Excellent,2025-06-24
14674,16849,Excellent,2024-10-26
14675,1111,Average,2024-09-24
14676,19761,Average,2025-04-26
14677,11215,Average,2024-11-06
14678,9320,Good,2024-07-27
14679,4784,Average,2025-06-22
14680,17253,Good,2025-01-27
14681,18722,Good,2024-08-06
14682,2956,Needs Improvement,2024-10-18
14683,6951,Excellent,2025-04-05
14684,8324,Average,2025-03-25
14685,15042,Needs Improvement,2025-03-29
14686,19561,Needs Improvement,2024-11-04
14687,7218,Good,2024-07-24
14688,18082,Good,2025-05-09
14689,10270,Excellent,2024-08-12
14690,19845,Needs Improvement,2024-11-06
14691,19091,Good,2024-08-23
14692,14369,Good,2025-04-29
14693,8320,Average,2024-08-25
14694,1548,Good,2025-03-08
14695,5423,Excellent,2024-07-09
14696,9136,Needs Improvement,2024-08-29
14697,15425,Excellent,2024-07-12
14698,4642,Needs Improvement,2024-09-17
14699,14962,Needs Improvement,2025-06-03
14700,17432,Needs Improvement,2024-11-18
14701,5713,Needs Improvement,2024-11-29
14702,18969,Excellent,2025-05-02
14703,8587,Average,2024-09-03
14704,7689,Good,2025-03-15
14705,7948,Excellent,2024-12-22
14706,15775,Needs Improvement,2024-10-14
14707,10271,Excellent,2025-04-14
14708,13075,Average,2025-05-15
14709,6800,Average,2025-06-25
14710,43,Excellent,2025-05-19
14711,4842,Average,2024-08-10
14712,3255,Needs Improvement,2024-09-23
14713,12580,Needs Improvement,2024-10-26
14714,2243,Needs Improvement,2025-02-19
14715,19814,Excellent,2025-02-27
14716,15901,Average,2024-09-07
14717,18131,Average,2025-01-06
14718,10439,Average,2025-05-26
14719,304,Excellent,2024-12-24
14720,12611,Needs Improvement,2025-03-25
14721,8509,Excellent,2025-04-14
14722,12261,Average,2024-12-31
14723,3556,Average,2024-09-17
14724,1620,Needs Improvement,2025-04-26
14725,4797,Average,2025-05-14
14726,16200,Average,2025-02-10
14727,8523,Needs Improvement,2025-02-12
14728,5170,Average,2025-03-03
14729,5460,Good,2025-02-07
14730,6169,Excellent,2024-10-11
14731,3674,Needs Improvement,2024-11-30
14732,12238,Excellent,2025-02-22
14733,596,Good,2025-03-06
14734,9016,Good,2025-06-07
14735,7051,Average,2025-06-12
14736,916,Excellent,2025-02-26
14737,18704,Good,2025-03-12
14738,16495,Good,2025-07-06
14739,3777,Needs Improvement,2025-03-14
14740,13093,Needs Improvement,2025-04-07
14741,11804,Needs Improvement,2024-12-13
14742,8218,Excellent,2025-02-03
14743,10427,Average,2025-05-30
14744,2992,Needs Improvement,2024-10-09
14745,1412,Good,2025-07-04
14746,8816,Good,2025-03-22
14747,12665,Average,2025-06-05
14748,11161,Good,2025-02-22
14749,3348,Average,2024-12-23
14750,3626,Needs Improvement,2025-01-28
14751,2444,Needs Improvement,2024-11-12
14752,11894,Average,2024-12-09
14753,11180,Excellent,2025-03-08
14754,4034,Average,2024-10-24
14755,6372,Needs Improvement,2025-03-04
14756,6331,Excellent,2025-01-09
14757,11245,Needs Improvement,2025-05-04
14758,6186,Average,2024-11-19
14759,4684,Average,2024-10-22
14760,1655,Average,2025-03-12
14761,13420,Needs Improvement,2024-10-04
14762,17801,Average,2024-12-25
14763,10933,Good,2025-06-14
14764,16420,Average,2024-11-08
14765,15230,Needs Improvement,2024-11-22
14766,105,Excellent,2024-07-16
14767,1046,Excellent,2025-02-23
14768,3660,Average,2025-04-20
14769,4099,Needs Improvement,2024-12-16
14770,315,Excellent,2025-06-30
14771,10292,Average,2025-03-09
14772,1203,Excellent,2024-11-15
14773,16789,Excellent,2025-05-12
14774,16876,Excellent,2024-07-27
14775,18301,Excellent,2024-12-30
14776,14393,Good,2024-11-05
14777,17223,Needs Improvement,2025-05-10
14778,6826,Excellent,2025-05-19
14779,19017,Needs Improvement,2024-08-11
14780,9478,Excellent,2024-12-11
14781,16699,Average,2025-01-18
14782,2567,Average,2024-11-29
14783,17652,Needs Improvement,2024-10-27
14784,1037,Good,2025-05-02
14785,10403,Excellent,2024-11-03
14786,2321,Good,2024-09-07
14787,2212,Needs Improvement,2025-02-06
14788,5589,Excellent,2024-07-28
14789,14477,Good,2025-03-03
14790,3815,Good,2025-01-31
14791,1877,Needs Improvement,2025-06-30
14792,10202,Good,2025-06-24
14793,17635,Good,2025-06-15
14794,1510,Needs Improvement,2024-08-28
14795,7551,Average,2025-02-27
14796,841,Good,2025-01-04
14797,12250,Average,2025-06-08
14798,3603,Average,2025-02-12
14799,2700,Average,2025-06-15
14800,14371,Excellent,2025-06-11
14801,3511,Needs Improvement,2024-09-20
14802,3367,Good,2025-03-29
14803,2892,Excellent,2024-10-09
14804,14323,Needs Improvement,2025-04-01
14805,29,Excellent,2024-08-12
14806,13543,Needs Improvement,2024-10-04
14807,19293,Average,2024-09-05
14808,14862,Needs Improvement,2025-06-02
14809,18429,Excellent,2024-09-25
14810,17516,Excellent,2024-09-12
14811,7435,Good,2024-09-24
14812,9931,Excellent,2024-11-11
14813,10204,Good,2024-10-17
14814,14486,Average,2024-12-05
14815,9443,Needs Improvement,2025-02-26
14816,879,Average,2025-05-07
14817,1649,Average,2025-04-27
14818,10256,Good,2025-06-26
14819,7445,Needs Improvement,2024-11-25
14820,15074,Good,2024-08-26
14821,19062,Average,2024-08-04
14822,11260,Average,2025-06-27
14823,11561,Good,2024-10-05
14824,8512,Excellent,2025-02-22
14825,8264,Average,2024-10-02
14826,13706,Good,2024-09-03
14827,13060,Average,2024-09-08
14828,498,Good,2024-10-08
14829,14683,Excellent,2025-04-04
14830,17438,Excellent,2025-06-12
14831,10663,Good,2025-05-08
14832,19751,Needs Improvement,2024-07-24
14833,10266,Excellent,2025-05-10
14834,5901,Excellent,2024-11-10
14835,15433,Average,2025-01-04
14836,2026,Needs Improvement,2024-12-03
14837,18060,Good,2025-05-22
14838,17955,Needs Improvement,2025-05-09
14839,1758,Average,2025-06-25
14840,8012,Excellent,2025-03-16
14841,15362,Good,2024-12-28
14842,9438,Needs Improvement,2024-11-01
14843,12330,Needs Improvement,2024-09-29
14844,18980,Good,2025-04-02
14845,829,Average,2025-04-14
14846,16361,Average,2024-10-20
14847,2474,Excellent,2024-10-15
14848,12409,Good,2024-10-27
14849,11564,Good,2025-02-23
14850,8160,Good,2025-05-16
14851,12033,Average,2024-07-17
14852,14721,Excellent,2024-11-12
14853,9353,Needs Improvement,2024-08-24
14854,9380,Good,2024-07-22
14855,6183,Good,2024-09-12
14856,11870,Needs Improvement,2024-12-04
14857,10975,Good,2025-01-06
14858,10554,Good,2025-01-31
14859,18301,Good,2024-07-17
14860,15920,Needs Improvement,2025-01-24
14861,5174,Needs Improvement,2025-04-30
14862,12680,Excellent,2024-10-03
14863,898,Good,2024-07-15
14864,61,Needs Improvement,2025-05-28
14865,2307,Needs Improvement,2024-10-30
14866,983,Good,2024-11-18
14867,9609,Good,2024-12-02
14868,14060,Needs Improvement,2025-03-12
14869,14564,Good,2025-06-24
14870,4196,Average,2024-08-13
14871,6638,Average,2024-07-23
14872,13903,Average,2024-10-25
14873,11581,Good,2024-09-16
14874,5332,Excellent,2025-01-02
14875,4869,Good,2024-09-22
14876,5738,Good,2024-11-01
14877,3183,Average,2025-06-04
14878,1078,Excellent,2024-07-08
14879,6592,Excellent,2024-09-12
14880,1489,Average,2025-03-15
14881,1456,Needs Improvement,2024-11-02
14882,10889,Needs Improvement,2025-01-27
14883,14097,Excellent,2024-11-18
14884,10571,Good,2024-07-10
14885,14475,Average,2025-05-18
14886,3642,Needs Improvement,2024-10-20
14887,12128,Average,2024-07-22
14888,13417,Excellent,2024-12-28
14889,9423,Needs Improvement,2025-05-30
14890,9439,Average,2024-07-13
14891,11962,Good,2025-02-10
14892,3921,Excellent,2025-01-30
14893,17115,Average,2024-07-25
14894,9849,Excellent,2024-12-26
14895,1680,Good,2025-05-08
14896,5794,Needs Improvement,2024-12-06
14897,998,Average,2024-10-10
14898,5380,Excellent,2025-02-22
14899,8270,Needs Improvement,2024-10-25
14900,5130,Good,2024-07-09
14901,4780,Needs Improvement,2024-10-01
14902,13014,Good,2025-01-13
14903,15542,Average,2025-04-13
14904,5331,Needs Improvement,2025-01-26
14905,4040,Excellent,2025-06-20
14906,19450,Good,2024-08-29
14907,2337,Good,2025-04-04
14908,16536,Average,2025-06-01
14909,306,Good,2025-06-07
14910,7968,Good,2024-07-16
14911,18067,Needs Improvement,2024-08-08
14912,853,Excellent,2025-05-17
14913,14080,Excellent,2025-02-25
14914,14382,Needs Improvement,2024-12-26
14915,7963,Good,2025-02-21
14916,1994,Average,2025-02-16
14917,17093,Excellent,2024-11-05
14918,19227,Good,2024-10-28
14919,7914,Average,2025-03-01
14920,14233,Needs Improvement,2024-09-04
14921,1399,Good,2024-08-08
14922,11326,Average,2024-12-08
14923,11534,Good,2024-09-20
14924,17170,Good,2025-04-27
14925,12402,Excellent,2025-04-29
14926,3037,Excellent,2024-09-15
14927,17838,Needs Improvement,2025-04-24
14928,15972,Excellent,2025-04-03
14929,8170,Needs Improvement,2024-10-01
14930,5933,Excellent,2024-07-07
14931,6839,Good,2025-03-20
14932,16176,Average,2025-05-14
14933,2795,Good,2025-04-26
14934,12602,Excellent,2025-01-13
14935,19250,Needs Improvement,2025-05-12
14936,15810,Average,2025-05-21
14937,5725,Good,2024-07-15
14938,11073,Good,2025-05-15
14939,12610,Needs Improvement,2025-02-25
14940,3100,Average,2025-05-25
14941,17423,Average,2025-03-05
14942,18632,Needs Improvement,2025-01-16
14943,870,Needs Improvement,2025-01-17
14944,6401,Average,2025-05-10
14945,5779,Excellent,2024-07-27
14946,5753,Average,2024-09-01
14947,4013,Good,2025-04-22
14948,9007,Good,2024-11-11
14949,3739,Excellent,2025-03-27
14950,12720,Needs Improvement,2025-01-27
14951,207,Average,2025-05-14
14952,9062,Good,2024-12-03
14953,10470,Good,2024-12-08
14954,17623,Average,2025-01-31
14955,2676,Needs Improvement,2025-04-03
14956,11700,Excellent,2024-07-29
14957,15132,Needs Improvement,2024-08-13
14958,2455,Needs Improvement,2024-11-14
14959,9730,Needs Improvement,2024-12-09
14960,11358,Good,2025-06-10
14961,7286,Average,2025-05-14
14962,10213,Excellent,2024-10-11
14963,9872,Needs Improvement,2024-07-11
14964,2145,Excellent,2024-09-07
14965,16672,Excellent,2024-11-03
14966,1057,Average,2025-01-03
14967,13126,Good,2025-02-28
14968,6934,Average,2024-11-22
14969,11600,Excellent,2024-07-26
14970,11825,Good,2025-01-11
14971,9345,Average,2024-11-28
14972,7340,Needs Improvement,2024-10-23
14973,10855,Needs Improvement,2025-06-07
14974,1185,Excellent,2024-11-15
14975,4777,Needs Improvement,2024-07-07
14976,11641,Good,2024-08-22
14977,8336,Excellent,2024-08-10
14978,14991,Excellent,2025-06-27
14979,12235,Good,2025-04-27
14980,10335,Average,2025-02-07
14981,17254,Good,2024-11-24
14982,9703,Needs Improvement,2024-09-29
14983,18482,Needs Improvement,2024-08-29
14984,365,Needs Improvement,2025-03-30
14985,9783,Good,2024-12-11
14986,3172,Average,2025-01-14
14987,15411,Needs Improvement,2025-04-05
14988,15981,Excellent,2024-09-05
14989,16167,Needs Improvement,2024-11-19
14990,18329,Excellent,2025-04-27
14991,5880,Needs Improvement,2024-09-11
14992,16325,Good,2025-02-20
14993,14721,Average,2024-09-16
14994,19200,Good,2024-08-27
14995,17566,Good,2024-12-02
14996,6298,Average,2025-01-18
14997,5964,Needs Improvement,2025-06-18
14998,5843,Good,2025-03-24
14999,13112,Excellent,2025-01-22
15000,18613,Needs Improvement,2025-01-02
15001,6915,Good,2024-09-25
15002,5771,Excellent,2025-05-25
15003,6245,Excellent,2025-04-03
15004,3639,Excellent,2024-07-15
15005,1426,Needs Improvement,2025-04-10
15006,2451,Average,2025-02-09
15007,13002,Average,2025-03-17
15008,19018,Good,2025-05-07
15009,17362,Good,2024-12-07
15010,10495,Needs Improvement,2024-11-18
15011,1581,Excellent,2025-02-12
15012,13647,Excellent,2024-10-31
15013,18396,Good,2025-01-16
15014,9226,Needs Improvement,2025-04-12
15015,4161,Needs Improvement,2024-09-02
15016,10490,Average,2025-07-02
15017,16813,Excellent,2024-12-08
15018,18978,Average,2024-08-17
15019,12412,Excellent,2024-10-13
15020,14800,Good,2024-12-02
15021,6939,Excellent,2025-06-28
15022,13263,Excellent,2025-05-17
15023,1938,Needs Improvement,2024-12-07
15024,10447,Average,2024-12-28
15025,8851,Average,2025-04-01
15026,13135,Excellent,2024-07-13
15027,15938,Needs Improvement,2024-12-28
15028,8110,Good,2024-09-15
15029,5744,Average,2025-06-06
15030,13862,Excellent,2025-02-03
15031,14896,Average,2025-03-30
15032,1785,Needs Improvement,2025-05-09
15033,15327,Needs Improvement,2025-02-28
15034,18764,Average,2025-02-14
15035,1102,Excellent,2025-01-04
15036,11874,Needs Improvement,2025-06-27
15037,18231,Excellent,2025-03-27
15038,18559,Excellent,2024-10-05
15039,4665,Needs Improvement,2024-12-15
15040,12854,Excellent,2025-05-02
15041,1886,Good,2025-01-19
15042,17813,Excellent,2024-11-21
15043,2080,Needs Improvement,2025-04-19
15044,16742,Needs Improvement,2024-12-10
15045,8258,Excellent,2024-11-27
15046,454,Needs Improvement,2024-08-01
15047,5519,Needs Improvement,2025-06-23
15048,10688,Good,2025-02-16
15049,10544,Excellent,2024-10-20
15050,6067,Needs Improvement,2025-05-24
15051,10719,Excellent,2024-07-23
15052,8881,Average,2025-03-10
15053,1008,Excellent,2025-03-18
15054,6578,Excellent,2024-09-07
15055,6964,Excellent,2024-09-17
15056,9381,Needs Improvement,2024-09-05
15057,3293,Needs Improvement,2024-07-21
15058,7914,Good,2024-08-06
15059,12290,Excellent,2024-12-08
15060,1795,Needs Improvement,2025-05-02
15061,4146,Average,2024-11-19
15062,7422,Average,2025-05-12
15063,7247,Average,2025-04-08
15064,13860,Needs Improvement,2024-08-01
15065,11717,Excellent,2025-04-04
15066,18939,Needs Improvement,2024-12-10
15067,9618,Average,2024-10-05
15068,9435,Average,2024-09-02
15069,11183,Good,2025-01-19
15070,6066,Needs Improvement,2024-10-18
15071,11656,Needs Improvement,2024-07-09
15072,5595,Good,2025-07-04
15073,18186,Average,2025-03-13
15074,14058,Average,2024-12-08
15075,13074,Needs Improvement,2024-12-16
15076,1051,Average,2024-09-28
15077,16516,Good,2025-01-07
15078,15901,Excellent,2024-10-27
15079,5934,Needs Improvement,2024-10-28
15080,4583,Excellent,2025-03-16
15081,1676,Excellent,2024-09-21
15082,15195,Needs Improvement,2024-12-24
15083,10093,Average,2025-06-24
15084,4651,Average,2025-01-03
15085,18740,Needs Improvement,2024-11-07
15086,550,Average,2024-11-16
15087,11580,Good,2025-02-07
15088,5753,Needs Improvement,2025-05-15
15089,17053,Good,2025-06-04
15090,428,Good,2024-12-30
15091,5231,Good,2024-10-12
15092,2101,Needs Improvement,2024-09-23
15093,19879,Good,2025-01-08
15094,10347,Needs Improvement,2025-06-06
15095,17982,Excellent,2025-02-03
15096,6174,Excellent,2025-03-27
15097,617,Excellent,2024-12-27
15098,18885,Needs Improvement,2024-10-09
15099,7398,Good,2025-01-01
15100,12033,Good,2024-08-25
15101,14462,Good,2025-06-07
15102,2401,Excellent,2025-01-25
15103,3599,Excellent,2024-08-12
15104,15902,Excellent,2025-01-02
15105,3829,Average,2024-12-09
15106,4507,Average,2025-04-12
15107,19721,Good,2025-02-11
15108,10017,Good,2024-10-31
15109,1531,Excellent,2025-07-04
15110,9615,Good,2024-07-16
15111,574,Excellent,2025-01-07
15112,16743,Needs Improvement,2025-02-28
15113,3638,Average,2024-07-09
15114,13632,Excellent,2024-11-17
15115,5237,Needs Improvement,2024-11-01
15116,5439,Needs Improvement,2024-12-10
15117,14127,Needs Improvement,2025-07-04
15118,13685,Needs Improvement,2025-01-07
15119,4944,Good,2024-09-25
15120,8584,Average,2025-07-06
15121,18148,Needs Improvement,2025-04-02
15122,8299,Average,2024-09-05
15123,6395,Good,2025-04-05
15124,15245,Good,2025-04-29
15125,2486,Average,2025-01-13
15126,11666,Excellent,2025-01-20
15127,12527,Average,2025-01-30
15128,7594,Excellent,2024-12-14
15129,12041,Excellent,2024-07-15
15130,11495,Excellent,2024-12-18
15131,5045,Excellent,2025-05-13
15132,10224,Average,2025-02-19
15133,8289,Needs Improvement,2024-12-31
15134,13574,Needs Improvement,2025-01-10
15135,17818,Good,2025-05-16
15136,14600,Good,2024-09-19
15137,274,Needs Improvement,2024-10-24
15138,10404,Good,2025-05-23
15139,4287,Average,2025-02-19
15140,10652,Needs Improvement,2024-11-30
15141,2442,Excellent,2025-04-18
15142,12652,Excellent,2024-10-31
15143,19721,Good,2025-04-15
15144,13542,Excellent,2025-02-23
15145,6801,Average,2024-10-17
15146,4222,Needs Improvement,2025-06-25
15147,9192,Good,2025-03-20
15148,18335,Needs Improvement,2025-02-05
15149,12673,Excellent,2025-02-26
15150,14937,Needs Improvement,2024-08-02
15151,7836,Excellent,2025-02-14
15152,18137,Excellent,2025-06-14
15153,12193,Good,2024-10-25
15154,7296,Average,2025-07-03
15155,4056,Excellent,2025-06-14
15156,130,Good,2024-08-28
15157,8631,Average,2024-11-07
15158,8641,Good,2024-09-10
15159,16782,Average,2025-04-29
15160,10153,Needs Improvement,2024-11-22
15161,15820,Good,2025-06-18
15162,17282,Good,2025-02-19
15163,7949,Good,2024-08-01
15164,10237,Needs Improvement,2024-07-25
15165,7142,Average,2025-03-06
15166,8810,Excellent,2024-09-26
15167,10128,Excellent,2024-11-18
15168,3390,Average,2024-12-03
15169,16525,Excellent,2025-03-28
15170,1892,Needs Improvement,2025-04-12
15171,16395,Needs Improvement,2025-04-08
15172,14935,Excellent,2025-02-23
15173,5186,Average,2025-06-03
15174,15996,Excellent,2024-12-16
15175,3200,Good,2024-11-16
15176,6502,Average,2025-02-15
15177,6365,Good,2025-04-09
15178,2181,Needs Improvement,2024-12-07
15179,6927,Good,2024-12-09
15180,4459,Good,2025-06-08
15181,18361,Needs Improvement,2024-09-22
15182,506,Good,2024-11-21
15183,18180,Needs Improvement,2025-01-15
15184,16395,Average,2024-08-28
15185,8245,Good,2024-12-07
15186,751,Average,2025-05-30
15187,11054,Needs Improvement,2025-01-11
15188,19735,Average,2024-11-02
15189,15910,Average,2025-01-06
15190,5303,Needs Improvement,2025-02-02
15191,1483,Needs Improvement,2025-06-17
15192,8305,Excellent,2024-12-08
15193,15753,Good,2025-06-18
15194,9756,Needs Improvement,2025-06-09
15195,1562,Good,2025-01-09
15196,9598,Excellent,2025-04-09
15197,1011,Needs Improvement,2025-05-26
15198,495,Average,2024-07-08
15199,14998,Needs Improvement,2025-03-16
15200,10604,Excellent,2025-01-10
15201,13728,Excellent,2025-01-08
15202,4650,Average,2024-10-02
15203,477,Average,2024-11-15
15204,6027,Good,2025-01-31
15205,1275,Good,2025-02-03
15206,13710,Excellent,2025-06-01
15207,15563,Excellent,2024-10-25
15208,18254,Needs Improvement,2024-12-20
15209,755,Excellent,2025-06-19
15210,6263,Excellent,2024-09-21
15211,3575,Needs Improvement,2025-04-30
15212,3884,Good,2025-05-29
15213,409,Good,2024-08-06
15214,5403,Good,2024-10-02
15215,19008,Excellent,2025-02-11
15216,5227,Excellent,2025-03-15
15217,13491,Good,2025-01-21
15218,11491,Good,2025-04-06
15219,9008,Needs Improvement,2025-04-24
15220,5589,Excellent,2025-02-25
15221,19499,Average,2024-09-22
15222,5539,Good,2025-02-28
15223,16168,Good,2024-09-20
15224,1234,Needs Improvement,2024-12-03
15225,16437,Excellent,2024-07-16
15226,7049,Good,2024-12-07
15227,12628,Good,2024-10-26
15228,8112,Average,2025-04-23
15229,9379,Good,2024-12-18
15230,8808,Good,2025-06-27
15231,12215,Needs Improvement,2025-04-11
15232,1435,Needs Improvement,2025-04-11
15233,1992,Excellent,2024-12-23
15234,8934,Excellent,2025-04-05
15235,252,Good,2025-03-26
15236,18863,Needs Improvement,2025-05-31
15237,8494,Excellent,2024-12-01
15238,1224,Good,2025-05-15
15239,16355,Excellent,2024-08-16
15240,11052,Average,2024-11-02
15241,13967,Needs Improvement,2024-10-29
15242,2343,Needs Improvement,2025-05-19
15243,11362,Average,2024-10-09
15244,12559,Average,2025-01-14
15245,13809,Needs Improvement,2024-12-12
15246,8472,Average,2025-01-13
15247,4715,Average,2025-03-20
15248,6438,Excellent,2024-10-27
15249,11992,Needs Improvement,2024-11-30
15250,6853,Needs Improvement,2024-10-25
15251,18240,Excellent,2024-09-29
15252,15654,Average,2025-01-17
15253,4540,Average,2024-11-22
15254,16761,Good,2024-09-28
15255,7117,Excellent,2024-08-13
15256,1302,Average,2024-10-12
15257,18903,Needs Improvement,2024-08-03
15258,10825,Good,2025-05-03
15259,11804,Good,2024-07-21
15260,8745,Good,2024-10-06
15261,5710,Good,2025-02-09
15262,13247,Excellent,2025-02-27
15263,18048,Needs Improvement,2024-10-16
15264,16105,Average,2024-11-08
15265,1953,Excellent,2025-06-26
15266,12556,Average,2024-12-05
15267,6679,Excellent,2024-10-24
15268,14391,Good,2024-08-06
15269,1624,Needs Improvement,2024-12-01
15270,2467,Good,2024-07-18
15271,5069,Average,2024-07-06
15272,5106,Excellent,2024-12-22
15273,607,Excellent,2025-03-19
15274,18149,Excellent,2025-06-11
15275,3338,Excellent,2024-11-07
15276,12337,Needs Improvement,2025-03-14
15277,2749,Good,2025-01-20
15278,9459,Average,2024-08-01
15279,15915,Good,2024-11-03
15280,4574,Good,2024-08-20
15281,12876,Needs Improvement,2025-01-24
15282,2345,Good,2025-03-12
15283,2387,Excellent,2024-11-05
15284,6396,Needs Improvement,2024-11-20
15285,14683,Needs Improvement,2025-03-29
15286,12449,Good,2025-03-24
15287,13752,Good,2024-07-11
15288,18605,Excellent,2025-02-19
15289,19327,Good,2024-12-22
15290,14552,Excellent,2024-12-06
15291,17751,Needs Improvement,2025-05-22
15292,6207,Excellent,2025-03-02
15293,10970,Average,2024-12-01
15294,2668,Good,2025-02-14
15295,10713,Good,2024-09-05
15296,12807,Excellent,2024-09-15
15297,2008,Average,2025-01-05
15298,12692,Average,2025-02-07
15299,654,Average,2024-10-27
15300,18053,Needs Improvement,2025-05-15
15301,9369,Excellent,2025-01-08
15302,4684,Excellent,2024-08-23
15303,8152,Excellent,2025-05-24
15304,16458,Good,2025-02-04
15305,8084,Good,2024-08-23
15306,9435,Average,2025-02-04
15307,15956,Excellent,2025-01-08
15308,17487,Excellent,2024-09-28
15309,12792,Excellent,2025-02-07
15310,1566,Needs Improvement,2024-12-27
15311,18333,Needs Improvement,2024-08-15
15312,3389,Average,2025-03-07
15313,3518,Good,2024-11-20
15314,6743,Average,2024-10-24
15315,17470,Good,2024-10-24
15316,1684,Average,2024-11-26
15317,7523,Excellent,2025-01-08
15318,10268,Needs Improvement,2024-10-23
15319,2024,Good,2025-04-12
15320,17261,Good,2024-11-12
15321,3882,Needs Improvement,2025-01-26
15322,11660,Needs Improvement,2025-03-31
15323,776,Good,2024-07-10
15324,19213,Excellent,2025-03-09
15325,18167,Needs Improvement,2024-09-22
15326,10939,Good,2024-12-20
15327,16859,Good,2025-06-16
15328,5196,Average,2024-12-02
15329,7838,Average,2024-10-01
15330,11501,Needs Improvement,2024-07-08
15331,9329,Excellent,2025-04-09
15332,11613,Average,2025-03-11
15333,16641,Good,2024-10-27
15334,9116,Needs Improvement,2025-06-15
15335,12221,Excellent,2025-01-13
15336,19365,Good,2024-12-17
15337,16634,Good,2025-04-13
15338,2786,Average,2024-11-06
15339,13474,Needs Improvement,2025-03-03
15340,659,Excellent,2024-12-04
15341,7530,Needs Improvement,2025-04-29
15342,15622,Needs Improvement,2025-04-20
15343,14395,Average,2024-11-13
15344,6620,Needs Improvement,2025-01-11
15345,13298,Good,2025-01-08
15346,9806,Average,2025-06-11
15347,6301,Needs Improvement,2025-04-19
15348,2480,Good,2024-09-15
15349,13768,Needs Improvement,2024-10-14
15350,479,Excellent,2024-07-23
15351,996,Needs Improvement,2025-03-03
15352,9071,Needs Improvement,2025-04-13
15353,13088,Average,2024-10-14
15354,4687,Good,2024-10-07
15355,7430,Good,2024-10-30
15356,18541,Average,2025-01-19
15357,11450,Good,2024-07-06
15358,6407,Excellent,2024-12-19
15359,1088,Average,2024-10-18
15360,1795,Needs Improvement,2025-03-28
15361,12468,Good,2025-04-04
15362,16102,Excellent,2025-02-04
15363,17079,Good,2025-05-25
15364,18768,Excellent,2025-03-18
15365,9957,Excellent,2024-09-14
15366,9900,Excellent,2024-09-17
15367,8802,Needs Improvement,2024-09-26
15368,1130,Needs Improvement,2024-09-20
15369,13266,Excellent,2024-08-08
15370,16649,Needs Improvement,2024-08-05
15371,2257,Good,2024-09-28
15372,9162,Excellent,2024-12-22
15373,12752,Average,2025-06-27
15374,1472,Average,2025-03-24
15375,14363,Average,2024-10-09
15376,19090,Needs Improvement,2024-09-18
15377,11131,Needs Improvement,2024-07-23
15378,5076,Excellent,2025-04-19
15379,6437,Good,2024-08-08
15380,6550,Average,2024-12-07
15381,5564,Average,2024-07-13
15382,574,Good,2024-08-14
15383,8555,Needs Improvement,2024-11-08
15384,13468,Excellent,2025-01-18
15385,16373,Good,2024-07-28
15386,13246,Average,2024-11-09
15387,7584,Average,2025-06-10
15388,14979,Average,2025-02-21
15389,19382,Excellent,2025-04-28
15390,11980,Needs Improvement,2025-03-17
15391,3062,Needs Improvement,2024-07-19
15392,15403,Average,2025-05-16
15393,5078,Good,2024-12-11
15394,921,Average,2025-05-25
15395,5487,Excellent,2025-04-14
15396,16632,Average,2024-07-17
15397,11449,Excellent,2024-08-16
15398,4857,Needs Improvement,2025-03-15
15399,3000,Average,2025-04-12
15400,4401,Good,2024-11-30
15401,1503,Needs Improvement,2025-01-14
15402,4476,Good,2025-06-14
15403,12201,Excellent,2024-10-28
15404,2861,Good,2024-08-27
15405,10761,Average,2025-04-05
15406,1654,Excellent,2025-02-20
15407,9044,Needs Improvement,2025-04-15
15408,33,Average,2025-04-05
15409,13218,Average,2025-07-01
15410,5679,Average,2024-10-09
15411,12924,Good,2024-11-14
15412,7915,Average,2024-08-05
15413,15712,Good,2025-03-22
15414,6967,Average,2024-09-07
15415,16185,Good,2025-06-19
15416,8547,Average,2025-01-02
15417,10729,Average,2025-01-24
15418,18541,Excellent,2024-10-18
15419,12934,Excellent,2025-03-20
15420,11417,Excellent,2025-05-22
15421,11384,Good,2024-07-24
15422,9335,Excellent,2025-05-12
15423,16312,Average,2025-01-04
15424,4098,Excellent,2024-08-13
15425,4584,Excellent,2024-10-21
15426,105,Good,2024-09-02
15427,12702,Average,2025-03-11
15428,10335,Good,2025-03-25
15429,1911,Excellent,2025-04-02
15430,16912,Excellent,2025-03-13
15431,7088,Good,2024-10-31
15432,14010,Good,2025-03-26
15433,14175,Good,2024-08-20
15434,8364,Good,2024-08-20
15435,2069,Excellent,2024-12-09
15436,14177,Excellent,2025-04-21
15437,18305,Good,2025-04-04
15438,19787,Good,2024-09-23
15439,6351,Average,2024-11-07
15440,12733,Excellent,2025-02-21
15441,14666,Average,2025-04-02
15442,4303,Good,2025-06-17
15443,12875,Needs Improvement,2025-05-02
15444,13059,Average,2025-01-17
15445,6404,Needs Improvement,2024-10-16
15446,2598,Average,2024-11-10
15447,4315,Average,2024-12-28
15448,15757,Needs Improvement,2025-03-28
15449,15117,Needs Improvement,2024-07-18
15450,5140,Average,2025-03-31
15451,19079,Good,2025-05-11
15452,6092,Average,2024-09-18
15453,12139,Average,2024-12-28
15454,18843,Good,2024-12-31
15455,8539,Average,2025-03-30
15456,9005,Average,2024-08-21
15457,17550,Needs Improvement,2025-02-24
15458,5394,Excellent,2025-05-27
15459,6085,Good,2024-07-24
15460,5095,Good,2024-07-07
15461,19518,Excellent,2025-03-27
15462,13235,Excellent,2025-04-08
15463,7194,Average,2025-07-03
15464,19539,Excellent,2025-05-06
15465,18603,Average,2024-07-26
15466,5978,Average,2025-01-24
15467,12889,Good,2024-09-29
15468,2380,Needs Improvement,2025-01-03
15469,5191,Average,2025-05-30
15470,7510,Good,2024-08-31
15471,1117,Excellent,2025-02-21
15472,14902,Average,2024-08-14
15473,144,Good,2025-05-26
15474,17526,Needs Improvement,2025-03-04
15475,19363,Good,2025-03-09
15476,4297,Excellent,2024-07-10
15477,10159,Average,2024-09-16
15478,15549,Excellent,2024-09-03
15479,2672,Excellent,2025-05-08
15480,10821,Good,2024-12-16
15481,18966,Excellent,2024-12-22
15482,11612,Good,2025-02-28
15483,3336,Average,2025-01-19
15484,5994,Excellent,2025-06-22
15485,6745,Needs Improvement,2024-12-09
15486,7026,Average,2025-03-29
15487,12203,Good,2025-03-07
15488,3069,Good,2025-01-31
15489,10520,Average,2025-02-22
15490,16266,Excellent,2024-12-28
15491,9869,Average,2024-10-21
15492,5471,Excellent,2025-04-04
15493,3773,Average,2024-09-29
15494,11864,Average,2025-04-17
15495,19325,Good,2024-09-17
15496,13548,Average,2025-01-05
15497,11196,Excellent,2025-04-15
15498,8467,Excellent,2024-12-28
15499,3024,Excellent,2024-09-04
15500,10496,Needs Improvement,2025-02-20
15501,65,Needs Improvement,2025-01-25
15502,62,Excellent,2024-12-18
15503,10330,Needs Improvement,2025-02-20
15504,16770,Excellent,2024-09-19
15505,10741,Needs Improvement,2024-08-16
15506,11160,Good,2024-11-07
15507,18325,Good,2024-09-29
15508,12048,Good,2025-04-26
15509,1153,Good,2025-01-26
15510,8770,Needs Improvement,2024-10-09
15511,14548,Excellent,2024-09-19
15512,3479,Average,2024-12-15
15513,12863,Good,2024-10-06
15514,5132,Good,2024-08-12
15515,1671,Needs Improvement,2024-09-01
15516,7184,Average,2025-01-25
15517,12299,Good,2025-03-22
15518,8921,Average,2025-03-12
15519,18162,Needs Improvement,2025-04-02
15520,17689,Needs Improvement,2024-09-13
15521,6478,Average,2024-08-07
15522,8299,Needs Improvement,2025-05-18
15523,14460,Good,2025-06-03
15524,17350,Excellent,2025-04-19
15525,10719,Good,2025-01-17
15526,17940,Excellent,2025-03-25
15527,16911,Average,2024-12-20
15528,2716,Average,2024-08-19
15529,15990,Excellent,2025-05-26
15530,6802,Good,2025-01-23
15531,16462,Good,2025-05-06
15532,7148,Average,2024-07-09
15533,5236,Excellent,2024-12-21
15534,2005,Average,2025-04-04
15535,13792,Needs Improvement,2025-03-10
15536,13231,Average,2024-10-30
15537,17999,Needs Improvement,2024-12-02
15538,13877,Average,2024-12-31
15539,8653,Needs Improvement,2024-11-17
15540,13153,Needs Improvement,2024-08-14
15541,15958,Excellent,2024-10-04
15542,19200,Needs Improvement,2024-11-29
15543,14962,Good,2025-01-26
15544,10852,Needs Improvement,2025-05-30
15545,17172,Excellent,2025-04-11
15546,7674,Good,2025-06-09
15547,7985,Average,2025-06-03
15548,6950,Needs Improvement,2024-10-08
15549,15338,Needs Improvement,2024-09-26
15550,18389,Average,2025-05-04
15551,18696,Excellent,2024-09-15
15552,17112,Needs Improvement,2025-04-20
15553,1963,Good,2025-02-14
15554,5100,Needs Improvement,2024-07-10
15555,16433,Good,2024-10-15
15556,7193,Average,2024-10-01
15557,1864,Good,2024-12-30
15558,17822,Good,2025-05-24
15559,11782,Needs Improvement,2025-04-16
15560,18243,Excellent,2025-02-20
15561,18164,Average,2024-09-19
15562,1456,Excellent,2025-02-15
15563,10708,Average,2024-10-17
15564,8271,Good,2025-06-07
15565,8657,Needs Improvement,2025-04-11
15566,15877,Needs Improvement,2024-12-26
15567,2957,Needs Improvement,2025-04-04
15568,8266,Good,2025-05-02
15569,4748,Average,2025-06-18
15570,14245,Excellent,2024-08-07
15571,3438,Good,2024-08-07
15572,9006,Average,2025-06-09
15573,2773,Needs Improvement,2025-06-30
15574,12973,Average,2025-05-27
15575,2578,Needs Improvement,2024-12-21
15576,16144,Needs Improvement,2025-02-18
15577,15544,Good,2025-06-24
15578,18202,Good,2025-01-06
15579,10942,Average,2025-03-31
15580,17123,Needs Improvement,2024-12-19
15581,13216,Needs Improvement,2025-02-11
15582,19891,Needs Improvement,2025-02-14
15583,9581,Good,2024-11-02
15584,18049,Needs Improvement,2024-10-23
15585,17708,Average,2024-09-24
15586,4231,Average,2024-10-06
15587,5927,Needs Improvement,2024-12-02
15588,13895,Needs Improvement,2024-07-12
15589,18833,Average,2025-05-23
15590,14321,Needs Improvement,2025-05-09
15591,15000,Excellent,2024-11-24
15592,19847,Excellent,2024-10-24
15593,10957,Needs Improvement,2025-03-07
15594,2604,Good,2025-05-14
15595,7663,Excellent,2025-03-19
15596,17524,Average,2024-07-26
15597,15482,Average,2025-05-10
15598,14867,Average,2024-07-18
15599,542,Average,2024-12-16
15600,2633,Average,2024-11-27
15601,9141,Needs Improvement,2025-03-12
15602,11026,Average,2024-12-26
15603,5970,Good,2024-07-08
15604,5226,Needs Improvement,2024-08-18
15605,7893,Average,2025-05-06
15606,16785,Excellent,2024-08-09
15607,4946,Excellent,2024-11-09
15608,18163,Good,2025-04-26
15609,8917,Good,2024-07-06
15610,11690,Average,2025-06-10
15611,10756,Excellent,2025-02-19
15612,5131,Excellent,2025-03-06
15613,8215,Needs Improvement,2025-04-08
15614,17249,Good,2025-06-01
15615,7574,Excellent,2024-09-12
15616,1352,Excellent,2025-05-05
15617,3303,Average,2025-02-16
15618,17549,Average,2024-12-29
15619,17778,Average,2025-05-26
15620,1779,Good,2025-05-06
15621,13883,Needs Improvement,2024-11-25
15622,1269,Good,2024-12-07
15623,12623,Good,2025-04-03
15624,3023,Excellent,2024-10-22
15625,12483,Average,2024-07-16
15626,16668,Needs Improvement,2024-09-26
15627,7172,Average,2024-10-09
15628,12795,Needs Improvement,2024-11-25
15629,4844,Needs Improvement,2025-06-30
15630,11670,Excellent,2025-05-16
15631,6929,Good,2025-05-15
15632,11372,Needs Improvement,2025-02-21
15633,10398,Excellent,2024-12-11
15634,12829,Excellent,2024-10-05
15635,5442,Excellent,2025-02-14
15636,7453,Good,2024-10-21
15637,11510,Good,2025-02-20
15638,16199,Needs Improvement,2025-05-04
15639,15427,Average,2024-08-17
15640,15352,Good,2025-01-15
15641,1779,Good,2025-04-12
15642,15470,Average,2025-01-11
15643,4300,Good,2024-09-24
15644,9917,Good,2024-09-18
15645,15199,Excellent,2025-02-23
15646,4008,Average,2024-10-06
15647,7860,Good,2025-02-08
15648,3569,Average,2024-07-06
15649,266,Good,2024-11-11
15650,18933,Needs Improvement,2024-08-05
15651,2814,Good,2025-05-04
15652,7557,Average,2025-05-04
15653,16613,Needs Improvement,2025-03-13
15654,14996,Good,2024-09-26
15655,14167,Needs Improvement,2024-09-14
15656,2810,Needs Improvement,2025-01-15
15657,17367,Average,2024-08-19
15658,8629,Good,2025-01-23
15659,16493,Needs Improvement,2025-01-03
15660,1885,Needs Improvement,2025-04-29
15661,9317,Excellent,2024-12-30
15662,6344,Average,2025-03-29
15663,2176,Good,2024-12-30
15664,9538,Excellent,2024-12-25
15665,5804,Good,2024-10-16
15666,19515,Good,2024-09-22
15667,11319,Needs Improvement,2025-01-23
15668,5575,Good,2025-01-22
15669,4083,Average,2024-07-20
15670,6330,Excellent,2024-08-02
15671,6639,Average,2024-12-16
15672,1271,Needs Improvement,2024-09-11
15673,3849,Excellent,2025-02-22
15674,2418,Good,2024-07-11
15675,12893,Good,2025-06-04
15676,14408,Needs Improvement,2025-02-07
15677,10241,Excellent,2025-05-07
15678,8745,Excellent,2024-09-01
15679,5039,Average,2024-10-19
15680,19213,Needs Improvement,2025-04-26
15681,717,Average,2024-12-04
15682,4768,Good,2025-01-28
15683,13253,Excellent,2025-01-03
15684,7702,Excellent,2025-06-25
15685,19038,Good,2024-12-10
15686,1625,Needs Improvement,2024-09-25
15687,18210,Needs Improvement,2024-12-18
15688,13017,Average,2024-09-01
15689,2058,Needs Improvement,2025-05-20
15690,2798,Average,2025-05-25
15691,7737,Needs Improvement,2024-12-19
15692,5045,Needs Improvement,2025-03-21
15693,2175,Good,2025-02-04
15694,2695,Average,2024-09-09
15695,9526,Needs Improvement,2025-05-24
15696,17399,Good,2024-10-22
15697,6135,Average,2024-09-02
15698,9781,Needs Improvement,2025-01-15
15699,9399,Needs Improvement,2024-07-19
15700,6486,Good,2024-09-10
15701,8162,Needs Improvement,2024-11-08
15702,7689,Average,2024-12-13
15703,13234,Needs Improvement,2025-01-16
15704,2993,Needs Improvement,2025-06-04
15705,13880,Good,2025-01-05
15706,18465,Average,2024-07-08
15707,16637,Average,2025-04-01
15708,4340,Needs Improvement,2024-07-10
15709,5528,Excellent,2025-02-13
15710,3871,Average,2024-07-26
15711,6783,Average,2024-12-28
15712,18701,Excellent,2024-12-20
15713,3389,Good,2024-10-05
15714,11705,Needs Improvement,2025-05-23
15715,16030,Needs Improvement,2025-01-19
15716,4851,Needs Improvement,2025-03-18
15717,6832,Excellent,2024-08-03
15718,6289,Good,2024-09-07
15719,1689,Average,2024-12-23
15720,8618,Good,2024-07-25
15721,19414,Average,2024-10-19
15722,13880,Good,2025-01-15
15723,1256,Needs Improvement,2025-05-20
15724,19098,Excellent,2025-05-23
15725,12800,Needs Improvement,2025-04-04
15726,8241,Average,2025-04-10
15727,17555,Excellent,2024-12-29
15728,10317,Average,2024-09-18
15729,18678,Needs Improvement,2024-10-31
15730,9611,Excellent,2025-02-17
15731,997,Good,2024-11-26
15732,18642,Needs Improvement,2025-06-17
15733,18666,Needs Improvement,2025-02-26
15734,4297,Good,2024-08-20
15735,2508,Average,2024-08-27
15736,13161,Needs Improvement,2024-11-16
15737,6362,Good,2024-07-26
15738,7789,Average,2025-05-26
15739,12762,Excellent,2024-09-24
15740,17438,Excellent,2024-11-29
15741,11580,Needs Improvement,2024-08-08
15742,15608,Average,2025-05-29
15743,13102,Average,2024-08-10
15744,7053,Average,2025-05-28
15745,876,Average,2024-10-12
15746,3897,Good,2024-07-17
15747,17295,Good,2025-01-21
15748,402,Excellent,2024-11-26
15749,7579,Good,2025-04-13
15750,14845,Good,2024-09-09
15751,11496,Excellent,2024-08-08
15752,18491,Excellent,2024-12-05
15753,14561,Excellent,2024-08-26
15754,1905,Good,2025-01-02
15755,2659,Average,2025-06-17
15756,11253,Needs Improvement,2024-12-08
15757,2180,Excellent,2024-07-11
15758,10430,Needs Improvement,2024-09-30
15759,19155,Needs Improvement,2024-10-29
15760,6118,Needs Improvement,2025-07-06
15761,19587,Good,2025-03-13
15762,17358,Excellent,2025-06-18
15763,785,Excellent,2025-06-22
15764,4593,Needs Improvement,2024-11-26
15765,15697,Excellent,2024-10-10
15766,15733,Excellent,2025-06-22
15767,2567,Good,2025-02-09
15768,14621,Excellent,2024-07-19
15769,15563,Good,2024-07-30
15770,3273,Good,2025-04-06
15771,16411,Excellent,2025-01-07
15772,6586,Good,2024-11-11
15773,18475,Average,2025-04-09
15774,2710,Needs Improvement,2025-02-18
15775,3483,Good,2025-02-03
15776,15893,Excellent,2025-02-12
15777,2191,Good,2024-10-29
15778,18184,Excellent,2025-03-03
15779,865,Excellent,2024-07-06
15780,11793,Good,2025-02-21
15781,2698,Needs Improvement,2024-07-07
15782,8696,Average,2025-01-18
15783,7564,Needs Improvement,2024-07-19
15784,12798,Good,2025-04-03
15785,15825,Needs Improvement,2025-03-29
15786,9211,Excellent,2025-06-15
15787,2187,Needs Improvement,2024-10-17
15788,12924,Average,2024-11-22
15789,3355,Needs Improvement,2024-10-31
15790,2217,Good,2024-11-24
15791,19636,Good,2025-03-30
15792,19859,Good,2025-06-08
15793,19891,Good,2025-05-25
15794,8545,Good,2024-11-24
15795,3630,Good,2025-03-29
15796,2643,Average,2024-08-27
15797,13924,Excellent,2024-11-20
15798,771,Needs Improvement,2024-10-22
15799,9900,Excellent,2024-12-20
15800,9629,Needs Improvement,2025-04-06
15801,1571,Needs Improvement,2024-10-16
15802,19342,Average,2025-02-28
15803,16141,Needs Improvement,2025-01-14
15804,10577,Excellent,2025-03-26
15805,2962,Excellent,2025-01-05
15806,4752,Average,2025-02-02
15807,19883,Average,2025-04-21
15808,9932,Excellent,2025-01-17
15809,2749,Average,2024-11-14
15810,13416,Average,2024-09-24
15811,7909,Good,2024-10-27
15812,2422,Average,2025-02-04
15813,12061,Excellent,2025-03-02
15814,16463,Excellent,2025-01-28
15815,5289,Average,2024-08-14
15816,3087,Average,2024-10-05
15817,9117,Needs Improvement,2024-09-19
15818,11798,Good,2024-07-19
15819,18361,Excellent,2024-08-05
15820,18352,Excellent,2025-03-03
15821,13612,Good,2024-08-11
15822,16916,Average,2025-02-03
15823,17883,Excellent,2024-12-09
15824,9720,Average,2024-11-24
15825,16652,Needs Improvement,2025-04-10
15826,6910,Excellent,2024-12-26
15827,11661,Excellent,2025-01-23
15828,12767,Average,2025-06-25
15829,12265,Needs Improvement,2024-09-06
15830,16961,Excellent,2024-11-15
15831,18385,Average,2025-03-12
15832,18721,Needs Improvement,2024-09-03
15833,16934,Average,2024-07-20
15834,18855,Average,2025-02-16
15835,7084,Needs Improvement,2025-06-02
15836,17217,Excellent,2024-12-17
15837,6776,Excellent,2025-02-07
15838,5489,Average,2024-09-16
15839,6092,Needs Improvement,2024-10-20
15840,17126,Good,2024-08-18
15841,19726,Average,2024-07-14
15842,7027,Excellent,2024-08-16
15843,929,Good,2024-08-30
15844,16425,Excellent,2025-06-29
15845,8011,Excellent,2025-04-07
15846,13134,Needs Improvement,2024-09-02
15847,14343,Good,2024-07-11
15848,16364,Good,2024-11-30
15849,14868,Good,2024-11-23
15850,19940,Average,2025-01-19
15851,14718,Needs Improvement,2024-08-05
15852,2265,Good,2024-10-29
15853,4186,Average,2024-12-14
15854,4651,Good,2024-09-17
15855,15366,Good,2025-04-21
15856,3139,Needs Improvement,2025-06-27
15857,10994,Average,2025-04-20
15858,15797,Excellent,2024-09-19
15859,12019,Excellent,2024-07-26
15860,13155,Good,2024-12-19
15861,10531,Average,2025-06-09
15862,2479,Needs Improvement,2025-02-22
15863,3923,Excellent,2025-04-01
15864,15752,Needs Improvement,2024-10-25
15865,1500,Good,2025-04-25
15866,19201,Good,2025-04-11
15867,7933,Good,2024-07-20
15868,534,Needs Improvement,2024-11-02
15869,7169,Needs Improvement,2024-07-23
15870,16924,Good,2025-03-16
15871,7159,Excellent,2025-03-18
15872,840,Good,2024-08-03
15873,2454,Excellent,2024-08-03
15874,5486,Excellent,2024-12-05
15875,17705,Needs Improvement,2024-07-22
15876,9983,Excellent,2025-01-30
15877,4209,Good,2024-08-31
15878,2840,Needs Improvement,2024-12-05
15879,15902,Good,2025-01-27
15880,17927,Good,2025-04-04
15881,9547,Excellent,2025-03-14
15882,9013,Needs Improvement,2025-04-01
15883,17330,Average,2025-03-28
15884,1161,Good,2024-11-07
15885,4674,Needs Improvement,2024-07-12
15886,993,Average,2025-01-03
15887,6776,Needs Improvement,2024-11-14
15888,10105,Average,2024-09-10
15889,12587,Good,2024-11-25
15890,6166,Good,2024-08-18
15891,13534,Average,2024-07-07
15892,15564,Average,2024-10-30
15893,15991,Excellent,2025-05-09
15894,13017,Excellent,2024-11-23
15895,13828,Needs Improvement,2025-02-17
15896,9051,Good,2025-05-17
15897,19792,Good,2024-09-13
15898,19977,Good,2025-06-13
15899,2267,Needs Improvement,2025-05-24
15900,16185,Needs Improvement,2024-11-02
15901,4204,Good,2025-05-17
15902,8965,Average,2024-11-27
15903,19300,Average,2025-05-23
15904,8683,Excellent,2024-10-17
15905,8712,Average,2025-05-23
15906,5615,Excellent,2025-01-26
15907,17250,Needs Improvement,2024-07-08
15908,2306,Needs Improvement,2024-09-12
15909,17282,Excellent,2024-10-08
15910,17027,Good,2024-07-25
15911,7473,Good,2025-05-21
15912,18837,Good,2024-08-30
15913,2080,Excellent,2025-01-05
15914,6644,Needs Improvement,2025-02-23
15915,1834,Good,2025-03-22
15916,7930,Excellent,2024-08-13
15917,2153,Average,2025-02-18
15918,12135,Excellent,2024-11-04
15919,7554,Good,2024-08-02
15920,12243,Average,2025-01-22
15921,5864,Good,2024-09-28
15922,2449,Needs Improvement,2025-03-11
15923,2709,Excellent,2025-01-08
15924,6807,Excellent,2024-08-06
15925,1431,Needs Improvement,2024-11-30
15926,14353,Good,2024-07-17
15927,18216,Needs Improvement,2024-08-26
15928,2613,Good,2024-11-21
15929,8629,Needs Improvement,2024-11-13
15930,9488,Good,2025-06-29
15931,9175,Needs Improvement,2025-06-10
15932,735,Good,2025-04-02
15933,12783,Average,2024-11-14
15934,14431,Excellent,2024-08-21
15935,12718,Excellent,2024-09-12
15936,12272,Excellent,2024-09-19
15937,14961,Needs Improvement,2024-08-06
15938,9580,Good,2025-02-08
15939,12325,Excellent,2024-08-30
15940,8489,Good,2024-11-20
15941,16698,Needs Improvement,2024-08-31
15942,3112,Average,2024-10-12
15943,3099,Excellent,2025-01-07
15944,12731,Average,2024-10-23
15945,7421,Excellent,2025-05-18
15946,2947,Excellent,2025-05-21
15947,6667,Good,2025-03-17
15948,14616,Needs Improvement,2024-12-01
15949,10546,Excellent,2025-02-20
15950,8808,Good,2025-06-07
15951,7299,Average,2025-03-18
15952,741,Excellent,2024-08-14
15953,813,Good,2025-02-09
15954,3828,Excellent,2025-05-06
15955,1126,Excellent,2025-02-18
15956,1137,Good,2025-05-10
15957,13802,Excellent,2025-01-30
15958,3548,Average,2024-12-13
15959,16413,Good,2025-01-13
15960,2894,Needs Improvement,2025-05-22
15961,13032,Excellent,2025-07-03
15962,12755,Excellent,2025-06-05
15963,9593,Excellent,2024-12-25
15964,1899,Excellent,2025-04-02
15965,13730,Excellent,2024-09-14
15966,9505,Average,2024-08-28
15967,603,Needs Improvement,2024-07-25
15968,13957,Needs Improvement,2024-12-19
15969,5489,Good,2024-08-06
15970,3807,Good,2025-03-07
15971,1508,Needs Improvement,2024-11-19
15972,12755,Excellent,2024-11-08
15973,18814,Excellent,2025-04-06
15974,16275,Average,2024-10-10
15975,19250,Good,2025-05-28
15976,11538,Good,2025-02-08
15977,8739,Excellent,2024-09-25
15978,14099,Average,2024-09-29
15979,13034,Needs Improvement,2024-12-14
15980,6238,Excellent,2025-01-26
15981,16447,Needs Improvement,2025-03-24
15982,3428,Good,2024-07-14
15983,1432,Average,2025-02-21
15984,14605,Excellent,2025-04-21
15985,16340,Needs Improvement,2025-04-05
15986,468,Average,2025-01-26
15987,16971,Good,2025-06-24
15988,17617,Excellent,2025-03-23
15989,10873,Good,2024-10-13
15990,18822,Average,2024-09-09
15991,7766,Needs Improvement,2025-04-09
15992,16790,Needs Improvement,2025-03-14
15993,2540,Needs Improvement,2024-08-01
15994,2632,Average,2024-10-25
15995,16255,Excellent,2024-07-14
15996,18093,Good,2024-10-29
15997,1343,Needs Improvement,2024-12-03
15998,17322,Average,2025-01-20
15999,11727,Excellent,2025-03-09
16000,19031,Good,2024-12-04
16001,8249,Good,2024-11-03
16002,4909,Needs Improvement,2024-09-30
16003,15419,Good,2025-02-19
16004,4491,Average,2024-10-09
16005,7458,Average,2024-09-27
16006,11394,Good,2024-07-11
16007,5305,Good,2025-04-29
16008,2566,Excellent,2024-08-29
16009,913,Good,2024-11-13
16010,3064,Good,2025-06-03
16011,649,Excellent,2024-12-05
16012,1091,Excellent,2025-06-29
16013,19309,Good,2025-01-03
16014,14709,Excellent,2024-12-21
16015,4184,Excellent,2024-07-21
16016,6963,Needs Improvement,2025-03-28
16017,19603,Average,2025-04-28
16018,13207,Good,2025-03-06
16019,11824,Needs Improvement,2024-10-14
16020,8013,Needs Improvement,2025-03-08
16021,553,Excellent,2025-04-21
16022,2987,Average,2024-12-10
16023,19130,Good,2025-04-13
16024,773,Needs Improvement,2024-09-06
16025,2536,Needs Improvement,2025-02-27
16026,2643,Excellent,2025-04-28
16027,12979,Average,2025-01-04
16028,18689,Good,2024-12-03
16029,1979,Excellent,2024-09-26
16030,14712,Needs Improvement,2025-02-09
16031,755,Excellent,2025-03-14
16032,11161,Average,2025-01-31
16033,8108,Excellent,2024-07-12
16034,12793,Needs Improvement,2025-06-02
16035,10408,Needs Improvement,2024-12-14
16036,12976,Needs Improvement,2024-10-08
16037,7376,Good,2024-07-20
16038,3479,Average,2024-07-23
16039,4962,Good,2024-11-29
16040,18509,Good,2025-01-02
16041,1170,Needs Improvement,2025-03-05
16042,3860,Needs Improvement,2025-06-04
16043,17401,Needs Improvement,2024-11-23
16044,5090,Good,2025-07-06
16045,9613,Average,2024-11-25
16046,10897,Excellent,2025-06-23
16047,4105,Excellent,2024-08-29
16048,5174,Excellent,2025-01-20
16049,16865,Excellent,2025-03-17
16050,125,Needs Improvement,2024-09-10
16051,11749,Average,2025-05-22
16052,14394,Excellent,2024-07-08
16053,7466,Excellent,2025-05-25
16054,5502,Needs Improvement,2024-07-31
16055,18135,Average,2024-08-20
16056,10133,Needs Improvement,2025-06-17
16057,3466,Needs Improvement,2024-08-25
16058,10836,Average,2024-12-24
16059,2997,Excellent,2024-09-23
16060,17039,Good,2025-02-01
16061,4018,Needs Improvement,2024-08-26
16062,7645,Excellent,2024-12-03
16063,12305,Needs Improvement,2025-06-08
16064,3149,Average,2025-04-13
16065,16104,Average,2025-04-28
16066,2492,Needs Improvement,2025-04-15
16067,3446,Needs Improvement,2024-09-14
16068,7668,Good,2024-12-27
16069,7217,Average,2025-03-19
16070,17222,Average,2025-03-24
16071,17725,Excellent,2025-01-24
16072,1293,Excellent,2024-08-30
16073,12394,Excellent,2025-04-15
16074,4899,Excellent,2024-10-02
16075,10729,Excellent,2025-03-29
16076,13666,Good,2025-03-27
16077,15671,Average,2024-08-01
16078,4072,Excellent,2025-03-27
16079,15571,Excellent,2024-10-20
16080,13493,Excellent,2025-06-13
16081,1657,Good,2024-08-17
16082,11036,Excellent,2024-11-30
16083,14627,Excellent,2025-01-19
16084,13451,Average,2025-01-12
16085,3541,Good,2025-04-16
16086,10266,Excellent,2024-10-28
16087,14236,Excellent,2024-08-13
16088,3133,Needs Improvement,2025-03-05
16089,16863,Average,2025-04-15
16090,4084,Good,2025-05-28
16091,6618,Average,2024-10-08
16092,12594,Good,2025-05-14
16093,12870,Good,2024-09-18
16094,14001,Excellent,2025-07-05
16095,19888,Average,2024-08-29
16096,3002,Excellent,2025-01-02
16097,17862,Needs Improvement,2024-10-17
16098,19608,Good,2025-03-31
16099,19194,Excellent,2024-08-30
16100,13475,Excellent,2025-02-13
16101,9610,Needs Improvement,2024-09-28
16102,1979,Average,2025-03-12
16103,11563,Average,2025-02-03
16104,3303,Excellent,2024-10-06
16105,1935,Average,2024-11-01
16106,18432,Excellent,2025-02-14
16107,9536,Average,2024-12-27
16108,12619,Excellent,2024-10-02
16109,14698,Excellent,2024-07-17
16110,18957,Average,2024-10-30
16111,3548,Excellent,2024-07-17
16112,8114,Good,2024-08-12
16113,18366,Good,2024-07-12
16114,9372,Average,2024-10-21
16115,9342,Good,2024-11-16
16116,8343,Excellent,2025-04-23
16117,12588,Good,2024-07-16
16118,8065,Good,2025-03-12
16119,10679,Good,2024-11-06
16120,14569,Good,2024-12-04
16121,17597,Excellent,2024-08-20
16122,8828,Excellent,2025-06-02
16123,19855,Good,2024-10-19
16124,16291,Average,2024-09-25
16125,5204,Needs Improvement,2024-09-27
16126,12044,Average,2024-11-27
16127,12842,Needs Improvement,2025-06-22
16128,19855,Needs Improvement,2024-10-03
16129,8874,Good,2024-09-26
16130,18962,Needs Improvement,2025-01-30
16131,16726,Good,2025-02-28
16132,17852,Excellent,2025-03-23
16133,6476,Excellent,2024-09-06
16134,8804,Excellent,2024-08-18
16135,16938,Needs Improvement,2025-01-20
16136,14274,Average,2024-09-01
16137,3654,Needs Improvement,2024-12-03
16138,4484,Needs Improvement,2024-11-15
16139,5245,Excellent,2024-11-01
16140,3312,Good,2025-07-04
16141,11609,Needs Improvement,2024-08-23
16142,10688,Needs Improvement,2024-12-29
16143,1773,Good,2024-08-14
16144,6,Good,2025-03-01
16145,7837,Excellent,2025-02-24
16146,13533,Average,2025-04-17
16147,15072,Excellent,2024-08-14
16148,399,Average,2024-07-24
16149,7811,Good,2025-05-14
16150,5323,Average,2025-05-19
16151,15524,Good,2024-10-09
16152,11496,Excellent,2024-10-14
16153,17330,Good,2024-09-04
16154,9898,Average,2025-06-08
16155,12877,Needs Improvement,2025-01-17
16156,3368,Excellent,2024-08-16
16157,16462,Good,2024-09-07
16158,7247,Average,2025-02-06
16159,19403,Average,2025-02-15
16160,13731,Excellent,2024-10-29
16161,7596,Excellent,2025-06-10
16162,6252,Good,2024-08-12
16163,8167,Needs Improvement,2025-06-12
16164,10534,Needs Improvement,2024-09-12
16165,286,Average,2024-11-07
16166,11976,Average,2024-11-29
16167,18819,Needs Improvement,2024-09-21
16168,4681,Average,2025-02-23
16169,18242,Excellent,2024-10-22
16170,16219,Excellent,2024-08-26
16171,10769,Good,2025-04-03
16172,18088,Average,2025-02-27
16173,16631,Excellent,2024-12-04
16174,4314,Average,2024-07-29
16175,10255,Average,2024-09-13
16176,19667,Needs Improvement,2024-10-31
16177,10710,Excellent,2025-06-13
16178,10257,Needs Improvement,2025-01-18
16179,17301,Needs Improvement,2025-05-10
16180,16677,Needs Improvement,2025-06-12
16181,13111,Needs Improvement,2025-01-05
16182,17671,Average,2024-11-13
16183,15234,Average,2024-09-20
16184,16787,Needs Improvement,2025-04-09
16185,10282,Average,2024-11-19
16186,13897,Excellent,2025-03-13
16187,19313,Needs Improvement,2024-11-03
16188,1568,Needs Improvement,2024-08-08
16189,18584,Needs Improvement,2025-06-13
16190,5945,Good,2025-04-26
16191,19100,Average,2024-09-18
16192,7187,Excellent,2024-08-07
16193,19357,Excellent,2024-07-31
16194,13428,Needs Improvement,2025-04-02
16195,9763,Good,2025-02-17
16196,16671,Needs Improvement,2024-10-24
16197,4144,Average,2024-09-11
16198,14433,Needs Improvement,2024-07-27
16199,4064,Average,2024-11-05
16200,1605,Average,2025-02-17
16201,3961,Average,2024-07-22
16202,1374,Good,2025-03-19
16203,431,Average,2024-08-18
16204,10271,Needs Improvement,2025-07-01
16205,9023,Average,2025-05-15
16206,10327,Excellent,2025-06-07
16207,6032,Needs Improvement,2025-07-03
16208,18524,Average,2025-04-02
16209,1813,Excellent,2024-12-14
16210,8989,Average,2025-02-16
16211,11015,Average,2024-12-22
16212,13256,Average,2025-05-04
16213,13309,Excellent,2025-01-09
16214,8042,Good,2024-07-21
16215,9300,Excellent,2024-12-01
16216,3740,Good,2025-05-07
16217,13335,Good,2025-03-01
16218,7801,Average,2024-11-25
16219,2668,Average,2025-05-18
16220,3692,Average,2024-10-06
16221,12094,Good,2025-02-20
16222,11698,Needs Improvement,2025-03-02
16223,1924,Average,2024-08-02
16224,1728,Good,2025-02-21
16225,16328,Needs Improvement,2024-09-16
16226,17261,Needs Improvement,2025-03-06
16227,1147,Needs Improvement,2025-06-25
16228,6746,Needs Improvement,2025-03-16
16229,18202,Needs Improvement,2024-08-24
16230,1130,Good,2025-04-07
16231,9066,Good,2024-09-19
16232,13949,Good,2024-12-08
16233,14553,Excellent,2025-01-09
16234,9826,Excellent,2024-08-29
16235,10872,Average,2025-05-02
16236,13408,Average,2025-06-21
16237,1046,Good,2025-06-28
16238,19300,Excellent,2024-09-12
16239,3101,Good,2025-06-28
16240,5259,Average,2025-01-10
16241,17424,Needs Improvement,2024-09-28
16242,1810,Good,2024-12-26
16243,2086,Good,2024-11-21
16244,455,Excellent,2025-05-08
16245,18374,Average,2025-04-06
16246,16326,Needs Improvement,2024-12-21
16247,1101,Average,2025-06-17
16248,17020,Good,2024-08-25
16249,19891,Excellent,2025-03-31
16250,2317,Excellent,2024-11-11
16251,3580,Good,2025-03-07
16252,15309,Needs Improvement,2024-10-07
16253,11624,Good,2025-04-26
16254,3259,Needs Improvement,2024-08-20
16255,10220,Needs Improvement,2025-04-03
16256,13100,Excellent,2025-06-12
16257,4585,Needs Improvement,2025-03-18
16258,8861,Average,2024-10-30
16259,9289,Average,2025-03-04
16260,7902,Average,2025-05-02
16261,16063,Needs Improvement,2025-06-24
16262,12280,Excellent,2024-10-15
16263,14451,Average,2024-08-15
16264,8411,Average,2025-05-02
16265,10648,Needs Improvement,2024-09-18
16266,7392,Excellent,2024-12-11
16267,8492,Average,2025-02-21
16268,8725,Excellent,2024-08-04
16269,14151,Needs Improvement,2024-08-23
16270,7854,Good,2024-10-31
16271,12750,Excellent,2024-10-17
16272,4829,Average,2024-11-25
16273,17498,Average,2025-01-19
16274,11706,Needs Improvement,2024-09-09
16275,11138,Needs Improvement,2024-07-23
16276,15798,Average,2025-06-06
16277,14158,Needs Improvement,2024-12-06
16278,11853,Average,2025-06-17
16279,14824,Average,2024-10-03
16280,14609,Average,2025-06-06
16281,10666,Average,2025-01-16
16282,9108,Needs Improvement,2025-03-21
16283,1393,Good,2024-10-20
16284,6886,Good,2024-10-22
16285,19612,Excellent,2025-04-20
16286,7444,Excellent,2024-10-24
16287,204,Needs Improvement,2024-07-06
16288,5190,Needs Improvement,2024-11-14
16289,2372,Excellent,2024-12-11
16290,18191,Average,2024-08-14
16291,2584,Average,2024-11-18
16292,2366,Needs Improvement,2024-09-19
16293,17656,Excellent,2025-03-06
16294,6224,Good,2024-10-10
16295,6452,Good,2025-02-01
16296,5063,Excellent,2025-02-15
16297,6006,Average,2024-07-10
16298,8202,Needs Improvement,2024-11-02
16299,6826,Needs Improvement,2025-05-20
16300,19488,Needs Improvement,2025-05-07
16301,1683,Good,2024-07-09
16302,18081,Needs Improvement,2025-07-04
16303,5907,Average,2024-08-13
16304,7263,Needs Improvement,2024-08-12
16305,13803,Excellent,2024-09-25
16306,18167,Excellent,2025-05-21
16307,14816,Needs Improvement,2024-10-11
16308,17937,Average,2025-05-20
16309,17375,Excellent,2025-05-17
16310,8393,Needs Improvement,2024-09-17
16311,19289,Needs Improvement,2025-06-20
16312,2453,Needs Improvement,2024-09-28
16313,8070,Needs Improvement,2025-05-31
16314,720,Good,2024-07-14
16315,13658,Excellent,2024-08-23
16316,4270,Average,2024-07-24
16317,1768,Good,2025-05-04
16318,18014,Excellent,2024-07-18
16319,4284,Average,2025-04-12
16320,19998,Good,2024-12-19
16321,9638,Good,2025-06-02
16322,17298,Needs Improvement,2025-02-05
16323,13385,Good,2025-01-04
16324,15378,Excellent,2025-03-27
16325,6710,Excellent,2025-03-04
16326,3619,Needs Improvement,2025-03-08
16327,10983,Good,2024-07-15
16328,7268,Needs Improvement,2025-05-30
16329,14566,Average,2025-05-17
16330,3259,Good,2025-01-24
16331,4033,Average,2025-05-12
16332,6089,Excellent,2025-07-05
16333,6229,Excellent,2024-12-18
16334,14104,Needs Improvement,2025-01-16
16335,16687,Excellent,2025-01-28
16336,8619,Needs Improvement,2025-04-08
16337,5171,Good,2024-09-27
16338,12239,Needs Improvement,2025-02-08
16339,9072,Average,2025-03-15
16340,11819,Average,2024-12-15
16341,17309,Needs Improvement,2025-05-25
16342,10199,Excellent,2024-08-09
16343,4904,Needs Improvement,2025-02-18
16344,8231,Average,2024-09-07
16345,5510,Good,2024-10-07
16346,17834,Excellent,2025-07-04
16347,2651,Excellent,2024-10-31
16348,15673,Good,2024-09-22
16349,22,Excellent,2024-12-10
16350,17128,Good,2024-08-15
16351,6681,Average,2025-05-23
16352,18582,Needs Improvement,2024-08-01
16353,18017,Excellent,2025-07-04
16354,2869,Good,2024-08-19
16355,7095,Good,2024-07-21
16356,1643,Needs Improvement,2024-09-24
16357,5240,Average,2025-04-18
16358,13133,Excellent,2025-06-25
16359,14766,Good,2025-02-12
16360,11488,Needs Improvement,2025-06-10
16361,1346,Good,2024-08-08
16362,10176,Excellent,2024-11-29
16363,1673,Good,2024-08-07
16364,12198,Good,2024-09-17
16365,19552,Average,2024-12-19
16366,17067,Good,2024-09-05
16367,7356,Excellent,2025-01-18
16368,18150,Excellent,2025-05-24
16369,13888,Needs Improvement,2024-09-08
16370,11912,Excellent,2025-03-13
16371,2424,Excellent,2024-10-06
16372,2507,Good,2024-11-05
16373,19257,Needs Improvement,2025-01-06
16374,2053,Average,2024-10-08
16375,19806,Needs Improvement,2024-09-30
16376,10586,Good,2024-10-07
16377,289,Needs Improvement,2024-10-12
16378,6625,Good,2024-10-06
16379,6755,Needs Improvement,2024-08-05
16380,16757,Needs Improvement,2024-08-08
16381,10164,Needs Improvement,2024-11-08
16382,11974,Good,2024-11-17
16383,5512,Excellent,2025-02-02
16384,19543,Excellent,2024-09-16
16385,13592,Average,2025-03-12
16386,14897,Average,2025-03-14
16387,11886,Good,2025-03-11
16388,17440,Good,2024-07-14
16389,1522,Average,2024-09-16
16390,15596,Excellent,2024-11-02
16391,2968,Average,2024-09-27
16392,17899,Needs Improvement,2024-07-15
16393,2718,Needs Improvement,2024-12-20
16394,10823,Needs Improvement,2024-08-01
16395,1698,Excellent,2024-08-27
16396,11191,Excellent,2025-02-11
16397,2470,Excellent,2024-10-23
16398,19656,Needs Improvement,2025-06-15
16399,3248,Excellent,2024-09-10
16400,13276,Needs Improvement,2024-09-01
16401,8501,Good,2025-04-01
16402,8323,Needs Improvement,2024-09-25
16403,15634,Average,2024-12-20
16404,17432,Needs Improvement,2024-10-17
16405,10534,Average,2024-10-14
16406,7239,Needs Improvement,2024-09-21
16407,4904,Good,2025-04-17
16408,2290,Good,2025-04-28
16409,3505,Good,2025-05-03
16410,12362,Needs Improvement,2025-01-17
16411,9209,Needs Improvement,2024-12-10
16412,8814,Good,2024-12-30
16413,13244,Excellent,2025-03-15
16414,1591,Average,2024-12-18
16415,18729,Excellent,2025-02-03
16416,1050,Needs Improvement,2025-06-11
16417,11880,Good,2025-02-23
16418,7516,Average,2025-05-07
16419,18709,Average,2024-07-22
16420,12586,Average,2024-09-10
16421,489,Good,2025-04-23
16422,11722,Average,2024-10-20
16423,8223,Good,2025-05-05
16424,1978,Excellent,2025-03-28
16425,17574,Excellent,2025-05-22
16426,14800,Needs Improvement,2025-01-19
16427,6734,Needs Improvement,2024-07-16
16428,3812,Needs Improvement,2025-05-17
16429,592,Excellent,2024-10-19
16430,19283,Excellent,2025-05-23
16431,1827,Good,2025-05-22
16432,4026,Excellent,2025-06-01
16433,15654,Average,2024-07-25
16434,7816,Good,2025-02-14
16435,9249,Average,2025-05-10
16436,714,Excellent,2025-05-19
16437,4211,Excellent,2025-05-05
16438,1528,Good,2024-09-16
16439,16171,Needs Improvement,2025-06-09
16440,18300,Good,2024-09-24
16441,13910,Good,2025-02-12
16442,963,Excellent,2025-05-10
16443,15616,Needs Improvement,2024-12-20
16444,14005,Good,2025-01-08
16445,14813,Average,2025-04-20
16446,19773,Needs Improvement,2025-06-21
16447,12961,Average,2025-01-23
16448,16583,Average,2024-07-16
16449,2758,Needs Improvement,2025-01-25
16450,3847,Good,2024-12-29
16451,16719,Needs Improvement,2025-02-08
16452,15321,Average,2025-06-22
16453,10764,Needs Improvement,2025-03-14
16454,17333,Good,2024-09-20
16455,18517,Excellent,2025-05-02
16456,18298,Excellent,2024-07-19
16457,16025,Needs Improvement,2024-10-17
16458,18101,Needs Improvement,2025-04-25
16459,3810,Good,2025-04-23
16460,2499,Excellent,2025-01-18
16461,738,Excellent,2024-09-14
16462,11425,Average,2025-05-28
16463,2787,Average,2025-04-05
16464,17197,Needs Improvement,2025-02-15
16465,16444,Good,2025-06-19
16466,19686,Good,2025-04-15
16467,2611,Needs Improvement,2025-04-10
16468,12234,Needs Improvement,2024-10-29
16469,3781,Excellent,2025-05-07
16470,16138,Needs Improvement,2024-07-15
16471,12669,Average,2025-05-13
16472,12861,Needs Improvement,2024-11-26
16473,14127,Good,2025-03-19
16474,16374,Needs Improvement,2024-09-11
16475,11896,Average,2024-11-20
16476,9217,Good,2025-04-19
16477,9958,Excellent,2025-04-10
16478,19466,Average,2024-07-14
16479,10130,Excellent,2025-02-14
16480,2205,Good,2024-12-04
16481,14423,Excellent,2024-11-23
16482,18223,Average,2025-05-22
16483,2252,Excellent,2024-07-17
16484,2530,Good,2025-01-23
16485,13579,Needs Improvement,2025-03-15
16486,11083,Average,2024-08-04
16487,12803,Good,2024-08-08
16488,15064,Average,2024-08-30
16489,17672,Needs Improvement,2025-07-04
16490,15184,Excellent,2025-05-30
16491,12192,Average,2025-02-02
16492,5107,Good,2025-04-16
16493,17287,Good,2024-09-10
16494,3382,Needs Improvement,2024-07-09
16495,4838,Good,2025-01-08
16496,6162,Good,2024-11-14
16497,909,Average,2024-08-17
16498,9640,Average,2024-10-10
16499,18852,Good,2025-05-27
16500,15151,Average,2024-08-08
16501,19532,Average,2024-11-22
16502,12162,Needs Improvement,2025-03-05
16503,15732,Good,2024-10-06
16504,19603,Good,2025-06-02
16505,6767,Average,2024-08-06
16506,15556,Good,2025-04-30
16507,6321,Average,2025-05-28
16508,1990,Needs Improvement,2025-04-10
16509,11714,Good,2024-11-28
16510,1471,Excellent,2025-04-09
16511,16153,Excellent,2025-01-20
16512,15315,Average,2024-11-18
16513,14298,Excellent,2024-10-01
16514,2585,Good,2024-12-14
16515,4159,Excellent,2024-12-25
16516,2231,Needs Improvement,2024-10-06
16517,14587,Good,2025-01-27
16518,12871,Average,2025-01-06
16519,6595,Excellent,2025-02-06
16520,18353,Average,2025-05-23
16521,4878,Excellent,2025-03-03
16522,5219,Average,2024-12-19
16523,1674,Excellent,2024-11-01
16524,12457,Needs Improvement,2025-02-04
16525,16710,Average,2025-05-15
16526,16744,Good,2025-03-24
16527,12360,Excellent,2024-09-12
16528,9160,Needs Improvement,2025-05-23
16529,8833,Good,2024-09-04
16530,7962,Good,2025-03-17
16531,17193,Good,2025-03-25
16532,5570,Excellent,2024-08-02
16533,314,Good,2024-07-24
16534,8745,Excellent,2024-12-21
16535,16124,Excellent,2025-04-29
16536,19210,Average,2025-03-14
16537,1737,Good,2025-02-15
16538,2936,Good,2024-07-13
16539,17530,Good,2025-01-16
16540,6339,Excellent,2025-05-10
16541,18024,Average,2025-03-31
16542,7874,Excellent,2024-10-06
16543,4055,Needs Improvement,2025-03-09
16544,10553,Excellent,2025-06-23
16545,19318,Average,2024-09-15
16546,1245,Average,2024-09-02
16547,13408,Average,2025-04-20
16548,3024,Good,2025-06-04
16549,10967,Good,2025-04-02
16550,2225,Good,2025-05-11
16551,13938,Good,2024-07-08
16552,17809,Excellent,2024-08-21
16553,16497,Average,2024-07-22
16554,9591,Average,2024-09-20
16555,19795,Good,2025-01-17
16556,4316,Excellent,2024-09-20
16557,10906,Excellent,2025-05-24
16558,9673,Excellent,2025-05-30
16559,15059,Average,2024-07-30
16560,15764,Average,2024-11-02
16561,874,Good,2024-07-22
16562,12868,Good,2024-09-26
16563,1277,Needs Improvement,2024-10-12
16564,15785,Good,2024-10-10
16565,943,Average,2024-07-17
16566,2139,Needs Improvement,2025-04-13
16567,6875,Good,2025-03-27
16568,8765,Excellent,2025-06-08
16569,17014,Average,2024-11-01
16570,17510,Excellent,2025-04-23
16571,9731,Average,2025-05-25
16572,8530,Good,2025-02-23
16573,13301,Excellent,2024-08-10
16574,7636,Good,2024-12-06
16575,17973,Needs Improvement,2024-07-13
16576,6775,Excellent,2024-10-23
16577,2400,Excellent,2024-09-09
16578,1862,Good,2025-01-01
16579,17812,Needs Improvement,2025-03-23
16580,12606,Excellent,2025-07-05
16581,1416,Average,2025-02-15
16582,8889,Average,2025-06-21
16583,14276,Needs Improvement,2024-09-04
16584,4908,Good,2025-03-02
16585,4776,Good,2024-10-13
16586,3900,Average,2025-04-07
16587,9540,Needs Improvement,2024-09-12
16588,12167,Good,2024-11-24
16589,14152,Average,2025-06-16
16590,19097,Needs Improvement,2025-04-25
16591,12645,Good,2025-01-03
16592,8682,Excellent,2025-03-31
16593,4714,Average,2024-11-18
16594,5793,Excellent,2025-04-22
16595,2802,Needs Improvement,2024-12-05
16596,11689,Excellent,2024-07-31
16597,7563,Needs Improvement,2024-10-11
16598,13883,Needs Improvement,2024-09-09
16599,10082,Excellent,2025-03-28
16600,1308,Good,2025-06-09
16601,16818,Needs Improvement,2024-09-11
16602,9041,Excellent,2024-07-26
16603,10593,Average,2025-01-01
16604,17958,Excellent,2025-01-05
16605,4015,Good,2025-07-04
16606,17030,Needs Improvement,2025-01-26
16607,8610,Good,2025-03-03
16608,19580,Excellent,2024-10-25
16609,9899,Average,2024-09-25
16610,5860,Average,2025-07-02
16611,16744,Average,2024-07-26
16612,4885,Needs Improvement,2025-03-23
16613,10347,Good,2025-02-27
16614,17444,Needs Improvement,2025-01-07
16615,16076,Needs Improvement,2024-09-09
16616,12852,Needs Improvement,2025-03-16
16617,14747,Average,2025-04-05
16618,10511,Good,2025-04-28
16619,10305,Excellent,2024-08-27
16620,14843,Needs Improvement,2025-03-12
16621,18891,Excellent,2024-11-23
16622,6362,Excellent,2024-08-25
16623,16736,Excellent,2025-01-10
16624,9237,Good,2025-04-02
16625,7374,Excellent,2025-05-19
16626,18176,Excellent,2024-07-13
16627,1873,Good,2024-11-30
16628,19422,Excellent,2025-07-01
16629,1197,Needs Improvement,2024-10-14
16630,16734,Excellent,2025-03-11
16631,5218,Average,2025-02-03
16632,19766,Average,2025-04-26
16633,10738,Needs Improvement,2025-03-07
16634,6017,Good,2025-07-01
16635,7074,Good,2024-10-23
16636,16791,Average,2024-09-04
16637,15344,Average,2024-09-17
16638,12070,Excellent,2025-02-05
16639,17712,Good,2025-02-11
16640,17979,Excellent,2025-02-03
16641,9527,Good,2025-05-10
16642,15218,Needs Improvement,2024-09-08
16643,18638,Excellent,2025-05-14
16644,2138,Good,2025-05-14
16645,17128,Average,2024-07-08
16646,16018,Average,2024-08-01
16647,1673,Needs Improvement,2024-08-05
16648,12265,Average,2024-12-21
16649,139,Excellent,2025-06-16
16650,18480,Needs Improvement,2024-11-24
16651,7240,Needs Improvement,2025-03-30
16652,9432,Good,2025-03-20
16653,1326,Average,2025-03-15
16654,3343,Excellent,2024-08-29
16655,13733,Good,2025-03-26
16656,14466,Excellent,2025-06-27
16657,357,Needs Improvement,2025-05-13
16658,7989,Average,2025-05-11
16659,879,Excellent,2025-06-07
16660,7115,Excellent,2024-12-05
16661,16972,Needs Improvement,2024-11-15
16662,18542,Good,2025-03-29
16663,5333,Needs Improvement,2025-05-14
16664,9534,Average,2025-05-25
16665,8865,Excellent,2025-01-03
16666,1197,Excellent,2025-01-05
16667,3029,Needs Improvement,2024-12-13
16668,3550,Good,2025-04-08
16669,10233,Excellent,2025-06-20
16670,1276,Excellent,2025-06-30
16671,10925,Good,2025-06-04
16672,11071,Needs Improvement,2024-08-31
16673,17323,Good,2024-08-10
16674,17952,Excellent,2025-02-05
16675,17870,Good,2024-12-12
16676,303,Good,2025-06-09
16677,11777,Average,2024-10-20
16678,642,Excellent,2024-08-24
16679,18646,Average,2025-03-04
16680,1802,Excellent,2024-09-30
16681,4957,Average,2025-03-31
16682,10953,Needs Improvement,2025-02-11
16683,2820,Excellent,2024-07-18
16684,15674,Needs Improvement,2025-04-14
16685,18173,Good,2025-02-07
16686,17243,Good,2024-11-19
16687,7698,Needs Improvement,2024-07-10
16688,1950,Good,2025-06-27
16689,1409,Needs Improvement,2024-11-15
16690,15898,Good,2025-04-06
16691,4118,Average,2025-03-06
16692,7851,Needs Improvement,2025-04-30
16693,12504,Needs Improvement,2024-09-20
16694,12140,Excellent,2024-08-04
16695,18200,Good,2025-02-08
16696,11682,Average,2025-01-12
16697,10162,Average,2024-12-08
16698,9989,Excellent,2025-06-20
16699,3909,Excellent,2024-11-23
16700,19335,Good,2025-03-16
16701,7501,Good,2024-09-19
16702,2617,Good,2024-12-21
16703,2275,Average,2025-01-12
16704,10670,Average,2025-04-29
16705,753,Excellent,2024-12-01
16706,7369,Average,2024-10-24
16707,17474,Good,2024-11-04
16708,14284,Needs Improvement,2024-07-19
16709,15119,Good,2024-12-13
16710,18837,Needs Improvement,2025-04-15
16711,3037,Needs Improvement,2025-04-13
16712,12460,Needs Improvement,2025-01-23
16713,9463,Excellent,2024-11-27
16714,8385,Needs Improvement,2024-07-29
16715,19210,Good,2025-05-10
16716,3383,Average,2024-08-06
16717,3683,Average,2024-12-26
16718,19695,Needs Improvement,2025-06-21
16719,6351,Excellent,2024-08-22
16720,10607,Needs Improvement,2025-02-21
16721,19361,Needs Improvement,2025-06-27
16722,18000,Needs Improvement,2025-03-24
16723,7334,Average,2025-03-24
16724,10792,Needs Improvement,2024-11-25
16725,17846,Average,2024-07-21
16726,272,Good,2024-07-13
16727,8113,Good,2025-05-22
16728,606,Average,2025-03-30
16729,11614,Excellent,2025-03-08
16730,11503,Needs Improvement,2024-10-09
16731,2778,Average,2025-03-26
16732,16365,Average,2024-09-08
16733,11499,Needs Improvement,2025-04-07
16734,17666,Good,2025-04-04
16735,652,Needs Improvement,2024-11-20
16736,6241,Average,2024-11-21
16737,19370,Average,2025-05-27
16738,8458,Good,2024-11-30
16739,3051,Average,2024-09-20
16740,19028,Average,2024-12-21
16741,5055,Average,2024-09-16
16742,18936,Excellent,2024-07-27
16743,17356,Excellent,2025-01-28
16744,10719,Good,2025-02-10
16745,5976,Excellent,2024-11-30
16746,19293,Good,2025-04-11
16747,2560,Needs Improvement,2024-08-04
16748,15097,Excellent,2025-04-06
16749,1166,Needs Improvement,2024-12-29
16750,12450,Excellent,2025-03-21
16751,6665,Good,2024-12-29
16752,12692,Average,2025-03-21
16753,14563,Excellent,2025-01-28
16754,9305,Average,2025-04-28
16755,5105,Average,2025-06-04
16756,18892,Excellent,2024-07-28
16757,4262,Good,2024-10-14
16758,10203,Average,2025-04-04
16759,1437,Good,2025-05-25
16760,10931,Average,2024-07-20
16761,10856,Average,2024-08-14
16762,9377,Needs Improvement,2024-08-28
16763,18048,Good,2024-12-21
16764,9112,Average,2025-02-26
16765,18354,Excellent,2024-07-11
16766,1076,Needs Improvement,2025-02-03
16767,17311,Excellent,2025-01-21
16768,3715,Good,2024-10-29
16769,11996,Average,2024-12-26
16770,17682,Good,2025-05-15
16771,17162,Excellent,2024-09-29
16772,343,Good,2024-10-20
16773,1610,Average,2025-07-05
16774,14555,Needs Improvement,2025-04-15
16775,19006,Good,2025-05-01
16776,14355,Needs Improvement,2024-07-25
16777,3386,Good,2024-09-15
16778,6677,Needs Improvement,2024-09-28
16779,6625,Good,2024-12-01
16780,10254,Needs Improvement,2024-07-17
16781,2141,Average,2024-09-27
16782,3526,Average,2025-02-23
16783,10447,Good,2025-05-03
16784,19469,Needs Improvement,2024-09-17
16785,3517,Excellent,2025-07-03
16786,17088,Good,2025-06-22
16787,17846,Excellent,2025-05-23
16788,6231,Average,2025-05-02
16789,5633,Needs Improvement,2025-07-03
16790,13285,Needs Improvement,2024-09-10
16791,12765,Average,2024-11-09
16792,17658,Average,2025-02-22
16793,1565,Good,2025-07-01
16794,1397,Average,2024-08-16
16795,9547,Average,2025-04-21
16796,10811,Excellent,2024-11-21
16797,12094,Good,2024-11-19
16798,4153,Needs Improvement,2024-09-23
16799,18880,Excellent,2024-08-04
16800,18795,Average,2025-04-20
16801,6580,Good,2024-10-21
16802,13616,Good,2025-06-22
16803,13724,Good,2024-10-01
16804,4726,Needs Improvement,2025-01-11
16805,2270,Average,2024-12-30
16806,8116,Average,2025-06-19
16807,15491,Average,2024-10-09
16808,10370,Needs Improvement,2025-03-26
16809,15437,Excellent,2025-06-01
16810,4523,Average,2025-03-29
16811,4216,Good,2025-01-24
16812,8960,Excellent,2025-05-31
16813,12733,Excellent,2024-11-04
16814,11277,Average,2025-06-17
16815,2847,Good,2024-11-05
16816,18242,Needs Improvement,2025-01-08
16817,9713,Needs Improvement,2024-10-18
16818,9577,Average,2025-06-27
16819,9067,Good,2025-02-24
16820,9649,Excellent,2024-11-11
16821,3069,Average,2024-08-26
16822,16115,Excellent,2024-12-04
16823,15701,Good,2025-01-17
16824,6468,Good,2024-09-09
16825,3177,Needs Improvement,2025-06-10
16826,17783,Needs Improvement,2024-08-08
16827,17479,Good,2025-04-12
16828,1061,Needs Improvement,2025-02-25
16829,19422,Excellent,2025-05-03
16830,16403,Excellent,2025-02-26
16831,17188,Needs Improvement,2025-04-11
16832,10393,Average,2025-06-09
16833,15732,Needs Improvement,2025-06-17
16834,1140,Average,2024-07-21
16835,7002,Average,2025-04-09
16836,1711,Needs Improvement,2025-05-23
16837,10814,Good,2025-04-04
16838,10355,Average,2025-05-16
16839,19994,Average,2024-08-20
16840,7849,Average,2025-02-07
16841,13228,Excellent,2025-01-21
16842,7900,Excellent,2024-11-09
16843,6425,Good,2025-01-30
16844,2656,Excellent,2024-12-23
16845,6781,Average,2025-01-03
16846,19823,Good,2024-12-10
16847,19798,Good,2024-11-15
16848,12828,Needs Improvement,2025-02-28
16849,151,Good,2024-11-30
16850,16031,Excellent,2025-06-15
16851,9178,Excellent,2025-01-27
16852,15395,Average,2024-08-21
16853,19119,Average,2025-01-24
16854,10689,Excellent,2025-03-16
16855,4072,Excellent,2024-07-09
16856,10274,Excellent,2024-12-10
16857,8720,Average,2024-09-02
16858,14632,Average,2024-08-19
16859,14766,Average,2025-02-01
16860,11108,Needs Improvement,2025-03-09
16861,13610,Good,2025-01-14
16862,8850,Excellent,2025-03-15
16863,2653,Average,2024-12-29
16864,7553,Excellent,2024-11-04
16865,13859,Good,2025-01-09
16866,2089,Needs Improvement,2025-04-17
16867,14676,Good,2024-08-12
16868,5089,Excellent,2025-03-24
16869,429,Excellent,2024-07-25
16870,4891,Good,2024-07-11
16871,11140,Average,2025-01-23
16872,8716,Excellent,2025-03-11
16873,4256,Excellent,2025-01-04
16874,7525,Needs Improvement,2025-05-01
16875,1414,Good,2024-09-02
16876,11636,Average,2024-08-31
16877,11241,Needs Improvement,2024-12-24
16878,5385,Good,2025-03-23
16879,16383,Good,2025-02-22
16880,8581,Average,2025-04-19
16881,4345,Needs Improvement,2025-02-04
16882,6335,Needs Improvement,2024-08-29
16883,152,Excellent,2025-06-14
16884,11012,Excellent,2024-12-15
16885,12642,Excellent,2024-08-23
16886,11865,Average,2024-10-19
16887,516,Good,2024-10-23
16888,15445,Excellent,2024-09-23
16889,7056,Needs Improvement,2025-05-10
16890,17264,Needs Improvement,2024-12-02
16891,2373,Good,2025-04-24
16892,12266,Average,2025-02-10
16893,16437,Excellent,2024-09-17
16894,3024,Average,2024-08-08
16895,17290,Average,2025-05-05
16896,6978,Excellent,2025-01-11
16897,8364,Needs Improvement,2024-11-03
16898,6394,Average,2024-12-26
16899,7623,Good,2025-06-02
16900,16797,Average,2024-07-14
16901,1559,Needs Improvement,2024-12-03
16902,17192,Average,2025-01-15
16903,14141,Excellent,2024-08-30
16904,6646,Good,2024-10-15
16905,15165,Average,2025-01-23
16906,9984,Average,2025-03-03
16907,12277,Average,2024-08-20
16908,14257,Good,2024-07-09
16909,5177,Needs Improvement,2024-12-09
16910,17585,Needs Improvement,2024-11-03
16911,19609,Average,2025-04-20
16912,18928,Excellent,2024-11-06
16913,2084,Excellent,2025-06-02
16914,7239,Needs Improvement,2025-01-07
16915,19923,Good,2024-09-25
16916,14612,Needs Improvement,2025-06-03
16917,18308,Average,2024-10-11
16918,13944,Average,2024-07-17
16919,12879,Average,2024-07-29
16920,19466,Needs Improvement,2024-09-11
16921,7923,Needs Improvement,2024-07-29
16922,15373,Needs Improvement,2024-10-28
16923,16049,Good,2024-10-03
16924,19981,Average,2024-07-19
16925,6600,Average,2025-02-11
16926,3604,Average,2024-09-21
16927,12292,Good,2024-09-15
16928,18693,Average,2024-11-05
16929,898,Needs Improvement,2024-07-14
16930,15459,Excellent,2024-12-23
16931,10203,Excellent,2025-05-11
16932,4790,Average,2025-04-02
16933,6001,Needs Improvement,2025-05-21
16934,4696,Excellent,2024-09-03
16935,19978,Average,2024-11-23
16936,4146,Good,2024-12-04
16937,13207,Good,2024-10-14
16938,18588,Excellent,2024-07-09
16939,18581,Excellent,2025-01-26
16940,15553,Excellent,2025-05-02
16941,16799,Needs Improvement,2025-02-15
16942,3899,Average,2025-06-08
16943,6397,Good,2025-01-14
16944,1687,Good,2024-11-24
16945,11328,Excellent,2025-03-13
16946,4083,Good,2024-11-16
16947,9563,Good,2024-12-20
16948,16721,Excellent,2024-09-08
16949,19519,Excellent,2024-10-29
16950,18780,Good,2024-10-18
16951,10668,Average,2025-04-16
16952,9259,Good,2024-09-02
16953,9632,Needs Improvement,2024-08-20
16954,8400,Good,2025-03-14
16955,1037,Average,2024-10-21
16956,9709,Good,2024-10-05
16957,3591,Average,2024-10-18
16958,2364,Average,2025-01-28
16959,18858,Excellent,2025-06-05
16960,10618,Average,2025-03-14
16961,18565,Needs Improvement,2024-12-20
16962,9474,Needs Improvement,2024-12-09
16963,758,Excellent,2024-11-03
16964,8948,Average,2024-09-14
16965,6579,Needs Improvement,2025-01-19
16966,19797,Average,2024-09-07
16967,16501,Good,2025-04-14
16968,14246,Needs Improvement,2025-04-06
16969,8452,Average,2025-04-30
16970,19979,Good,2024-12-25
16971,19828,Excellent,2024-09-02
16972,6787,Average,2024-08-24
16973,8682,Average,2024-12-23
16974,15123,Needs Improvement,2025-04-13
16975,714,Average,2024-10-22
16976,3341,Excellent,2025-05-19
16977,2713,Good,2024-11-28
16978,10971,Needs Improvement,2024-09-16
16979,4219,Good,2025-05-18
16980,6590,Excellent,2024-07-24
16981,9060,Average,2025-04-23
16982,13746,Excellent,2025-04-07
16983,17287,Excellent,2025-05-24
16984,8344,Average,2025-01-21
16985,10512,Needs Improvement,2024-12-08
16986,16604,Good,2025-04-08
16987,14215,Good,2025-03-09
16988,2358,Good,2025-05-25
16989,1982,Good,2024-11-20
16990,11232,Excellent,2024-08-26
16991,19271,Good,2024-11-17
16992,230,Average,2024-08-10
16993,13128,Excellent,2025-01-11
16994,7638,Excellent,2024-12-12
16995,7081,Needs Improvement,2024-09-03
16996,4201,Excellent,2024-10-16
16997,8477,Average,2024-11-16
16998,2112,Average,2024-10-06
16999,13250,Good,2024-12-14
17000,15796,Good,2024-09-25
17001,8136,Excellent,2024-08-26
17002,1663,Good,2024-07-20
17003,5311,Good,2025-03-31
17004,1741,Excellent,2024-10-06
17005,5858,Average,2024-09-11
17006,15741,Average,2025-01-13
17007,438,Excellent,2025-02-15
17008,16059,Average,2025-02-01
17009,2958,Excellent,2024-11-27
17010,6495,Needs Improvement,2025-02-05
17011,16346,Excellent,2025-05-04
17012,1921,Good,2024-08-20
17013,12309,Excellent,2024-10-22
17014,5204,Good,2024-07-24
17015,3861,Needs Improvement,2024-09-16
17016,9437,Average,2024-11-13
17017,12414,Excellent,2024-10-01
17018,13499,Needs Improvement,2024-09-30
17019,7435,Good,2024-11-04
17020,453,Good,2025-02-26
17021,12876,Good,2024-10-17
17022,1309,Needs Improvement,2025-06-23
17023,17633,Average,2025-01-21
17024,13093,Average,2024-08-27
17025,4717,Average,2025-06-08
17026,8339,Excellent,2025-05-26
17027,14527,Good,2025-01-17
17028,5187,Needs Improvement,2025-02-15
17029,16039,Average,2025-04-18
17030,19319,Excellent,2025-05-10
17031,6759,Excellent,2025-05-01
17032,12568,Average,2025-06-03
17033,15624,Average,2024-12-15
17034,10474,Excellent,2025-06-28
17035,8474,Needs Improvement,2024-10-17
17036,8730,Good,2024-09-04
17037,16000,Needs Improvement,2024-07-09
17038,9798,Average,2025-03-17
17039,18584,Average,2025-05-16
17040,19892,Needs Improvement,2024-08-30
17041,8886,Good,2024-08-22
17042,8990,Needs Improvement,2024-11-14
17043,16841,Good,2025-03-01
17044,2379,Needs Improvement,2025-03-30
17045,11820,Good,2024-12-12
17046,2598,Needs Improvement,2024-11-25
17047,15276,Average,2024-09-18
17048,3176,Excellent,2024-08-20
17049,19692,Needs Improvement,2024-07-07
17050,3764,Average,2024-09-22
17051,14562,Excellent,2024-08-09
17052,14272,Needs Improvement,2025-06-26
17053,7176,Average,2025-02-07
17054,5583,Good,2024-07-24
17055,7391,Needs Improvement,2024-12-20
17056,56,Needs Improvement,2024-12-08
17057,10800,Needs Improvement,2025-06-09
17058,7327,Needs Improvement,2025-06-08
17059,10118,Average,2024-08-26
17060,13053,Needs Improvement,2024-11-14
17061,8287,Needs Improvement,2025-01-24
17062,18522,Excellent,2024-11-27
17063,5620,Good,2025-04-18
17064,10283,Average,2025-03-09
17065,12515,Excellent,2025-03-13
17066,8686,Good,2024-12-26
17067,2186,Good,2024-11-08
17068,3903,Excellent,2025-06-02
17069,1702,Excellent,2024-09-15
17070,1484,Average,2025-04-29
17071,12981,Needs Improvement,2025-02-11
17072,13617,Excellent,2025-07-03
17073,7622,Excellent,2024-08-07
17074,18236,Excellent,2024-12-25
17075,15151,Excellent,2025-04-13
17076,7413,Excellent,2025-06-26
17077,1473,Average,2025-03-21
17078,15900,Needs Improvement,2025-05-02
17079,360,Needs Improvement,2024-07-18
17080,8770,Good,2024-11-20
17081,7902,Excellent,2024-11-16
17082,5766,Average,2025-03-05
17083,9258,Excellent,2025-06-12
17084,15395,Excellent,2024-08-08
17085,15685,Excellent,2024-07-29
17086,15904,Good,2025-04-04
17087,14222,Good,2024-12-04
17088,16768,Needs Improvement,2024-07-15
17089,2875,Average,2024-10-24
17090,12847,Average,2025-01-27
17091,3880,Average,2025-05-22
17092,14608,Excellent,2024-11-04
17093,16879,Good,2025-04-25
17094,12231,Average,2025-05-02
17095,19585,Excellent,2024-09-19
17096,17394,Good,2025-02-14
17097,4775,Excellent,2024-11-03
17098,17000,Excellent,2025-06-25
17099,8881,Good,2025-01-13
17100,614,Needs Improvement,2024-12-30
17101,12317,Good,2025-05-07
17102,1908,Excellent,2025-07-06
17103,12866,Average,2024-10-26
17104,14171,Good,2024-11-19
17105,14764,Excellent,2024-08-25
17106,144,Needs Improvement,2024-12-27
17107,11571,Needs Improvement,2025-04-16
17108,9398,Excellent,2025-05-08
17109,8147,Excellent,2025-02-24
17110,4001,Needs Improvement,2024-12-17
17111,5451,Average,2025-01-04
17112,9494,Good,2025-05-18
17113,9923,Excellent,2024-07-14
17114,17354,Excellent,2025-07-03
17115,12501,Needs Improvement,2025-04-29
17116,8896,Average,2024-07-24
17117,9430,Average,2025-01-25
17118,9007,Average,2025-05-31
17119,9219,Average,2025-01-20
17120,18705,Excellent,2024-12-19
17121,17680,Excellent,2024-07-25
17122,9797,Good,2025-06-03
17123,18486,Needs Improvement,2025-03-26
17124,17189,Excellent,2024-08-11
17125,19413,Excellent,2024-12-27
17126,7168,Excellent,2024-12-16
17127,2858,Excellent,2024-10-15
17128,7214,Excellent,2024-08-23
17129,17898,Excellent,2025-06-08
17130,7898,Needs Improvement,2024-07-06
17131,8061,Good,2024-07-11
17132,19661,Needs Improvement,2025-03-04
17133,2009,Excellent,2025-04-16
17134,17498,Needs Improvement,2025-04-30
17135,17334,Needs Improvement,2025-05-24
17136,7734,Good,2025-02-06
17137,2567,Average,2025-06-27
17138,18071,Average,2025-03-31
17139,8012,Needs Improvement,2024-09-01
17140,3521,Needs Improvement,2025-06-02
17141,2661,Excellent,2024-08-11
17142,17659,Excellent,2024-12-20
17143,19671,Average,2025-04-07
17144,13436,Excellent,2025-03-09
17145,8907,Good,2025-06-19
17146,8132,Average,2024-09-15
17147,6549,Average,2025-02-09
17148,14079,Good,2025-02-01
17149,5930,Excellent,2024-08-09
17150,1063,Needs Improvement,2025-04-07
17151,9933,Needs Improvement,2024-12-05
17152,4414,Average,2024-09-05
17153,6083,Needs Improvement,2025-04-16
17154,10212,Good,2025-04-06
17155,749,Excellent,2024-12-07
17156,11519,Average,2025-02-19
17157,12455,Excellent,2024-12-27
17158,17356,Needs Improvement,2025-05-16
17159,1496,Excellent,2024-08-09
17160,12115,Average,2024-09-02
17161,18732,Good,2025-05-18
17162,14098,Average,2024-10-04
17163,13098,Good,2024-11-12
17164,16143,Good,2025-02-06
17165,1284,Needs Improvement,2024-10-26
17166,14901,Good,2025-01-01
17167,3854,Excellent,2024-11-20
17168,1392,Average,2025-06-20
17169,5529,Excellent,2025-02-01
17170,12330,Average,2024-12-25
17171,2679,Average,2024-10-12
17172,13359,Average,2025-06-20
17173,6031,Good,2025-02-24
17174,14321,Excellent,2024-09-25
17175,4223,Good,2024-07-22
17176,1179,Good,2025-03-12
17177,12800,Average,2025-02-02
17178,724,Good,2024-11-28
17179,16165,Good,2024-07-10
17180,5224,Excellent,2024-12-11
17181,648,Average,2024-07-31
17182,8481,Needs Improvement,2024-10-05
17183,12223,Good,2024-07-27
17184,7829,Excellent,2024-12-09
17185,10584,Excellent,2025-06-11
17186,6436,Good,2025-01-04
17187,16456,Average,2025-02-24
17188,3445,Average,2024-11-30
17189,14562,Needs Improvement,2024-08-19
17190,16429,Average,2024-11-02
17191,19602,Good,2025-01-13
17192,16434,Needs Improvement,2024-07-13
17193,16603,Good,2024-10-24
17194,4284,Average,2024-08-07
17195,14728,Average,2024-11-24
17196,16662,Good,2024-11-19
17197,5097,Good,2025-03-31
17198,4018,Good,2025-01-04
17199,7379,Good,2025-05-21
17200,15820,Excellent,2025-04-24
17201,10113,Needs Improvement,2025-06-03
17202,16290,Needs Improvement,2024-08-31
17203,3146,Excellent,2025-07-01
17204,1207,Needs Improvement,2024-12-02
17205,19590,Needs Improvement,2024-09-24
17206,3853,Excellent,2025-06-29
17207,14110,Excellent,2025-03-31
17208,15359,Needs Improvement,2024-09-08
17209,7858,Good,2024-11-05
17210,4905,Excellent,2024-07-26
17211,14410,Excellent,2024-11-17
17212,18503,Average,2025-04-04
17213,17278,Excellent,2024-11-19
17214,19537,Good,2025-06-26
17215,17962,Excellent,2024-07-31
17216,14337,Needs Improvement,2024-11-19
17217,8774,Excellent,2024-11-18
17218,4143,Average,2025-03-21
17219,13321,Excellent,2025-01-08
17220,17157,Average,2024-07-25
17221,10245,Average,2025-02-05
17222,6063,Needs Improvement,2024-10-08
17223,16274,Excellent,2024-08-08
17224,14406,Needs Improvement,2025-02-05
17225,14906,Excellent,2025-04-14
17226,546,Average,2025-06-30
17227,6092,Good,2025-01-27
17228,13092,Average,2025-02-02
17229,255,Needs Improvement,2024-10-25
17230,8178,Average,2025-01-31
17231,9245,Excellent,2024-07-27
17232,19360,Good,2024-12-26
17233,7601,Excellent,2025-03-13
17234,8804,Needs Improvement,2024-12-21
17235,10951,Needs Improvement,2024-07-10
17236,16503,Good,2025-03-30
17237,10441,Average,2025-02-18
17238,16595,Average,2025-06-20
17239,7414,Excellent,2024-10-14
17240,12317,Good,2025-05-20
17241,10942,Average,2024-07-08
17242,7096,Needs Improvement,2025-07-03
17243,4972,Average,2025-02-10
17244,1055,Excellent,2025-03-18
17245,13409,Excellent,2024-08-18
17246,6682,Average,2025-03-10
17247,1524,Average,2024-12-06
17248,5001,Needs Improvement,2025-02-09
17249,16595,Good,2025-05-02
17250,4236,Average,2025-06-11
17251,4478,Needs Improvement,2025-05-14
17252,10140,Excellent,2024-07-06
17253,15871,Average,2025-03-03
17254,10571,Excellent,2024-12-30
17255,9211,Average,2025-01-18
17256,6850,Needs Improvement,2025-03-28
17257,3535,Good,2025-04-20
17258,18547,Good,2024-09-11
17259,11169,Excellent,2024-07-12
17260,19080,Excellent,2024-10-30
17261,1259,Average,2024-12-24
17262,2359,Excellent,2024-07-25
17263,8072,Average,2024-10-07
17264,16033,Needs Improvement,2025-04-02
17265,4023,Needs Improvement,2024-12-09
17266,12140,Needs Improvement,2025-02-04
17267,18739,Average,2024-09-19
17268,15453,Excellent,2024-09-23
17269,6558,Average,2025-04-24
17270,10080,Good,2025-03-15
17271,4572,Needs Improvement,2024-11-03
17272,17146,Average,2024-12-11
17273,7551,Average,2024-09-18
17274,7139,Needs Improvement,2024-12-06
17275,7691,Good,2024-12-17
17276,5409,Good,2024-09-23
17277,1563,Excellent,2025-04-17
17278,19238,Excellent,2024-07-15
17279,13189,Average,2025-01-29
17280,9839,Excellent,2024-11-15
17281,19747,Excellent,2024-10-31
17282,14110,Excellent,2025-01-01
17283,5328,Good,2024-10-09
17284,13386,Excellent,2025-05-23
17285,19353,Needs Improvement,2024-09-01
17286,6322,Needs Improvement,2025-05-01
17287,8355,Excellent,2024-07-10
17288,3350,Needs Improvement,2025-03-09
17289,18718,Needs Improvement,2024-09-24
17290,8102,Excellent,2025-02-15
17291,1671,Needs Improvement,2024-09-04
17292,8236,Needs Improvement,2025-02-07
17293,17594,Excellent,2024-11-01
17294,7518,Needs Improvement,2025-05-12
17295,3435,Average,2024-12-21
17296,8741,Excellent,2025-05-06
17297,17064,Excellent,2025-05-27
17298,1909,Average,2025-04-07
17299,15548,Average,2024-08-28
17300,9800,Excellent,2025-02-26
17301,4378,Excellent,2024-12-23
17302,17793,Excellent,2024-12-27
17303,2111,Average,2024-11-21
17304,16013,Good,2025-06-30
17305,8555,Average,2025-06-05
17306,868,Excellent,2025-04-02
17307,10718,Good,2025-04-13
17308,16447,Average,2025-02-14
17309,13808,Needs Improvement,2024-11-28
17310,18583,Needs Improvement,2024-10-15
17311,3099,Needs Improvement,2024-12-09
17312,14777,Average,2025-02-01
17313,13287,Average,2025-03-05
17314,15457,Needs Improvement,2024-08-08
17315,7262,Excellent,2025-05-29
17316,19713,Good,2024-08-11
17317,14742,Excellent,2024-08-18
17318,2933,Needs Improvement,2024-10-20
17319,7576,Excellent,2025-06-23
17320,9186,Good,2024-12-27
17321,17645,Excellent,2024-12-06
17322,1854,Good,2025-01-02
17323,16526,Needs Improvement,2025-02-27
17324,10359,Average,2024-08-31
17325,13800,Good,2025-02-13
17326,2360,Needs Improvement,2025-02-26
17327,1818,Average,2025-02-22
17328,16468,Excellent,2024-11-01
17329,14379,Needs Improvement,2025-06-23
17330,9191,Needs Improvement,2024-12-26
17331,7543,Good,2024-08-16
17332,18880,Needs Improvement,2024-08-10
17333,6181,Average,2025-06-06
17334,8837,Good,2025-03-01
17335,7290,Needs Improvement,2024-09-16
17336,11902,Excellent,2025-05-11
17337,10905,Good,2024-07-16
17338,4499,Excellent,2025-06-26
17339,2981,Average,2024-08-31
17340,7388,Needs Improvement,2025-01-12
17341,3294,Good,2024-09-09
17342,19029,Excellent,2025-05-08
17343,13101,Needs Improvement,2024-12-28
17344,8304,Average,2025-03-19
17345,9762,Good,2024-08-16
17346,3634,Needs Improvement,2024-09-28
17347,16571,Average,2024-09-29
17348,3080,Needs Improvement,2024-08-30
17349,7178,Average,2025-03-25
17350,15500,Good,2024-09-01
17351,409,Needs Improvement,2025-01-26
17352,16317,Excellent,2025-05-09
17353,6958,Average,2024-09-27
17354,11244,Average,2025-04-11
17355,9145,Good,2024-08-03
17356,19886,Excellent,2025-03-25
17357,1412,Average,2024-12-30
17358,11281,Good,2025-04-18
17359,3064,Needs Improvement,2025-06-04
17360,9641,Excellent,2025-01-13
17361,11015,Good,2025-02-03
17362,8911,Needs Improvement,2025-06-10
17363,7391,Excellent,2025-01-20
17364,18831,Needs Improvement,2024-07-12
17365,5114,Needs Improvement,2025-02-12
17366,16350,Good,2025-05-10
17367,4755,Needs Improvement,2024-10-21
17368,6249,Good,2025-03-05
17369,2638,Average,2025-03-21
17370,14296,Average,2024-12-28
17371,4014,Needs Improvement,2025-05-22
17372,4934,Excellent,2025-07-06
17373,11989,Needs Improvement,2024-09-06
17374,14972,Average,2024-08-04
17375,9687,Average,2024-11-30
17376,14684,Excellent,2024-10-09
17377,9538,Average,2025-01-16
17378,376,Needs Improvement,2024-11-30
17379,16713,Good,2025-04-27
17380,16644,Excellent,2025-02-12
17381,236,Average,2024-11-08
17382,8563,Needs Improvement,2024-08-20
17383,6143,Excellent,2024-10-01
17384,2115,Needs Improvement,2024-11-30
17385,18036,Excellent,2024-07-07
17386,9860,Average,2025-03-08
17387,5443,Excellent,2024-11-06
17388,13,Excellent,2025-03-16
17389,5701,Excellent,2025-02-25
17390,11498,Good,2024-10-13
17391,614,Good,2024-12-13
17392,8757,Average,2025-04-16
17393,7216,Needs Improvement,2024-12-30
17394,1015,Needs Improvement,2024-10-11
17395,12872,Excellent,2025-03-07
17396,16848,Average,2025-07-02
17397,9806,Average,2024-11-07
17398,11804,Good,2025-01-05
17399,19624,Good,2024-11-30
17400,16937,Needs Improvement,2025-02-17
17401,14008,Good,2024-09-15
17402,5957,Excellent,2024-08-26
17403,5977,Average,2024-09-21
17404,11550,Average,2024-12-16
17405,1573,Needs Improvement,2025-02-16
17406,5381,Average,2024-09-04
17407,17817,Excellent,2025-04-17
17408,11509,Needs Improvement,2024-11-04
17409,8538,Average,2024-10-03
17410,3597,Excellent,2025-06-30
17411,9392,Good,2024-11-26
17412,14036,Good,2025-05-11
17413,15555,Needs Improvement,2025-03-19
17414,10025,Good,2025-02-10
17415,13659,Needs Improvement,2024-12-28
17416,9182,Average,2024-10-23
17417,3484,Needs Improvement,2025-04-25
17418,12758,Average,2024-12-10
17419,1176,Excellent,2025-01-07
17420,16785,Needs Improvement,2025-05-30
17421,1602,Excellent,2024-08-30
17422,9816,Excellent,2025-06-05
17423,2617,Average,2024-10-02
17424,14083,Needs Improvement,2025-06-17
17425,2797,Average,2024-09-01
17426,7497,Needs Improvement,2025-03-10
17427,2251,Good,2024-07-23
17428,3466,Needs Improvement,2024-08-28
17429,7235,Needs Improvement,2025-02-17
17430,5958,Excellent,2025-03-15
17431,18011,Average,2025-02-03
17432,18577,Needs Improvement,2024-11-18
17433,18344,Average,2025-02-05
17434,16432,Average,2024-12-31
17435,14957,Needs Improvement,2025-03-15
17436,18850,Needs Improvement,2025-02-19
17437,6878,Needs Improvement,2025-06-25
17438,13255,Average,2024-10-09
17439,10940,Needs Improvement,2024-08-11
17440,7796,Needs Improvement,2025-01-15
17441,3845,Average,2024-12-03
17442,6206,Good,2024-11-07
17443,2863,Needs Improvement,2025-06-10
17444,433,Excellent,2024-09-19
17445,2150,Excellent,2025-01-13
17446,3377,Needs Improvement,2024-10-03
17447,3502,Needs Improvement,2025-04-28
17448,17784,Needs Improvement,2024-08-18
17449,18781,Average,2025-04-24
17450,1080,Needs Improvement,2025-06-29
17451,14491,Excellent,2024-12-06
17452,10371,Average,2024-07-10
17453,5883,Average,2024-10-11
17454,321,Good,2025-01-19
17455,6094,Needs Improvement,2025-06-02
17456,17771,Good,2025-04-22
17457,17520,Needs Improvement,2024-08-20
17458,19866,Good,2025-03-04
17459,8817,Average,2025-05-14
17460,19311,Excellent,2025-02-15
17461,19926,Good,2024-09-27
17462,6971,Good,2025-04-13
17463,12516,Needs Improvement,2024-12-14
17464,12681,Good,2024-10-14
17465,946,Good,2024-07-28
17466,4948,Excellent,2025-03-25
17467,2413,Good,2025-06-04
17468,4936,Good,2024-12-05
17469,19182,Good,2024-12-02
17470,12844,Excellent,2025-04-04
17471,12786,Good,2024-09-10
17472,2389,Needs Improvement,2025-06-06
17473,14893,Average,2024-10-18
17474,10091,Excellent,2025-02-25
17475,6047,Needs Improvement,2025-03-07
17476,17679,Excellent,2025-04-02
17477,16010,Good,2025-03-15
17478,1228,Good,2025-04-26
17479,6646,Needs Improvement,2025-04-06
17480,2112,Excellent,2025-04-30
17481,16941,Needs Improvement,2025-01-11
17482,7292,Excellent,2024-11-14
17483,888,Needs Improvement,2025-01-17
17484,18149,Average,2025-01-19
17485,10740,Needs Improvement,2025-01-28
17486,13270,Needs Improvement,2024-08-09
17487,5144,Average,2025-03-22
17488,10758,Excellent,2025-03-13
17489,12572,Excellent,2024-09-02
17490,530,Average,2024-10-30
17491,15360,Excellent,2024-07-20
17492,18033,Needs Improvement,2024-12-29
17493,592,Needs Improvement,2024-09-26
17494,19192,Average,2024-07-27
17495,7610,Excellent,2025-05-28
17496,881,Needs Improvement,2025-03-22
17497,9054,Good,2025-07-04
17498,4891,Average,2024-07-22
17499,5264,Average,2025-04-07
17500,19666,Excellent,2025-01-01
17501,7107,Excellent,2025-01-14
17502,19899,Excellent,2024-12-08
17503,13127,Excellent,2024-09-23
17504,16458,Needs Improvement,2024-10-30
17505,18294,Excellent,2025-04-29
17506,6622,Needs Improvement,2025-04-16
17507,8522,Good,2025-05-04
17508,4558,Good,2024-12-08
17509,6919,Needs Improvement,2025-01-31
17510,19988,Average,2025-01-25
17511,19752,Good,2024-08-11
17512,1130,Needs Improvement,2025-02-07
17513,5773,Good,2024-10-03
17514,3959,Average,2024-10-28
17515,16591,Average,2024-08-02
17516,18891,Needs Improvement,2024-10-19
17517,10959,Excellent,2025-04-29
17518,2543,Excellent,2025-02-20
17519,17520,Good,2024-10-07
17520,4840,Needs Improvement,2025-05-19
17521,8708,Good,2025-01-26
17522,18256,Excellent,2024-10-13
17523,10619,Average,2024-10-13
17524,4307,Good,2025-05-15
17525,19112,Needs Improvement,2024-08-16
17526,16403,Excellent,2025-03-11
17527,5143,Average,2025-04-03
17528,14307,Excellent,2025-06-03
17529,19790,Average,2024-09-10
17530,18402,Needs Improvement,2025-03-12
17531,11041,Needs Improvement,2025-01-09
17532,19301,Average,2025-02-27
17533,13967,Good,2025-05-08
17534,1434,Average,2024-12-07
17535,1388,Excellent,2024-08-27
17536,18964,Excellent,2025-05-14
17537,14326,Average,2024-09-25
17538,19909,Needs Improvement,2025-06-24
17539,5957,Average,2024-08-04
17540,1257,Average,2024-10-21
17541,8897,Needs Improvement,2025-02-21
17542,406,Good,2025-06-29
17543,15498,Needs Improvement,2025-06-14
17544,19524,Excellent,2025-05-11
17545,1580,Excellent,2024-09-11
17546,17693,Excellent,2024-12-03
17547,16119,Needs Improvement,2025-06-14
17548,13280,Excellent,2025-04-17
17549,17989,Good,2025-03-10
17550,9735,Needs Improvement,2025-05-06
17551,5257,Average,2025-01-11
17552,3351,Good,2024-11-22
17553,9530,Needs Improvement,2024-09-08
17554,2544,Average,2025-04-15
17555,15040,Needs Improvement,2025-06-20
17556,1635,Needs Improvement,2025-04-11
17557,2593,Needs Improvement,2025-01-22
17558,11192,Good,2025-06-29
17559,9540,Excellent,2024-10-01
17560,6697,Average,2024-09-21
17561,15041,Excellent,2025-02-25
17562,15988,Average,2025-05-14
17563,10758,Needs Improvement,2024-07-11
17564,6565,Excellent,2025-03-18
17565,16053,Average,2025-04-29
17566,9374,Excellent,2024-09-26
17567,7275,Average,2024-11-13
17568,15377,Needs Improvement,2024-12-22
17569,193,Excellent,2025-01-12
17570,5824,Needs Improvement,2025-06-03
17571,2697,Good,2025-01-16
17572,8851,Excellent,2024-09-19
17573,5878,Good,2024-12-04
17574,18915,Needs Improvement,2025-05-22
17575,16273,Needs Improvement,2024-07-06
17576,12679,Needs Improvement,2025-05-23
17577,1159,Excellent,2025-03-02
17578,4089,Good,2025-02-21
17579,6872,Needs Improvement,2024-07-26
17580,10948,Excellent,2024-10-26
17581,12730,Excellent,2025-04-25
17582,3490,Excellent,2024-10-04
17583,19687,Excellent,2024-07-26
17584,17936,Good,2025-01-03
17585,7801,Needs Improvement,2025-01-07
17586,8150,Needs Improvement,2024-08-03
17587,15938,Good,2024-12-12
17588,6616,Average,2024-12-04
17589,13868,Needs Improvement,2025-01-21
17590,6131,Excellent,2024-07-06
17591,682,Needs Improvement,2025-02-23
17592,8599,Excellent,2025-03-04
17593,13823,Average,2025-04-14
17594,6165,Good,2024-11-13
17595,9044,Average,2024-08-23
17596,6085,Needs Improvement,2024-09-14
17597,8122,Average,2024-11-16
17598,4939,Average,2025-04-14
17599,10658,Average,2024-12-22
17600,19890,Average,2025-04-28
17601,12037,Needs Improvement,2024-11-11
17602,9624,Average,2025-07-06
17603,728,Average,2025-03-26
17604,16754,Needs Improvement,2025-03-07
17605,15359,Good,2025-03-30
17606,7222,Excellent,2024-08-19
17607,15470,Average,2024-10-23
17608,10984,Average,2024-08-31
17609,7095,Excellent,2024-08-02
17610,14256,Excellent,2024-11-04
17611,13970,Excellent,2024-09-11
17612,17974,Good,2025-05-05
17613,14951,Excellent,2025-03-13
17614,9311,Excellent,2025-05-27
17615,17170,Needs Improvement,2025-01-09
17616,13752,Excellent,2025-07-02
17617,11081,Average,2024-08-03
17618,17096,Needs Improvement,2025-05-10
17619,13145,Average,2024-12-07
17620,5715,Average,2024-10-22
17621,10972,Good,2024-12-31
17622,8267,Good,2025-03-31
17623,17925,Excellent,2025-05-26
17624,4425,Excellent,2024-10-29
17625,18710,Average,2024-08-06
17626,10754,Good,2025-05-20
17627,9103,Average,2024-08-01
17628,8586,Good,2024-10-13
17629,12833,Average,2024-12-06
17630,11998,Needs Improvement,2025-01-20
17631,17191,Average,2024-12-16
17632,6754,Average,2024-08-10
17633,12072,Excellent,2025-04-25
17634,5533,Good,2025-01-30
17635,13162,Excellent,2024-11-27
17636,6736,Needs Improvement,2024-09-23
17637,15550,Average,2024-11-05
17638,19062,Average,2024-09-19
17639,2112,Excellent,2025-05-18
17640,15152,Excellent,2025-02-10
17641,11797,Average,2024-11-16
17642,7484,Excellent,2024-07-18
17643,5894,Excellent,2025-01-29
17644,754,Needs Improvement,2025-06-17
17645,8601,Excellent,2025-01-25
17646,13628,Average,2025-06-30
17647,19996,Average,2025-05-21
17648,6266,Good,2025-05-21
17649,8347,Good,2024-11-02
17650,15711,Needs Improvement,2024-07-07
17651,5064,Excellent,2025-05-27
17652,14035,Average,2024-08-28
17653,19157,Needs Improvement,2024-07-21
17654,4392,Good,2024-09-01
17655,17248,Average,2025-04-24
17656,14762,Needs Improvement,2025-02-13
17657,8529,Good,2024-08-20
17658,9362,Good,2024-09-13
17659,19599,Average,2025-02-14
17660,1148,Excellent,2024-12-05
17661,11002,Good,2024-08-17
17662,2617,Good,2025-06-04
17663,15201,Excellent,2025-05-03
17664,8005,Needs Improvement,2024-10-23
17665,733,Needs Improvement,2025-02-06
17666,4355,Excellent,2024-08-26
17667,13668,Needs Improvement,2025-03-04
17668,3074,Excellent,2024-11-11
17669,13399,Average,2025-03-31
17670,16856,Excellent,2025-01-11
17671,14262,Needs Improvement,2025-01-30
17672,2793,Good,2025-05-06
17673,13366,Needs Improvement,2024-07-23
17674,4673,Needs Improvement,2025-01-11
17675,4367,Excellent,2024-07-25
17676,7914,Excellent,2025-06-03
17677,16121,Average,2024-12-25
17678,1795,Good,2025-06-18
17679,11202,Average,2025-03-24
17680,7244,Needs Improvement,2025-02-25
17681,18696,Good,2024-10-04
17682,9503,Average,2024-08-09
17683,8005,Excellent,2025-01-21
17684,8468,Average,2024-07-26
17685,18059,Excellent,2024-07-22
17686,12769,Excellent,2025-04-09
17687,12799,Average,2025-01-23
17688,17695,Needs Improvement,2024-08-10
17689,5546,Good,2024-12-02
17690,15691,Excellent,2025-01-07
17691,19380,Excellent,2025-03-01
17692,6314,Needs Improvement,2025-06-01
17693,771,Needs Improvement,2025-03-11
17694,3540,Good,2024-11-28
17695,7213,Average,2025-01-01
17696,17589,Excellent,2025-01-17
17697,6851,Excellent,2025-01-29
17698,8913,Needs Improvement,2025-06-19
17699,14271,Excellent,2024-08-04
17700,13245,Good,2025-05-06
17701,11732,Needs Improvement,2025-02-19
17702,3095,Excellent,2025-04-05
17703,6960,Needs Improvement,2024-11-03
17704,18603,Average,2024-08-22
17705,19321,Needs Improvement,2025-06-05
17706,11720,Needs Improvement,2025-05-27
17707,232,Needs Improvement,2025-02-02
17708,1851,Average,2025-05-25
17709,11002,Excellent,2024-09-24
17710,3966,Needs Improvement,2024-07-06
17711,10622,Excellent,2024-11-14
17712,1384,Average,2025-02-05
17713,18620,Good,2025-03-16
17714,16810,Excellent,2025-05-14
17715,3818,Average,2024-12-31
17716,5078,Average,2024-12-12
17717,3186,Average,2025-01-31
17718,15045,Needs Improvement,2025-03-06
17719,13786,Good,2024-11-18
17720,16053,Average,2024-07-08
17721,2170,Needs Improvement,2025-05-23
17722,7295,Good,2025-05-10
17723,13760,Good,2024-09-27
17724,13164,Excellent,2025-04-06
17725,5361,Good,2025-03-11
17726,13559,Needs Improvement,2024-10-17
17727,10205,Excellent,2025-02-07
17728,15861,Needs Improvement,2024-08-23
17729,3770,Needs Improvement,2025-03-30
17730,11744,Excellent,2024-10-27
17731,2028,Excellent,2024-10-08
17732,11607,Average,2025-05-28
17733,1801,Needs Improvement,2024-12-31
17734,17240,Needs Improvement,2024-12-15
17735,18868,Needs Improvement,2024-12-09
17736,2459,Needs Improvement,2025-01-20
17737,3501,Good,2024-11-27
17738,2179,Good,2025-06-12
17739,834,Average,2025-03-11
17740,9308,Needs Improvement,2024-11-27
17741,14619,Good,2024-09-22
17742,15100,Average,2024-12-26
17743,18125,Good,2025-03-23
17744,15010,Good,2025-06-24
17745,9392,Average,2025-02-03
17746,12520,Excellent,2025-03-22
17747,8118,Good,2024-10-12
17748,13230,Needs Improvement,2025-02-17
17749,4306,Excellent,2025-01-14
17750,5188,Needs Improvement,2025-04-24
17751,4164,Good,2024-10-15
17752,19563,Average,2024-12-19
17753,16023,Needs Improvement,2024-10-09
17754,5451,Needs Improvement,2025-04-26
17755,15367,Average,2024-11-05
17756,13517,Needs Improvement,2025-03-16
17757,4603,Needs Improvement,2024-09-01
17758,4107,Good,2024-10-26
17759,3260,Excellent,2025-04-19
17760,4662,Excellent,2025-06-05
17761,10053,Excellent,2024-07-15
17762,17646,Excellent,2024-08-15
17763,13303,Needs Improvement,2025-05-11
17764,4140,Good,2024-12-13
17765,4987,Needs Improvement,2024-10-01
17766,18768,Good,2025-02-19
17767,1946,Average,2024-08-27
17768,1951,Needs Improvement,2025-04-29
17769,1544,Needs Improvement,2025-01-03
17770,445,Needs Improvement,2025-03-07
17771,18685,Average,2024-12-27
17772,14938,Good,2024-10-31
17773,14463,Needs Improvement,2025-03-27
17774,18144,Needs Improvement,2025-03-26
17775,18571,Average,2024-10-09
17776,1350,Excellent,2025-01-05
17777,6269,Excellent,2025-05-26
17778,376,Good,2025-03-22
17779,8687,Good,2025-04-08
17780,300,Needs Improvement,2025-06-08
17781,15012,Good,2024-08-30
17782,8387,Average,2025-02-01
17783,5759,Good,2025-01-15
17784,19534,Good,2024-10-22
17785,4214,Good,2024-12-30
17786,4740,Average,2025-02-10
17787,13109,Needs Improvement,2025-05-20
17788,12226,Average,2025-04-15
17789,19664,Good,2024-08-12
17790,9039,Good,2024-07-17
17791,4727,Excellent,2025-01-20
17792,15823,Good,2025-07-03
17793,17754,Average,2024-11-30
17794,2828,Good,2025-06-22
17795,5981,Needs Improvement,2025-04-23
17796,1080,Average,2025-06-13
17797,19068,Good,2025-04-21
17798,16607,Good,2025-03-22
17799,11888,Good,2024-07-29
17800,5189,Excellent,2024-11-21
17801,16339,Excellent,2025-02-25
17802,13575,Good,2025-04-29
17803,13916,Excellent,2024-10-26
17804,7014,Good,2025-02-11
17805,18176,Needs Improvement,2024-08-30
17806,17073,Good,2025-03-10
17807,15316,Good,2025-01-05
17808,10903,Needs Improvement,2024-12-01
17809,15089,Good,2024-10-14
17810,64,Average,2025-02-22
17811,13912,Excellent,2024-07-12
17812,9738,Average,2024-08-05
17813,7276,Average,2025-01-01
17814,6111,Good,2024-11-16
17815,18610,Good,2024-12-08
17816,8996,Excellent,2024-08-23
17817,8561,Good,2025-07-03
17818,4762,Excellent,2025-04-06
17819,634,Excellent,2025-04-11
17820,9112,Good,2024-09-24
17821,5544,Good,2025-02-10
17822,16219,Excellent,2024-08-01
17823,14531,Average,2025-04-11
17824,16508,Needs Improvement,2025-05-29
17825,9476,Average,2024-08-19
17826,13409,Excellent,2025-02-02
17827,583,Excellent,2024-12-24
17828,16812,Good,2025-01-17
17829,9401,Good,2025-01-25
17830,9561,Average,2024-12-06
17831,8737,Needs Improvement,2024-08-30
17832,19609,Excellent,2025-04-28
17833,13557,Excellent,2024-12-05
17834,17126,Needs Improvement,2024-10-19
17835,12806,Good,2024-08-05
17836,1652,Good,2024-09-28
17837,8455,Average,2025-04-10
17838,7098,Needs Improvement,2024-11-16
17839,531,Excellent,2025-02-26
17840,5444,Good,2024-11-24
17841,708,Average,2024-12-07
17842,16083,Good,2025-03-11
17843,4011,Needs Improvement,2024-11-22
17844,4876,Excellent,2025-07-06
17845,14414,Average,2025-05-31
17846,7471,Needs Improvement,2024-12-09
17847,10928,Needs Improvement,2024-11-25
17848,5538,Average,2025-04-13
17849,17240,Needs Improvement,2024-08-09
17850,11761,Excellent,2025-02-11
17851,9131,Average,2024-07-20
17852,861,Good,2025-01-05
17853,6639,Average,2024-08-29
17854,15,Needs Improvement,2025-03-12
17855,2224,Good,2024-10-10
17856,5201,Excellent,2025-03-24
17857,6184,Average,2025-07-02
17858,12959,Average,2025-03-11
17859,16260,Needs Improvement,2025-05-24
17860,2926,Good,2024-08-10
17861,14015,Excellent,2024-10-30
17862,6830,Average,2025-06-08
17863,13129,Needs Improvement,2024-09-30
17864,2790,Good,2025-06-14
17865,5136,Excellent,2024-07-22
17866,8747,Average,2024-11-11
17867,19512,Needs Improvement,2025-02-03
17868,19340,Needs Improvement,2024-11-06
17869,3336,Good,2025-05-09
17870,10607,Average,2024-08-08
17871,14533,Good,2024-10-24
17872,13874,Good,2024-11-10
17873,13899,Needs Improvement,2024-07-13
17874,18021,Excellent,2024-12-28
17875,17015,Needs Improvement,2024-08-06
17876,19205,Average,2025-03-21
17877,10768,Good,2025-05-25
17878,12264,Needs Improvement,2025-03-04
17879,12209,Average,2025-05-07
17880,1944,Average,2025-07-06
17881,7815,Needs Improvement,2025-04-06
17882,18223,Average,2025-06-06
17883,13615,Average,2024-10-10
17884,5294,Needs Improvement,2025-05-05
17885,16519,Excellent,2025-05-14
17886,1644,Good,2025-03-10
17887,17958,Excellent,2025-03-10
17888,9136,Average,2024-09-17
17889,12885,Average,2024-11-13
17890,4934,Excellent,2025-01-15
17891,8178,Average,2025-02-13
17892,8736,Good,2025-06-23
17893,8789,Needs Improvement,2024-08-18
17894,18781,Excellent,2024-11-29
17895,1935,Average,2025-01-31
17896,3890,Good,2024-07-08
17897,19248,Excellent,2025-07-05
17898,8110,Good,2024-10-11
17899,14174,Average,2025-02-03
17900,14275,Excellent,2025-01-03
17901,19396,Excellent,2024-08-09
17902,5501,Needs Improvement,2025-05-06
17903,4062,Average,2024-08-07
17904,5082,Good,2025-05-30
17905,7692,Needs Improvement,2024-09-20
17906,7629,Excellent,2025-06-25
17907,361,Excellent,2024-08-29
17908,417,Average,2024-09-07
17909,6029,Excellent,2025-03-25
17910,1915,Average,2024-12-31
17911,11225,Average,2025-03-19
17912,4071,Needs Improvement,2025-02-17
17913,10031,Good,2025-04-12
17914,17154,Needs Improvement,2024-11-08
17915,7812,Needs Improvement,2024-07-16
17916,18137,Average,2024-07-29
17917,10079,Good,2025-02-02
17918,14515,Needs Improvement,2024-09-30
17919,7635,Average,2025-01-27
17920,13395,Good,2024-11-29
17921,6142,Excellent,2025-04-08
17922,4848,Needs Improvement,2025-06-09
17923,417,Good,2025-05-14
17924,6583,Average,2025-05-17
17925,5437,Excellent,2025-02-04
17926,11876,Good,2024-11-03
17927,7429,Good,2025-03-20
17928,14657,Needs Improvement,2024-11-09
17929,6206,Needs Improvement,2025-06-21
17930,15657,Average,2025-02-02
17931,6697,Good,2025-06-09
17932,5404,Excellent,2025-01-07
17933,14306,Excellent,2024-07-29
17934,5886,Excellent,2025-01-31
17935,3633,Needs Improvement,2025-05-03
17936,71,Average,2024-07-16
17937,5107,Needs Improvement,2024-11-06
17938,1978,Needs Improvement,2024-12-17
17939,9087,Needs Improvement,2025-01-10
17940,12147,Good,2024-09-03
17941,6178,Needs Improvement,2025-03-17
17942,10640,Good,2025-02-14
17943,4122,Needs Improvement,2024-09-15
17944,6499,Excellent,2025-06-05
17945,9285,Excellent,2025-04-28
17946,658,Excellent,2024-10-11
17947,19251,Excellent,2024-11-06
17948,18527,Good,2025-06-24
17949,14500,Needs Improvement,2024-12-04
17950,1845,Needs Improvement,2024-07-10
17951,6767,Good,2025-03-29
17952,16182,Good,2024-10-26
17953,16730,Needs Improvement,2025-06-02
17954,4795,Average,2024-08-08
17955,15803,Good,2024-10-23
17956,13650,Average,2024-12-26
17957,8927,Needs Improvement,2025-05-04
17958,15763,Excellent,2025-03-29
17959,11641,Excellent,2025-03-18
17960,4363,Good,2024-07-06
17961,5246,Good,2025-06-07
17962,5117,Needs Improvement,2024-12-11
17963,14818,Needs Improvement,2024-10-31
17964,18664,Needs Improvement,2024-07-09
17965,17901,Excellent,2025-03-30
17966,8001,Average,2025-01-26
17967,1343,Good,2024-08-24
17968,421,Needs Improvement,2024-08-03
17969,15649,Excellent,2025-05-08
17970,736,Needs Improvement,2025-06-26
17971,19681,Needs Improvement,2024-10-01
17972,13075,Average,2025-05-19
17973,19314,Average,2024-08-18
17974,2193,Needs Improvement,2025-04-30
17975,3697,Average,2025-03-19
17976,18424,Good,2025-03-06
17977,16404,Average,2025-03-20
17978,12238,Good,2024-09-30
17979,16014,Excellent,2024-07-14
17980,12196,Average,2025-07-05
17981,3931,Average,2025-04-01
17982,9342,Good,2025-04-26
17983,15827,Good,2024-10-30
17984,14965,Good,2025-01-17
17985,18722,Average,2025-01-02
17986,16433,Needs Improvement,2025-06-26
17987,6801,Needs Improvement,2025-05-18
17988,2563,Needs Improvement,2025-04-13
17989,16060,Average,2025-03-18
17990,5029,Needs Improvement,2025-03-19
17991,4863,Average,2025-03-18
17992,9602,Average,2024-10-29
17993,13784,Good,2025-04-20
17994,11262,Good,2024-12-09
17995,16384,Needs Improvement,2025-04-21
17996,119,Good,2025-03-31
17997,14645,Needs Improvement,2025-01-19
17998,16386,Needs Improvement,2024-10-11
17999,10344,Excellent,2025-06-19
18000,6882,Good,2024-10-15
18001,10760,Average,2025-04-03
18002,10209,Average,2024-10-18
18003,10904,Excellent,2024-11-03
18004,17203,Excellent,2025-06-18
18005,16928,Excellent,2024-08-01
18006,7895,Needs Improvement,2025-01-03
18007,3775,Good,2025-03-20
18008,13444,Needs Improvement,2025-06-26
18009,6860,Average,2025-05-13
18010,8134,Needs Improvement,2024-08-05
18011,6552,Average,2024-08-08
18012,19151,Needs Improvement,2025-03-27
18013,8926,Excellent,2025-01-11
18014,4100,Excellent,2025-01-18
18015,8403,Good,2025-04-10
18016,7653,Average,2025-06-28
18017,19245,Excellent,2025-01-22
18018,19635,Needs Improvement,2025-04-19
18019,1326,Needs Improvement,2024-09-13
18020,3836,Average,2025-05-24
18021,13607,Good,2025-04-16
18022,19719,Needs Improvement,2024-07-28
18023,19551,Average,2024-09-23
18024,17317,Excellent,2024-10-13
18025,981,Excellent,2024-10-27
18026,14584,Needs Improvement,2025-05-24
18027,10162,Needs Improvement,2025-04-12
18028,8250,Good,2024-12-20
18029,831,Good,2025-01-10
18030,10223,Excellent,2024-11-04
18031,14382,Excellent,2025-02-16
18032,17226,Excellent,2024-10-22
18033,14392,Excellent,2025-06-07
18034,19838,Excellent,2024-09-27
18035,5923,Average,2025-01-31
18036,15952,Good,2024-12-03
18037,2477,Average,2024-08-11
18038,7826,Good,2024-09-19
18039,15955,Good,2024-08-16
18040,560,Excellent,2024-07-13
18041,10097,Needs Improvement,2024-07-20
18042,17743,Needs Improvement,2024-08-29
18043,16555,Excellent,2025-05-09
18044,12704,Good,2024-10-14
18045,15327,Excellent,2025-01-08
18046,18911,Excellent,2024-08-16
18047,5974,Average,2025-03-10
18048,15620,Average,2024-12-12
18049,3910,Excellent,2025-03-29
18050,824,Good,2025-04-07
18051,13551,Excellent,2025-06-17
18052,13529,Average,2024-07-30
18053,18274,Good,2024-08-22
18054,14533,Good,2024-10-09
18055,11416,Good,2025-06-21
18056,3392,Average,2025-01-19
18057,3407,Excellent,2025-03-28
18058,10621,Excellent,2025-03-25
18059,4277,Excellent,2025-06-17
18060,14596,Excellent,2025-04-24
18061,2874,Good,2025-04-02
18062,14955,Average,2025-06-21
18063,11668,Needs Improvement,2025-02-06
18064,15808,Excellent,2025-01-08
18065,13662,Good,2025-05-14
18066,18485,Good,2025-01-24
18067,15539,Good,2025-02-07
18068,15681,Needs Improvement,2024-07-22
18069,1684,Excellent,2025-03-25
18070,11655,Needs Improvement,2025-06-04
18071,14816,Average,2024-10-07
18072,6150,Good,2025-01-04
18073,18019,Excellent,2024-08-10
18074,962,Average,2025-06-29
18075,13388,Excellent,2024-12-15
18076,1664,Average,2025-02-26
18077,16192,Good,2025-06-30
18078,10466,Average,2025-07-04
18079,8351,Average,2024-08-09
18080,16959,Average,2024-10-20
18081,9942,Average,2024-07-19
18082,6906,Average,2025-01-03
18083,4533,Average,2024-09-21
18084,11700,Average,2024-07-17
18085,2467,Needs Improvement,2024-09-04
18086,6894,Good,2024-12-08
18087,16693,Excellent,2025-01-05
18088,9817,Average,2024-07-14
18089,8532,Average,2025-02-03
18090,11628,Excellent,2025-01-20
18091,857,Needs Improvement,2025-07-01
18092,15018,Average,2024-10-02
18093,14854,Needs Improvement,2025-05-15
18094,18609,Excellent,2024-09-14
18095,7446,Needs Improvement,2025-06-27
18096,19440,Average,2025-01-14
18097,14503,Needs Improvement,2025-04-16
18098,15054,Average,2025-01-28
18099,241,Good,2024-11-15
18100,8848,Excellent,2025-06-09
18101,15796,Excellent,2025-03-23
18102,19240,Average,2024-11-23
18103,5398,Average,2024-11-27
18104,11345,Needs Improvement,2024-12-11
18105,11991,Average,2025-04-07
18106,19432,Needs Improvement,2024-07-27
18107,5603,Excellent,2025-06-12
18108,6255,Needs Improvement,2025-03-14
18109,14300,Average,2024-12-20
18110,4083,Excellent,2024-07-31
18111,9941,Needs Improvement,2025-04-21
18112,13404,Average,2025-01-31
18113,13404,Good,2024-09-06
18114,19590,Good,2024-10-14
18115,4465,Average,2025-01-26
18116,11876,Average,2025-02-21
18117,1683,Needs Improvement,2025-01-29
18118,18144,Excellent,2025-01-13
18119,12899,Average,2025-05-07
18120,5934,Good,2024-12-20
18121,17075,Needs Improvement,2024-08-06
18122,4783,Excellent,2025-05-08
18123,2195,Needs Improvement,2025-06-11
18124,5902,Needs Improvement,2025-01-28
18125,4456,Good,2024-10-22
18126,2127,Needs Improvement,2025-03-30
18127,11919,Average,2024-09-23
18128,4302,Needs Improvement,2025-07-01
18129,9884,Average,2024-10-24
18130,7128,Average,2024-10-08
18131,13330,Excellent,2024-10-10
18132,17593,Average,2024-08-17
18133,5759,Excellent,2025-05-28
18134,13263,Excellent,2025-05-11
18135,1687,Good,2024-12-01
18136,5548,Excellent,2024-07-13
18137,3237,Average,2025-03-11
18138,8820,Excellent,2025-01-23
18139,19308,Excellent,2024-08-23
18140,2775,Excellent,2024-12-08
18141,16775,Average,2025-03-27
18142,6948,Needs Improvement,2025-02-16
18143,10718,Good,2025-04-01
18144,19934,Excellent,2025-03-21
18145,2106,Good,2025-04-08
18146,16058,Average,2025-01-01
18147,2146,Average,2025-03-27
18148,19555,Average,2024-12-16
18149,1393,Needs Improvement,2025-01-08
18150,1575,Excellent,2025-03-07
18151,18589,Average,2024-10-20
18152,15162,Excellent,2024-08-01
18153,18814,Good,2025-02-11
18154,1522,Needs Improvement,2024-11-06
18155,5962,Good,2025-03-25
18156,4866,Average,2024-08-04
18157,3404,Needs Improvement,2024-11-23
18158,13189,Average,2024-08-06
18159,18672,Good,2024-07-08
18160,19875,Average,2025-03-04
18161,13200,Average,2025-05-13
18162,16617,Average,2024-09-26
18163,1441,Excellent,2024-12-17
18164,2570,Excellent,2024-12-21
18165,4210,Good,2024-09-23
18166,5831,Needs Improvement,2025-01-16
18167,16830,Excellent,2025-02-07
18168,13773,Good,2024-08-11
18169,6079,Needs Improvement,2025-04-10
18170,11310,Excellent,2024-11-14
18171,366,Needs Improvement,2025-04-02
18172,9582,Needs Improvement,2025-02-25
18173,13598,Average,2024-09-24
18174,10512,Average,2024-11-06
18175,14365,Good,2025-01-20
18176,21,Good,2024-09-06
18177,13883,Excellent,2025-03-30
18178,905,Average,2025-01-17
18179,12080,Excellent,2025-03-30
18180,19728,Excellent,2024-12-24
18181,15293,Good,2024-12-27
18182,17879,Excellent,2025-02-22
18183,6760,Good,2025-02-12
18184,1179,Good,2025-06-04
18185,15370,Needs Improvement,2025-07-04
18186,6797,Good,2024-07-28
18187,1161,Excellent,2025-01-26
18188,14369,Average,2025-02-27
18189,15162,Average,2024-11-01
18190,5224,Needs Improvement,2024-12-17
18191,19281,Average,2025-01-31
18192,14486,Needs Improvement,2024-08-04
18193,701,Excellent,2025-05-21
18194,171,Good,2024-07-31
18195,788,Average,2025-01-13
18196,19705,Excellent,2024-11-22
18197,3310,Excellent,2025-06-17
18198,15866,Average,2025-05-07
18199,7600,Average,2025-04-15
18200,8438,Needs Improvement,2024-11-15
18201,9155,Excellent,2025-01-26
18202,578,Needs Improvement,2025-04-28
18203,15495,Good,2025-05-24
18204,16886,Needs Improvement,2025-04-24
18205,17774,Excellent,2025-01-30
18206,16103,Average,2024-10-15
18207,15500,Average,2024-11-28
18208,9887,Excellent,2024-10-23
18209,19066,Needs Improvement,2025-04-08
18210,3080,Excellent,2024-07-23
18211,1203,Excellent,2025-03-03
18212,15547,Excellent,2024-08-14
18213,12354,Excellent,2024-09-08
18214,4634,Excellent,2025-03-11
18215,15680,Average,2025-01-04
18216,17378,Excellent,2024-11-19
18217,737,Excellent,2025-06-07
18218,12338,Average,2024-12-21
18219,16383,Needs Improvement,2024-11-11
18220,3382,Average,2025-06-18
18221,14646,Average,2025-04-22
18222,17921,Good,2024-11-22
18223,4307,Good,2025-04-02
18224,18288,Good,2025-01-19
18225,10742,Average,2025-06-04
18226,9822,Good,2025-06-28
18227,9775,Excellent,2024-07-25
18228,13844,Good,2025-06-01
18229,3550,Good,2025-04-30
18230,6217,Excellent,2025-04-27
18231,17920,Good,2024-10-12
18232,11237,Excellent,2024-12-19
18233,12701,Excellent,2025-07-05
18234,10177,Excellent,2024-08-20
18235,10012,Needs Improvement,2024-12-01
18236,2273,Average,2025-06-16
18237,15582,Needs Improvement,2024-08-10
18238,6653,Excellent,2025-05-15
18239,9687,Good,2025-01-30
18240,7098,Needs Improvement,2024-09-08
18241,7417,Needs Improvement,2024-09-09
18242,18922,Needs Improvement,2024-07-28
18243,3898,Excellent,2025-02-04
18244,11304,Good,2024-07-19
18245,19056,Excellent,2025-05-22
18246,1714,Excellent,2024-10-24
18247,15492,Needs Improvement,2025-02-15
18248,19281,Average,2024-12-15
18249,13837,Needs Improvement,2025-03-22
18250,4349,Average,2024-10-04
18251,15257,Needs Improvement,2024-09-28
18252,15311,Good,2024-09-13
18253,9047,Average,2025-04-19
18254,2637,Average,2025-06-19
18255,8551,Average,2025-05-20
18256,17657,Excellent,2024-12-18
18257,15146,Average,2025-06-16
18258,10371,Average,2025-05-03
18259,4825,Average,2025-01-09
18260,16227,Average,2025-06-22
18261,372,Needs Improvement,2024-12-06
18262,15279,Needs Improvement,2025-01-08
18263,5568,Needs Improvement,2025-06-12
18264,16145,Needs Improvement,2025-04-12
18265,16039,Average,2024-11-14
18266,10328,Good,2025-01-29
18267,14944,Good,2024-11-15
18268,15979,Needs Improvement,2024-10-04
18269,13524,Needs Improvement,2025-06-03
18270,16326,Good,2025-06-27
18271,12786,Excellent,2024-11-22
18272,10869,Needs Improvement,2024-12-24
18273,10699,Good,2025-04-21
18274,11508,Good,2025-02-23
18275,14111,Needs Improvement,2025-02-14
18276,4548,Excellent,2025-01-06
18277,11600,Good,2024-12-13
18278,8159,Good,2025-01-15
18279,1189,Good,2024-08-14
18280,2261,Average,2024-10-17
18281,14964,Good,2025-04-11
18282,12231,Excellent,2024-08-14
18283,3955,Average,2024-07-10
18284,948,Average,2024-07-24
18285,14054,Average,2025-05-31
18286,5978,Average,2024-11-04
18287,17754,Excellent,2024-12-16
18288,7365,Needs Improvement,2024-11-11
18289,16197,Excellent,2025-03-17
18290,4719,Excellent,2025-05-25
18291,8621,Excellent,2025-04-20
18292,636,Excellent,2025-02-24
18293,7502,Needs Improvement,2024-08-02
18294,5838,Good,2025-03-09
18295,2997,Excellent,2025-03-10
18296,4466,Excellent,2025-03-19
18297,10501,Average,2024-12-03
18298,13528,Excellent,2024-09-10
18299,19503,Good,2024-09-23
18300,8933,Average,2025-01-16
18301,5007,Average,2025-03-28
18302,12099,Excellent,2025-05-02
18303,2956,Good,2024-10-24
18304,2391,Excellent,2024-09-11
18305,1493,Needs Improvement,2025-06-24
18306,11555,Excellent,2025-06-24
18307,4994,Excellent,2025-06-01
18308,12162,Good,2025-02-14
18309,15513,Needs Improvement,2024-09-20
18310,12239,Needs Improvement,2024-12-29
18311,7353,Average,2025-05-02
18312,7014,Good,2024-07-11
18313,12912,Excellent,2025-03-16
18314,1379,Average,2024-11-20
18315,19640,Good,2025-02-28
18316,1589,Average,2024-07-28
18317,4064,Excellent,2024-11-30
18318,3914,Average,2024-10-30
18319,689,Excellent,2025-05-14
18320,1762,Excellent,2025-06-21
18321,8642,Average,2024-11-15
18322,6797,Needs Improvement,2025-01-24
18323,10560,Good,2025-01-26
18324,1056,Average,2025-02-15
18325,11842,Good,2024-07-10
18326,19259,Average,2025-01-21
18327,8116,Good,2024-09-09
18328,6080,Good,2025-02-19
18329,16042,Excellent,2024-09-11
18330,18419,Excellent,2024-09-12
18331,11593,Average,2024-08-18
18332,1180,Excellent,2025-02-13
18333,13165,Good,2024-07-12
18334,12360,Needs Improvement,2025-03-02
18335,10613,Average,2025-06-11
18336,9691,Good,2024-12-05
18337,19879,Average,2024-07-25
18338,15998,Good,2024-08-20
18339,2582,Needs Improvement,2025-07-06
18340,8524,Needs Improvement,2025-06-04
18341,11335,Needs Improvement,2024-07-21
18342,6963,Excellent,2025-01-07
18343,14470,Needs Improvement,2024-07-30
18344,7143,Good,2024-11-22
18345,15389,Average,2024-08-23
18346,7603,Good,2024-12-02
18347,9527,Needs Improvement,2025-02-19
18348,17997,Needs Improvement,2024-10-09
18349,15920,Good,2025-01-13
18350,3209,Excellent,2024-12-09
18351,6563,Average,2024-07-19
18352,11711,Needs Improvement,2025-01-21
18353,7283,Needs Improvement,2024-09-01
18354,7157,Excellent,2024-10-13
18355,7955,Good,2025-03-25
18356,9480,Needs Improvement,2024-09-16
18357,12114,Excellent,2024-10-02
18358,15539,Excellent,2025-05-12
18359,8679,Good,2024-09-27
18360,2939,Good,2025-01-01
18361,18800,Needs Improvement,2025-05-18
18362,7235,Needs Improvement,2024-07-25
18363,4274,Excellent,2024-10-01
18364,11284,Excellent,2025-06-17
18365,14104,Needs Improvement,2024-10-08
18366,11721,Needs Improvement,2024-12-01
18367,5838,Average,2024-07-19
18368,14265,Average,2024-12-03
18369,3982,Needs Improvement,2024-08-06
18370,7720,Needs Improvement,2024-09-20
18371,2859,Average,2024-09-19
18372,15832,Average,2025-05-30
18373,16678,Needs Improvement,2024-08-05
18374,1284,Excellent,2024-11-26
18375,15625,Excellent,2025-05-23
18376,1923,Average,2024-11-17
18377,2381,Needs Improvement,2024-09-03
18378,12077,Needs Improvement,2025-05-10
18379,18582,Good,2025-03-18
18380,19632,Average,2025-01-06
18381,14155,Good,2024-10-02
18382,13358,Excellent,2025-02-17
18383,624,Good,2025-06-16
18384,467,Average,2025-04-26
18385,5903,Good,2025-03-07
18386,14818,Excellent,2025-03-15
18387,16262,Excellent,2024-12-24
18388,4037,Good,2024-08-23
18389,10437,Excellent,2025-06-19
18390,10304,Average,2024-10-11
18391,18289,Needs Improvement,2025-06-14
18392,3460,Excellent,2024-07-10
18393,2013,Good,2024-11-14
18394,3182,Average,2025-01-31
18395,5057,Needs Improvement,2025-02-19
18396,19623,Needs Improvement,2025-02-24
18397,18464,Average,2025-04-15
18398,11435,Excellent,2025-02-27
18399,16090,Excellent,2025-02-18
18400,1425,Needs Improvement,2024-09-29
18401,19645,Needs Improvement,2025-06-29
18402,1005,Average,2024-08-30
18403,12924,Needs Improvement,2024-09-20
18404,9955,Needs Improvement,2024-12-11
18405,11332,Average,2025-04-01
18406,13445,Needs Improvement,2025-01-09
18407,17813,Average,2025-04-08
18408,18529,Excellent,2024-08-05
18409,8104,Good,2024-11-07
18410,4298,Good,2024-07-29
18411,5730,Excellent,2025-06-09
18412,1449,Excellent,2025-06-12
18413,2578,Average,2025-03-24
18414,1658,Good,2024-10-05
18415,1044,Good,2025-06-17
18416,6268,Excellent,2024-11-21
18417,9235,Needs Improvement,2024-11-20
18418,16008,Needs Improvement,2024-12-09
18419,14176,Good,2025-02-11
18420,15500,Excellent,2024-09-19
18421,7998,Excellent,2025-03-24
18422,9382,Good,2024-08-20
18423,8352,Excellent,2025-06-09
18424,49,Needs Improvement,2024-10-05
18425,18217,Good,2025-05-31
18426,7958,Excellent,2025-06-30
18427,9587,Good,2025-06-10
18428,12002,Excellent,2025-02-21
18429,12289,Average,2024-09-27
18430,11117,Average,2024-12-17
18431,924,Excellent,2025-05-09
18432,15319,Good,2025-04-01
18433,15262,Needs Improvement,2025-05-25
18434,19613,Excellent,2025-01-10
18435,7048,Excellent,2025-06-12
18436,8634,Average,2025-04-18
18437,8022,Needs Improvement,2024-10-23
18438,10500,Average,2025-05-05
18439,19862,Average,2025-03-11
18440,10815,Needs Improvement,2025-06-25
18441,11968,Needs Improvement,2024-11-05
18442,19173,Needs Improvement,2025-04-02
18443,19894,Good,2025-03-26
18444,3030,Needs Improvement,2024-08-03
18445,7151,Average,2024-11-14
18446,502,Average,2025-07-04
18447,4850,Average,2024-08-21
18448,2572,Good,2024-11-29
18449,19627,Needs Improvement,2025-07-02
18450,15767,Average,2024-10-25
18451,1613,Good,2025-02-15
18452,3541,Excellent,2025-03-08
18453,11366,Good,2025-03-15
18454,14192,Excellent,2024-08-26
18455,5182,Needs Improvement,2025-02-23
18456,16263,Excellent,2024-07-09
18457,16765,Average,2024-10-21
18458,1823,Excellent,2024-12-09
18459,13885,Good,2024-08-19
18460,1479,Needs Improvement,2025-06-14
18461,9752,Good,2024-10-09
18462,14293,Needs Improvement,2025-06-02
18463,5512,Excellent,2024-08-04
18464,10329,Good,2024-10-28
18465,13993,Needs Improvement,2025-03-10
18466,3863,Good,2024-09-01
18467,19046,Needs Improvement,2024-11-26
18468,16646,Good,2024-12-27
18469,13826,Average,2024-12-26
18470,12130,Needs Improvement,2024-10-11
18471,15475,Needs Improvement,2024-11-02
18472,16406,Excellent,2025-01-19
18473,4751,Good,2025-06-03
18474,16176,Needs Improvement,2024-07-21
18475,13515,Excellent,2025-05-26
18476,6316,Excellent,2025-01-30
18477,11823,Good,2024-10-31
18478,20,Needs Improvement,2025-04-02
18479,11847,Good,2024-10-09
18480,11610,Needs Improvement,2025-02-21
18481,18880,Needs Improvement,2024-12-31
18482,8499,Needs Improvement,2024-09-15
18483,3927,Average,2025-02-12
18484,8464,Good,2024-09-21
18485,3962,Average,2024-10-29
18486,16111,Good,2024-11-22
18487,18383,Excellent,2025-02-20
18488,7427,Excellent,2024-11-15
18489,1220,Good,2025-03-21
18490,1422,Average,2024-09-29
18491,2368,Average,2025-05-04
18492,14404,Excellent,2024-07-27
18493,6581,Good,2024-11-26
18494,12828,Average,2025-05-09
18495,15957,Good,2025-05-10
18496,15652,Average,2025-01-02
18497,8461,Excellent,2024-12-08
18498,273,Excellent,2025-03-20
18499,6450,Needs Improvement,2024-11-24
18500,6839,Good,2024-09-23
18501,1992,Average,2025-01-23
18502,3423,Good,2025-05-19
18503,114,Average,2025-02-06
18504,19625,Needs Improvement,2024-07-25
18505,14307,Needs Improvement,2024-07-30
18506,3474,Needs Improvement,2024-09-13
18507,15412,Excellent,2025-04-16
18508,16685,Excellent,2025-02-22
18509,19883,Good,2024-12-04
18510,14866,Good,2024-12-25
18511,3242,Good,2024-10-10
18512,19135,Excellent,2025-05-03
18513,19942,Good,2025-05-24
18514,15067,Good,2024-11-26
18515,19602,Needs Improvement,2025-04-25
18516,11762,Excellent,2024-12-04
18517,993,Good,2025-05-26
18518,10301,Average,2024-11-27
18519,16875,Average,2024-11-17
18520,5255,Average,2025-04-08
18521,15254,Excellent,2024-12-07
18522,3486,Average,2024-10-25
18523,14293,Average,2025-03-11
18524,3687,Average,2024-07-08
18525,8626,Needs Improvement,2025-07-04
18526,14825,Needs Improvement,2024-10-27
18527,8438,Average,2025-04-17
18528,12728,Excellent,2024-09-19
18529,3662,Good,2024-09-18
18530,9769,Good,2024-12-22
18531,3750,Average,2024-12-02
18532,16661,Excellent,2025-01-14
18533,6455,Needs Improvement,2024-09-11
18534,17659,Excellent,2025-02-23
18535,13593,Needs Improvement,2024-12-17
18536,8266,Excellent,2025-05-01
18537,17330,Excellent,2025-05-04
18538,18487,Excellent,2025-06-04
18539,18576,Good,2024-09-30
18540,14485,Good,2025-04-17
18541,3648,Good,2024-12-15
18542,14133,Good,2024-11-25
18543,3715,Average,2025-06-25
18544,9063,Needs Improvement,2025-04-03
18545,19627,Good,2024-07-13
18546,12653,Good,2024-12-07
18547,699,Good,2025-02-22
18548,11769,Excellent,2025-06-14
18549,1552,Needs Improvement,2024-09-14
18550,264,Average,2024-08-05
18551,12111,Excellent,2025-06-13
18552,18493,Average,2025-03-28
18553,19006,Needs Improvement,2025-07-01
18554,11676,Average,2025-04-01
18555,17952,Average,2024-08-03
18556,15858,Needs Improvement,2024-07-30
18557,9353,Excellent,2025-02-06
18558,7986,Average,2024-11-13
18559,10774,Excellent,2025-03-27
18560,949,Needs Improvement,2025-05-06
18561,16724,Needs Improvement,2024-10-18
18562,6667,Good,2024-08-25
18563,8603,Excellent,2025-06-01
18564,18026,Needs Improvement,2024-12-12
18565,2437,Average,2025-05-21
18566,3289,Good,2024-12-21
18567,2922,Average,2024-11-26
18568,4931,Good,2024-12-28
18569,16629,Excellent,2024-07-12
18570,11532,Excellent,2024-07-06
18571,414,Needs Improvement,2025-04-24
18572,9256,Good,2025-05-23
18573,9527,Excellent,2025-01-10
18574,1632,Needs Improvement,2025-02-17
18575,12720,Needs Improvement,2025-04-23
18576,4711,Good,2025-06-30
18577,12624,Needs Improvement,2025-06-10
18578,14291,Average,2024-10-29
18579,16469,Excellent,2025-02-11
18580,3014,Good,2024-10-24
18581,16606,Good,2025-01-15
18582,3526,Excellent,2024-09-12
18583,16799,Needs Improvement,2025-01-06
18584,19138,Average,2025-03-26
18585,4303,Excellent,2025-04-21
18586,10572,Excellent,2024-08-25
18587,15592,Excellent,2024-10-24
18588,17386,Excellent,2024-07-15
18589,717,Needs Improvement,2025-05-10
18590,8857,Needs Improvement,2025-03-17
18591,6646,Good,2024-10-16
18592,18683,Good,2025-05-05
18593,18235,Needs Improvement,2024-07-11
18594,17913,Average,2025-05-20
18595,735,Good,2024-08-27
18596,11258,Good,2024-11-25
18597,13515,Average,2025-01-09
18598,12574,Good,2024-11-13
18599,1950,Needs Improvement,2024-07-16
18600,10035,Average,2025-03-06
18601,4074,Needs Improvement,2025-02-24
18602,13798,Needs Improvement,2024-07-25
18603,1940,Needs Improvement,2025-06-16
18604,5210,Excellent,2025-03-20
18605,6076,Excellent,2025-01-07
18606,12655,Excellent,2025-01-15
18607,11562,Average,2025-02-01
18608,6233,Needs Improvement,2025-06-09
18609,14412,Good,2024-07-23
18610,5050,Good,2025-06-03
18611,15101,Average,2025-05-16
18612,1082,Excellent,2025-07-04
18613,13978,Needs Improvement,2024-11-10
18614,925,Excellent,2025-02-17
18615,18581,Needs Improvement,2024-09-29
18616,16945,Good,2025-06-01
18617,9904,Excellent,2025-03-29
18618,1430,Needs Improvement,2025-05-04
18619,15588,Excellent,2024-12-10
18620,16755,Average,2024-07-19
18621,12711,Needs Improvement,2024-12-23
18622,6428,Average,2025-04-10
18623,1489,Needs Improvement,2025-07-02
18624,1933,Needs Improvement,2025-01-30
18625,105,Average,2025-04-24
18626,7861,Excellent,2025-05-31
18627,2929,Needs Improvement,2024-09-02
18628,10833,Good,2024-12-12
18629,8662,Needs Improvement,2024-11-07
18630,13262,Needs Improvement,2024-09-21
18631,10519,Average,2025-06-14
18632,12970,Excellent,2024-08-04
18633,578,Excellent,2025-01-26
18634,14757,Average,2024-10-08
18635,19728,Good,2024-12-09
18636,6532,Needs Improvement,2024-11-22
18637,4450,Good,2024-08-22
18638,8201,Needs Improvement,2025-04-03
18639,10189,Needs Improvement,2025-05-10
18640,3809,Excellent,2024-11-04
18641,8512,Needs Improvement,2025-05-10
18642,608,Good,2025-04-18
18643,443,Needs Improvement,2024-12-25
18644,15230,Excellent,2025-05-02
18645,19930,Good,2024-08-05
18646,3486,Average,2025-01-09
18647,4247,Good,2025-01-26
18648,9428,Good,2024-11-25
18649,14944,Needs Improvement,2025-04-25
18650,13779,Needs Improvement,2024-09-04
18651,7809,Good,2025-02-17
18652,19337,Excellent,2024-11-10
18653,416,Excellent,2025-03-22
18654,12526,Needs Improvement,2025-01-01
18655,4442,Good,2024-12-03
18656,18423,Good,2025-05-23
18657,4453,Average,2025-02-15
18658,13636,Good,2025-01-07
18659,2338,Good,2024-11-09
18660,2261,Good,2025-04-04
18661,7519,Needs Improvement,2025-03-21
18662,14006,Needs Improvement,2025-02-02
18663,5046,Excellent,2024-11-29
18664,380,Average,2024-12-05
18665,6564,Average,2024-09-07
18666,12947,Excellent,2024-09-27
18667,5439,Average,2025-05-31
18668,13343,Excellent,2025-05-27
18669,9399,Good,2024-10-04
18670,16743,Good,2025-06-25
18671,14210,Needs Improvement,2024-07-13
18672,8654,Average,2025-05-21
18673,17459,Excellent,2025-06-17
18674,12579,Excellent,2025-04-02
18675,4377,Average,2025-05-17
18676,1117,Good,2025-03-22
18677,19004,Good,2025-05-06
18678,5838,Needs Improvement,2025-03-11
18679,3057,Good,2025-02-03
18680,19766,Needs Improvement,2024-10-24
18681,1680,Average,2025-05-11
18682,1984,Good,2025-02-12
18683,15333,Average,2025-03-17
18684,9503,Needs Improvement,2024-10-30
18685,13942,Needs Improvement,2025-02-24
18686,19667,Average,2025-05-09
18687,18387,Average,2025-01-05
18688,4776,Needs Improvement,2024-07-23
18689,3385,Good,2024-09-22
18690,3035,Good,2025-06-13
18691,11915,Good,2025-06-08
18692,10121,Average,2024-11-08
18693,16110,Excellent,2025-01-04
18694,8133,Needs Improvement,2025-05-10
18695,10292,Average,2024-11-22
18696,14128,Average,2025-04-06
18697,16303,Average,2025-04-30
18698,15446,Average,2025-03-09
18699,157,Good,2025-03-07
18700,5336,Needs Improvement,2024-12-02
18701,8016,Good,2024-11-25
18702,3810,Average,2024-07-19
18703,6499,Needs Improvement,2024-10-01
18704,15153,Good,2025-03-19
18705,8074,Needs Improvement,2024-11-11
18706,3316,Excellent,2024-12-08
18707,13325,Excellent,2024-11-14
18708,14519,Needs Improvement,2024-07-22
18709,3441,Good,2024-08-30
18710,19533,Needs Improvement,2024-12-13
18711,11335,Good,2025-06-15
18712,4572,Needs Improvement,2024-08-30
18713,19725,Needs Improvement,2024-10-12
18714,13642,Excellent,2024-11-07
18715,5366,Needs Improvement,2024-12-07
18716,12907,Good,2025-02-04
18717,15443,Good,2025-06-25
18718,4444,Needs Improvement,2024-07-11
18719,12781,Average,2024-08-10
18720,17211,Excellent,2025-02-24
18721,15997,Excellent,2024-10-08
18722,4455,Good,2025-01-27
18723,13946,Good,2025-05-13
18724,3836,Good,2024-08-17
18725,9843,Average,2024-12-07
18726,474,Excellent,2025-06-19
18727,19588,Average,2025-02-17
18728,16693,Average,2025-03-07
18729,10734,Needs Improvement,2024-10-02
18730,11379,Excellent,2024-11-06
18731,14322,Needs Improvement,2025-05-24
18732,17072,Needs Improvement,2024-12-17
18733,15439,Good,2025-03-26
18734,11819,Needs Improvement,2024-10-03
18735,10424,Excellent,2024-12-02
18736,10573,Excellent,2025-07-05
18737,7327,Average,2025-06-30
18738,9373,Average,2025-07-06
18739,15771,Good,2025-06-23
18740,10641,Average,2025-05-11
18741,792,Excellent,2024-11-09
18742,7565,Excellent,2025-02-16
18743,9892,Good,2024-12-04
18744,17528,Good,2024-11-11
18745,5001,Excellent,2024-12-12
18746,1215,Excellent,2025-06-13
18747,12901,Excellent,2025-01-05
18748,19888,Average,2025-04-07
18749,19295,Average,2025-02-17
18750,11202,Excellent,2025-02-05
18751,3325,Good,2025-01-07
18752,8339,Good,2025-04-27
18753,7356,Needs Improvement,2025-05-28
18754,6686,Average,2024-08-14
18755,17681,Good,2024-12-22
18756,16626,Excellent,2025-03-01
18757,2136,Excellent,2024-09-05
18758,19504,Good,2025-03-12
18759,14014,Needs Improvement,2025-06-02
18760,17934,Average,2025-01-27
18761,19162,Average,2025-03-06
18762,17210,Average,2024-11-12
18763,14999,Average,2025-06-26
18764,868,Needs Improvement,2025-06-30
18765,6741,Average,2025-04-24
18766,9220,Needs Improvement,2024-07-15
18767,4608,Excellent,2025-05-29
18768,14898,Needs Improvement,2025-02-23
18769,9892,Excellent,2024-10-16
18770,5673,Good,2025-02-25
18771,4919,Good,2025-02-06
18772,18392,Good,2025-01-26
18773,17060,Needs Improvement,2024-09-10
18774,6826,Excellent,2024-09-27
18775,7044,Needs Improvement,2025-02-26
18776,4323,Excellent,2024-11-25
18777,16714,Good,2024-11-12
18778,2770,Average,2025-02-06
18779,17857,Excellent,2025-03-12
18780,19933,Needs Improvement,2025-03-29
18781,18222,Needs Improvement,2025-02-01
18782,8246,Good,2024-07-06
18783,9614,Average,2025-02-25
18784,7080,Excellent,2025-03-06
18785,7913,Average,2025-01-23
18786,11988,Average,2025-02-09
18787,18921,Average,2024-12-17
18788,14350,Needs Improvement,2025-04-01
18789,12270,Average,2024-12-28
18790,19109,Good,2024-09-11
18791,13816,Excellent,2024-10-28
18792,17138,Excellent,2025-01-15
18793,12530,Excellent,2024-10-20
18794,3398,Average,2024-08-30
18795,16405,Average,2024-10-31
18796,11180,Excellent,2024-10-04
18797,8637,Excellent,2025-04-08
18798,6820,Needs Improvement,2025-02-02
18799,11081,Excellent,2024-09-18
18800,18317,Average,2024-11-09
18801,12682,Excellent,2025-01-05
18802,2145,Excellent,2024-12-05
18803,15907,Good,2024-07-07
18804,10901,Good,2024-09-24
18805,9905,Good,2025-02-27
18806,15051,Excellent,2025-03-05
18807,5898,Good,2025-03-21
18808,14436,Average,2024-09-17
18809,10697,Needs Improvement,2025-01-18
18810,6485,Needs Improvement,2024-09-30
18811,1841,Needs Improvement,2025-01-30
18812,769,Good,2024-11-27
18813,7114,Average,2025-06-29
18814,14135,Average,2024-09-18
18815,4191,Needs Improvement,2025-05-23
18816,13795,Average,2024-09-02
18817,11224,Good,2024-12-05
18818,8920,Average,2024-12-02
18819,18105,Average,2025-04-20
18820,8873,Needs Improvement,2025-04-24
18821,2527,Needs Improvement,2025-01-13
18822,1585,Average,2024-12-28
18823,15717,Excellent,2025-03-09
18824,16916,Average,2025-04-25
18825,15957,Excellent,2024-11-08
18826,14176,Excellent,2025-03-10
18827,5146,Excellent,2024-09-05
18828,10680,Good,2025-01-12
18829,15328,Needs Improvement,2024-12-18
18830,13506,Needs Improvement,2025-02-17
18831,10774,Average,2024-09-20
18832,14092,Excellent,2024-11-27
18833,9348,Good,2025-02-14
18834,5274,Average,2024-07-09
18835,3643,Needs Improvement,2025-05-16
18836,1836,Excellent,2025-02-12
18837,12717,Needs Improvement,2024-11-15
18838,9072,Good,2025-01-11
18839,527,Needs Improvement,2025-04-15
18840,12042,Good,2025-06-07
18841,1826,Needs Improvement,2025-04-18
18842,18291,Excellent,2024-08-23
18843,17081,Needs Improvement,2024-12-20
18844,16466,Needs Improvement,2025-01-12
18845,3290,Excellent,2025-03-29
18846,15805,Good,2025-04-03
18847,7360,Needs Improvement,2025-06-20
18848,16218,Average,2024-12-17
18849,10003,Good,2024-07-28
18850,1693,Average,2024-09-01
18851,1105,Excellent,2024-09-14
18852,15526,Average,2024-08-11
18853,6186,Needs Improvement,2025-06-30
18854,14052,Needs Improvement,2025-01-30
18855,16842,Excellent,2025-05-10
18856,7927,Average,2024-08-01
18857,9372,Excellent,2024-09-24
18858,105,Good,2025-04-09
18859,8650,Needs Improvement,2025-06-23
18860,8818,Excellent,2024-12-10
18861,19325,Good,2025-02-06
18862,16011,Needs Improvement,2024-08-10
18863,12369,Needs Improvement,2024-09-16
18864,17216,Good,2025-02-25
18865,253,Needs Improvement,2025-06-21
18866,14756,Excellent,2024-11-20
18867,285,Average,2025-06-25
18868,13679,Good,2025-05-10
18869,3158,Average,2025-03-17
18870,2195,Needs Improvement,2024-11-21
18871,11137,Needs Improvement,2025-05-24
18872,14017,Excellent,2024-10-02
18873,5043,Excellent,2024-09-09
18874,8229,Good,2024-12-03
18875,17359,Average,2025-04-17
18876,1256,Good,2025-06-22
18877,18429,Average,2024-09-18
18878,13867,Good,2025-06-06
18879,17143,Needs Improvement,2024-09-05
18880,19506,Excellent,2025-03-21
18881,6400,Needs Improvement,2025-01-03
18882,13204,Needs Improvement,2024-07-06
18883,11782,Good,2024-07-09
18884,9963,Good,2025-04-15
18885,6333,Excellent,2024-08-08
18886,18157,Needs Improvement,2025-06-04
18887,8876,Average,2025-07-05
18888,4933,Excellent,2025-04-04
18889,15749,Excellent,2024-08-12
18890,2265,Needs Improvement,2024-11-17
18891,15064,Excellent,2024-11-04
18892,16281,Good,2024-12-08
18893,7668,Excellent,2024-09-19
18894,1878,Needs Improvement,2025-01-09
18895,15704,Needs Improvement,2024-12-10
18896,1157,Average,2025-05-04
18897,14645,Good,2025-05-07
18898,11842,Needs Improvement,2025-02-05
18899,6986,Good,2024-10-24
18900,8105,Average,2025-02-18
18901,10874,Average,2024-07-30
18902,2427,Average,2024-12-24
18903,6077,Average,2025-03-16
18904,18438,Excellent,2024-10-05
18905,3439,Needs Improvement,2025-05-20
18906,8208,Average,2025-03-18
18907,2783,Excellent,2025-06-05
18908,18281,Excellent,2024-08-22
18909,19544,Excellent,2025-05-01
18910,16516,Excellent,2025-03-22
18911,10600,Average,2025-05-28
18912,2421,Good,2025-05-01
18913,12939,Needs Improvement,2024-09-28
18914,659,Excellent,2025-05-08
18915,12690,Excellent,2025-01-01
18916,6542,Needs Improvement,2024-08-13
18917,14744,Excellent,2024-12-25
18918,10414,Needs Improvement,2025-03-09
18919,2141,Excellent,2025-02-16
18920,15935,Average,2024-12-26
18921,15843,Good,2024-12-30
18922,9663,Excellent,2025-03-14
18923,19230,Excellent,2024-10-21
18924,15981,Needs Improvement,2025-01-28
18925,13396,Good,2025-05-22
18926,5080,Needs Improvement,2025-06-23
18927,1957,Good,2025-06-08
18928,3340,Excellent,2024-10-30
18929,3562,Good,2025-02-06
18930,15676,Needs Improvement,2024-09-25
18931,17106,Average,2025-04-25
18932,5071,Average,2024-08-02
18933,16185,Excellent,2024-07-19
18934,12681,Needs Improvement,2024-10-01
18935,5427,Average,2025-04-28
18936,13289,Excellent,2024-10-04
18937,16917,Excellent,2025-06-12
18938,4045,Needs Improvement,2025-03-04
18939,19802,Good,2024-11-11
18940,6568,Average,2025-04-17
18941,5290,Needs Improvement,2025-05-12
18942,13065,Average,2025-06-05
18943,17217,Needs Improvement,2025-03-02
18944,10715,Excellent,2025-03-06
18945,6336,Needs Improvement,2024-10-25
18946,530,Average,2024-10-10
18947,14210,Average,2024-09-12
18948,3450,Excellent,2025-01-01
18949,4131,Excellent,2025-02-18
18950,15083,Average,2025-03-13
18951,14435,Average,2024-09-18
18952,916,Average,2025-06-13
18953,10898,Good,2025-05-01
18954,10196,Excellent,2025-05-25
18955,12839,Average,2024-10-04
18956,4373,Good,2025-06-10
18957,8180,Excellent,2024-09-16
18958,16138,Excellent,2024-08-30
18959,425,Needs Improvement,2024-11-20
18960,19943,Average,2025-05-17
18961,3436,Average,2024-12-28
18962,13113,Average,2024-08-11
18963,4974,Needs Improvement,2025-01-16
18964,6511,Needs Improvement,2024-11-14
18965,12021,Good,2024-10-15
18966,14719,Good,2025-01-13
18967,5015,Good,2024-10-06
18968,968,Average,2025-04-19
18969,9395,Needs Improvement,2024-10-09
18970,12462,Average,2024-10-12
18971,17477,Good,2025-06-22
18972,14609,Average,2025-02-17
18973,9280,Average,2025-03-14
18974,8294,Excellent,2025-01-05
18975,16174,Excellent,2025-02-04
18976,13252,Needs Improvement,2025-05-27
18977,10665,Excellent,2024-11-28
18978,3060,Average,2025-05-28
18979,19744,Average,2024-10-28
18980,18722,Average,2024-10-18
18981,19514,Needs Improvement,2025-06-29
18982,18704,Average,2024-08-06
18983,1068,Excellent,2024-07-07
18984,2831,Good,2024-10-28
18985,1706,Excellent,2025-03-31
18986,147,Needs Improvement,2024-12-12
18987,9308,Good,2025-06-07
18988,18535,Average,2024-11-29
18989,13748,Good,2024-12-04
18990,7571,Needs Improvement,2024-11-08
18991,15364,Excellent,2024-12-29
18992,1773,Needs Improvement,2024-10-20
18993,17896,Good,2025-05-08
18994,17191,Good,2025-02-19
18995,11356,Good,2024-08-13
18996,6141,Needs Improvement,2025-07-04
18997,13813,Good,2024-11-08
18998,18920,Needs Improvement,2024-08-07
18999,8059,Needs Improvement,2025-03-06
19000,1611,Needs Improvement,2025-02-21
19001,15454,Excellent,2025-05-29
19002,17137,Excellent,2025-03-16
19003,14259,Excellent,2025-05-16
19004,5791,Needs Improvement,2024-08-16
19005,17129,Needs Improvement,2024-09-26
19006,8393,Needs Improvement,2025-06-27
19007,18364,Excellent,2024-11-27
19008,19625,Good,2025-03-28
19009,585,Excellent,2024-09-06
19010,417,Average,2025-01-01
19011,19771,Average,2025-05-06
19012,12042,Excellent,2024-08-10
19013,3515,Needs Improvement,2025-05-13
19014,10931,Excellent,2025-01-06
19015,4755,Excellent,2025-02-18
19016,10944,Excellent,2024-10-23
19017,6002,Excellent,2024-10-03
19018,4726,Needs Improvement,2024-12-11
19019,9511,Average,2024-12-20
19020,8920,Excellent,2024-10-05
19021,2878,Good,2024-10-23
19022,16952,Excellent,2024-08-04
19023,907,Needs Improvement,2025-05-30
19024,15783,Excellent,2024-12-08
19025,9955,Good,2024-11-21
19026,3279,Needs Improvement,2025-02-08
19027,15893,Excellent,2024-12-20
19028,241,Excellent,2025-01-25
19029,1460,Average,2025-06-25
19030,2784,Excellent,2025-02-22
19031,6354,Excellent,2025-04-20
19032,12649,Excellent,2025-01-09
19033,11209,Good,2024-09-18
19034,13416,Excellent,2025-02-04
19035,7591,Excellent,2024-08-13
19036,8027,Needs Improvement,2024-08-26
19037,11990,Good,2025-05-12
19038,4107,Needs Improvement,2024-07-28
19039,7334,Average,2025-04-29
19040,11557,Good,2024-08-25
19041,17626,Needs Improvement,2025-01-20
19042,19872,Good,2024-10-26
19043,12190,Needs Improvement,2024-11-08
19044,9672,Average,2025-01-15
19045,18142,Needs Improvement,2025-05-20
19046,18380,Average,2025-05-27
19047,13241,Needs Improvement,2025-01-04
19048,15170,Needs Improvement,2025-02-27
19049,4857,Excellent,2025-03-09
19050,8500,Excellent,2025-02-19
19051,4651,Needs Improvement,2024-11-14
19052,734,Needs Improvement,2025-06-19
19053,16588,Needs Improvement,2025-06-22
19054,12494,Average,2024-07-07
19055,846,Average,2025-02-14
19056,18841,Needs Improvement,2024-07-09
19057,9781,Excellent,2024-08-09
19058,7272,Needs Improvement,2024-08-31
19059,12369,Excellent,2025-06-24
19060,11144,Excellent,2024-08-18
19061,16550,Excellent,2024-08-14
19062,7956,Good,2025-02-25
19063,820,Needs Improvement,2025-02-16
19064,9454,Average,2024-10-25
19065,7265,Needs Improvement,2025-02-28
19066,13600,Average,2025-02-05
19067,12540,Good,2025-05-19
19068,11088,Excellent,2024-07-11
19069,10874,Excellent,2024-12-01
19070,3957,Average,2025-01-06
19071,18839,Excellent,2025-05-25
19072,3113,Good,2025-04-08
19073,19105,Excellent,2024-11-11
19074,1668,Excellent,2024-09-04
19075,17740,Good,2025-05-10
19076,1757,Needs Improvement,2025-01-19
19077,13561,Needs Improvement,2025-02-13
19078,16544,Needs Improvement,2024-12-17
19079,4784,Good,2025-06-30
19080,2887,Needs Improvement,2024-09-22
19081,10575,Excellent,2024-08-28
19082,7273,Excellent,2025-02-11
19083,1328,Average,2024-12-09
19084,15867,Excellent,2025-04-04
19085,6384,Good,2025-01-30
19086,10503,Needs Improvement,2025-02-04
19087,3310,Good,2025-04-06
19088,1253,Good,2025-04-12
19089,7414,Average,2024-10-13
19090,31,Needs Improvement,2024-12-12
19091,5365,Good,2025-07-02
19092,3361,Needs Improvement,2024-09-21
19093,2842,Needs Improvement,2024-08-16
19094,5411,Needs Improvement,2024-07-27
19095,19194,Average,2025-04-20
19096,3328,Average,2025-05-15
19097,9797,Excellent,2024-11-12
19098,16683,Excellent,2025-03-12
19099,16073,Needs Improvement,2025-06-09
19100,18686,Excellent,2024-09-18
19101,10078,Needs Improvement,2024-12-20
19102,5791,Needs Improvement,2024-09-24
19103,16192,Good,2025-01-10
19104,5278,Excellent,2024-07-08
19105,19408,Needs Improvement,2024-12-11
19106,7202,Average,2024-09-03
19107,7506,Needs Improvement,2025-03-23
19108,14881,Good,2024-10-02
19109,12872,Needs Improvement,2024-10-05
19110,17158,Good,2025-02-12
19111,8947,Needs Improvement,2025-05-06
19112,5067,Excellent,2024-08-31
19113,19205,Average,2024-08-03
19114,15743,Excellent,2025-02-27
19115,7620,Needs Improvement,2024-10-05
19116,17175,Excellent,2024-07-19
19117,2968,Excellent,2025-03-05
19118,11352,Needs Improvement,2025-04-04
19119,2418,Good,2024-08-23
19120,19772,Average,2024-10-31
19121,8333,Excellent,2025-02-15
19122,17533,Excellent,2025-04-21
19123,7672,Excellent,2025-03-28
19124,4764,Good,2024-09-07
19125,9752,Average,2024-08-28
19126,14075,Average,2025-02-02
19127,18183,Needs Improvement,2024-11-04
19128,6652,Needs Improvement,2024-07-23
19129,9274,Excellent,2024-09-04
19130,5810,Excellent,2024-09-02
19131,165,Excellent,2025-04-12
19132,7879,Needs Improvement,2025-06-12
19133,12823,Needs Improvement,2024-07-18
19134,11514,Excellent,2025-03-15
19135,8910,Needs Improvement,2024-11-27
19136,9879,Excellent,2025-07-02
19137,4374,Good,2024-08-14
19138,3268,Average,2024-11-01
19139,15539,Excellent,2025-06-01
19140,5433,Good,2024-12-14
19141,17181,Excellent,2025-06-29
19142,17126,Good,2024-12-16
19143,19980,Excellent,2024-08-16
19144,2602,Excellent,2025-04-21
19145,9434,Good,2025-05-09
19146,13374,Average,2025-06-23
19147,14897,Average,2025-04-23
19148,18094,Good,2024-12-26
19149,7634,Excellent,2025-03-31
19150,16652,Excellent,2025-01-13
19151,17389,Good,2024-07-20
19152,6801,Needs Improvement,2025-05-05
19153,8939,Average,2025-06-08
19154,2129,Needs Improvement,2024-08-24
19155,11834,Good,2025-02-03
19156,1116,Excellent,2024-09-20
19157,18327,Good,2025-06-20
19158,10081,Good,2024-10-19
19159,5464,Excellent,2025-02-15
19160,1766,Excellent,2025-06-16
19161,15140,Excellent,2025-03-17
19162,11434,Average,2024-07-30
19163,11373,Needs Improvement,2025-01-07
19164,15257,Good,2024-09-22
19165,14025,Good,2024-08-10
19166,2519,Good,2024-08-18
19167,8017,Excellent,2024-07-19
19168,7947,Average,2025-01-11
19169,14882,Excellent,2025-05-12
19170,11960,Needs Improvement,2024-10-04
19171,9782,Average,2024-12-27
19172,15155,Needs Improvement,2025-04-20
19173,2244,Average,2024-12-28
19174,13112,Good,2025-03-07
19175,5112,Average,2024-10-20
19176,12957,Average,2024-09-21
19177,7445,Excellent,2024-08-27
19178,6737,Average,2025-01-17
19179,14360,Good,2025-01-16
19180,6691,Average,2024-08-02
19181,11959,Average,2024-10-15
19182,17157,Average,2024-08-28
19183,14652,Excellent,2024-07-16
19184,14467,Average,2024-07-28
19185,17786,Good,2025-04-08
19186,8460,Needs Improvement,2024-10-27
19187,8873,Average,2024-07-19
19188,16318,Good,2024-08-06
19189,5408,Average,2024-09-02
19190,16507,Excellent,2024-07-30
19191,14139,Good,2025-03-14
19192,13618,Needs Improvement,2025-05-12
19193,13169,Excellent,2024-09-18
19194,11440,Needs Improvement,2025-04-04
19195,16488,Excellent,2024-12-09
19196,3726,Average,2025-01-18
19197,7987,Average,2024-11-23
19198,6411,Needs Improvement,2024-10-04
19199,19728,Excellent,2025-06-16
19200,1697,Excellent,2024-10-05
19201,11065,Excellent,2024-09-22
19202,8599,Needs Improvement,2024-08-14
19203,7658,Average,2025-04-21
19204,7299,Needs Improvement,2024-08-12
19205,2794,Excellent,2024-09-21
19206,10632,Average,2024-11-21
19207,558,Good,2024-08-14
19208,3416,Excellent,2024-12-07
19209,2921,Average,2024-07-21
19210,11420,Excellent,2024-12-14
19211,15790,Needs Improvement,2024-07-21
19212,10729,Excellent,2025-06-14
19213,7123,Average,2025-04-19
19214,17538,Average,2025-01-23
19215,14459,Needs Improvement,2025-02-26
19216,6322,Good,2024-07-18
19217,14627,Excellent,2024-09-07
19218,4149,Excellent,2024-07-11
19219,6191,Average,2024-07-25
19220,15585,Excellent,2024-12-13
19221,15489,Average,2025-05-04
19222,18233,Average,2025-01-13
19223,15262,Average,2024-09-27
19224,3997,Excellent,2025-06-08
19225,4648,Average,2024-12-31
19226,10912,Average,2024-11-27
19227,18792,Average,2024-11-29
19228,182,Needs Improvement,2024-07-21
19229,12878,Good,2024-07-30
19230,5581,Excellent,2025-06-04
19231,11285,Good,2024-10-02
19232,18443,Needs Improvement,2025-05-11
19233,16600,Excellent,2024-10-11
19234,9336,Average,2024-11-07
19235,19043,Average,2024-09-10
19236,9893,Excellent,2024-07-26
19237,1658,Needs Improvement,2025-04-15
19238,3501,Good,2025-02-12
19239,17567,Excellent,2025-04-01
19240,7394,Excellent,2024-10-20
19241,1239,Excellent,2025-06-12
19242,1906,Good,2024-07-23
19243,17921,Good,2025-05-28
19244,6052,Excellent,2024-12-27
19245,15090,Good,2025-06-23
19246,18828,Good,2025-01-05
19247,5514,Needs Improvement,2025-04-24
19248,13588,Excellent,2024-08-08
19249,14343,Good,2024-11-17
19250,17683,Excellent,2025-03-29
19251,15887,Average,2024-11-19
19252,15523,Good,2024-07-17
19253,6415,Good,2025-06-24
19254,11386,Needs Improvement,2024-11-06
19255,17919,Excellent,2024-07-16
19256,18065,Needs Improvement,2024-08-02
19257,16674,Excellent,2025-01-27
19258,8864,Average,2024-08-06
19259,16621,Needs Improvement,2025-05-25
19260,11628,Average,2024-09-25
19261,13951,Needs Improvement,2025-03-29
19262,3451,Average,2024-09-07
19263,8123,Average,2025-02-19
19264,7192,Excellent,2025-06-18
19265,14396,Needs Improvement,2025-03-26
19266,9615,Excellent,2025-03-06
19267,17893,Good,2024-12-17
19268,17514,Needs Improvement,2025-02-13
19269,11387,Excellent,2024-09-09
19270,1133,Good,2025-02-02
19271,5873,Excellent,2024-11-18
19272,7808,Good,2024-09-30
19273,13458,Good,2024-07-23
19274,10616,Needs Improvement,2024-08-24
19275,17042,Excellent,2025-06-14
19276,6997,Good,2025-03-17
19277,1392,Average,2025-04-24
19278,1375,Excellent,2025-06-13
19279,19321,Needs Improvement,2024-11-21
19280,388,Average,2024-08-12
19281,3588,Excellent,2024-07-11
19282,16639,Excellent,2024-12-27
19283,9977,Excellent,2025-03-09
19284,11761,Good,2025-05-18
19285,12638,Excellent,2024-08-29
19286,7786,Good,2025-01-25
19287,11182,Excellent,2025-01-14
19288,17558,Average,2024-08-02
19289,2887,Excellent,2024-07-27
19290,5184,Needs Improvement,2025-07-03
19291,7411,Good,2024-12-21
19292,10399,Needs Improvement,2024-07-13
19293,14027,Average,2024-11-26
19294,9041,Excellent,2024-09-28
19295,7400,Good,2025-02-27
19296,4501,Needs Improvement,2024-09-13
19297,12896,Average,2025-03-30
19298,17856,Good,2025-03-27
19299,18856,Needs Improvement,2024-09-24
19300,2037,Needs Improvement,2025-01-20
19301,19127,Needs Improvement,2025-01-18
19302,3962,Good,2025-01-06
19303,7977,Excellent,2024-10-02
19304,10126,Average,2025-02-24
19305,14948,Good,2024-08-20
19306,12038,Good,2024-11-18
19307,13937,Average,2025-03-13
19308,10369,Excellent,2025-02-05
19309,18631,Needs Improvement,2025-01-08
19310,6187,Needs Improvement,2025-03-28
19311,12691,Needs Improvement,2024-12-13
19312,8533,Average,2024-12-07
19313,7372,Excellent,2025-06-03
19314,6476,Average,2024-08-28
19315,8324,Average,2025-05-03
19316,16410,Excellent,2024-12-29
19317,6222,Excellent,2025-05-09
19318,6715,Excellent,2025-05-04
19319,9992,Good,2024-08-01
19320,6572,Average,2024-08-17
19321,19511,Good,2024-09-07
19322,10864,Needs Improvement,2024-10-10
19323,10302,Excellent,2025-01-18
19324,13360,Needs Improvement,2024-10-15
19325,18649,Needs Improvement,2025-04-24
19326,15185,Excellent,2025-05-18
19327,11706,Good,2024-07-17
19328,16538,Needs Improvement,2024-07-08
19329,7428,Needs Improvement,2025-01-10
19330,6297,Needs Improvement,2025-05-03
19331,13537,Good,2025-03-04
19332,11021,Good,2024-11-01
19333,1733,Needs Improvement,2025-05-11
19334,3060,Excellent,2025-05-16
19335,12332,Average,2024-07-22
19336,4631,Needs Improvement,2025-03-09
19337,1428,Good,2024-10-30
19338,18647,Needs Improvement,2024-10-08
19339,4148,Excellent,2025-03-31
19340,5117,Excellent,2025-06-20
19341,7200,Needs Improvement,2024-09-10
19342,15271,Needs Improvement,2024-08-21
19343,14604,Average,2024-11-27
19344,9473,Average,2024-12-04
19345,7708,Excellent,2024-09-28
19346,7242,Excellent,2025-06-10
19347,1876,Average,2025-04-24
19348,13076,Needs Improvement,2024-11-10
19349,6836,Excellent,2025-03-05
19350,17647,Good,2025-02-11
19351,10040,Good,2025-06-08
19352,12766,Needs Improvement,2024-09-25
19353,17813,Needs Improvement,2024-09-10
19354,7750,Excellent,2025-01-06
19355,19256,Needs Improvement,2025-02-26
19356,15007,Good,2024-09-22
19357,15749,Average,2025-07-02
19358,17183,Good,2025-01-15
19359,4457,Excellent,2024-08-02
19360,13947,Excellent,2025-01-26
19361,15296,Excellent,2025-05-28
19362,2735,Needs Improvement,2024-10-10
19363,19066,Excellent,2025-02-01
19364,8876,Good,2024-10-21
19365,11888,Average,2024-10-27
19366,3351,Good,2024-07-20
19367,17688,Good,2024-08-24
19368,1433,Average,2024-09-03
19369,10571,Good,2024-09-25
19370,15890,Average,2024-11-19
19371,6273,Good,2025-02-28
19372,277,Average,2024-08-03
19373,6188,Average,2025-02-18
19374,843,Needs Improvement,2024-12-11
19375,2259,Average,2025-02-13
19376,19652,Good,2024-09-28
19377,4080,Excellent,2025-05-31
19378,2772,Average,2025-01-02
19379,809,Good,2024-09-07
19380,6691,Average,2024-09-17
19381,12487,Excellent,2024-08-06
19382,5215,Excellent,2024-10-14
19383,11550,Needs Improvement,2024-10-06
19384,15410,Excellent,2024-10-23
19385,16691,Average,2024-08-05
19386,16899,Needs Improvement,2025-04-11
19387,13902,Average,2025-01-06
19388,2517,Good,2025-06-16
19389,3339,Good,2024-08-09
19390,14967,Needs Improvement,2025-02-12
19391,7402,Excellent,2024-11-10
19392,2610,Needs Improvement,2024-07-06
19393,2940,Good,2024-08-06
19394,16569,Needs Improvement,2024-11-11
19395,6711,Excellent,2025-06-27
19396,13993,Average,2024-11-12
19397,18114,Average,2024-07-10
19398,10208,Excellent,2024-09-20
19399,8855,Average,2024-11-08
19400,18026,Average,2025-06-23
19401,4984,Good,2024-12-19
19402,1090,Needs Improvement,2025-06-10
19403,8468,Good,2024-11-11
19404,3586,Excellent,2025-02-16
19405,18776,Good,2024-12-07
19406,16734,Needs Improvement,2025-01-07
19407,14521,Needs Improvement,2025-02-02
19408,4941,Good,2025-02-23
19409,8282,Needs Improvement,2025-05-02
19410,3447,Excellent,2025-01-08
19411,4250,Needs Improvement,2024-07-28
19412,3064,Excellent,2025-01-27
19413,11427,Needs Improvement,2025-03-16
19414,17041,Good,2025-02-22
19415,6751,Average,2024-11-30
19416,6174,Excellent,2024-11-05
19417,11167,Good,2025-07-02
19418,17677,Needs Improvement,2024-07-06
19419,9455,Needs Improvement,2024-11-22
19420,16650,Needs Improvement,2024-11-01
19421,18259,Average,2024-09-26
19422,9776,Good,2024-12-04
19423,13282,Good,2024-07-18
19424,2443,Needs Improvement,2025-03-12
19425,17457,Needs Improvement,2024-12-12
19426,8990,Excellent,2024-11-28
19427,15865,Needs Improvement,2024-07-21
19428,15342,Needs Improvement,2024-12-31
19429,6256,Excellent,2024-09-30
19430,1440,Excellent,2024-09-30
19431,18525,Excellent,2025-01-22
19432,9292,Average,2024-11-23
19433,2074,Average,2025-04-28
19434,8222,Excellent,2024-07-13
19435,12305,Needs Improvement,2025-05-31
19436,2024,Average,2025-06-28
19437,17863,Good,2025-02-20
19438,8976,Excellent,2025-06-17
19439,12169,Good,2024-07-19
19440,14935,Excellent,2024-11-17
19441,19811,Good,2024-10-04
19442,18407,Good,2024-11-10
19443,19169,Excellent,2024-07-22
19444,13689,Excellent,2024-10-11
19445,14905,Average,2025-04-27
19446,17511,Needs Improvement,2025-03-09
19447,2809,Average,2025-04-03
19448,129,Good,2025-06-18
19449,431,Excellent,2025-04-12
19450,15005,Good,2024-10-26
19451,225,Good,2024-09-27
19452,2966,Needs Improvement,2024-08-14
19453,19616,Excellent,2025-04-10
19454,2848,Good,2024-12-14
19455,2833,Good,2025-05-01
19456,10155,Average,2024-12-15
19457,15357,Excellent,2025-03-17
19458,8167,Average,2025-06-09
19459,92,Needs Improvement,2025-06-12
19460,10896,Excellent,2025-03-02
19461,17736,Excellent,2025-06-27
19462,1343,Average,2024-08-26
19463,7173,Excellent,2024-09-25
19464,13958,Average,2025-01-12
19465,10245,Average,2024-07-26
19466,13007,Needs Improvement,2024-08-24
19467,17674,Excellent,2024-07-14
19468,4458,Excellent,2025-01-31
19469,19799,Excellent,2024-09-23
19470,7602,Needs Improvement,2025-06-06
19471,7814,Average,2025-06-23
19472,2192,Needs Improvement,2024-12-05
19473,156,Good,2025-03-12
19474,2725,Average,2025-03-09
19475,12884,Good,2024-07-17
19476,5943,Needs Improvement,2024-12-20
19477,4832,Average,2024-10-11
19478,9952,Excellent,2024-12-07
19479,598,Average,2025-06-28
19480,7295,Excellent,2024-08-05
19481,7482,Good,2025-05-16
19482,902,Good,2025-03-26
19483,2816,Needs Improvement,2025-02-05
19484,9043,Average,2024-09-12
19485,9964,Excellent,2025-04-22
19486,19240,Needs Improvement,2024-11-13
19487,18374,Good,2024-11-01
19488,1403,Average,2025-07-01
19489,19291,Excellent,2025-02-04
19490,4760,Average,2024-10-21
19491,18424,Needs Improvement,2024-12-02
19492,7256,Average,2025-02-03
19493,11170,Average,2024-07-21
19494,3278,Needs Improvement,2024-08-19
19495,4077,Average,2025-03-02
19496,12892,Average,2024-08-23
19497,1384,Needs Improvement,2024-09-08
19498,3222,Excellent,2025-03-28
19499,16596,Good,2024-07-06
19500,3773,Average,2025-05-19
19501,18273,Average,2025-06-18
19502,5272,Good,2024-10-01
19503,11108,Good,2025-01-01
19504,16043,Average,2024-10-26
19505,18618,Good,2024-12-28
19506,6564,Average,2025-02-24
19507,3279,Needs Improvement,2024-08-10
19508,12604,Needs Improvement,2024-10-25
19509,12078,Needs Improvement,2024-07-10
19510,4636,Needs Improvement,2024-08-03
19511,1097,Good,2025-01-20
19512,18034,Needs Improvement,2024-08-02
19513,6735,Average,2024-07-15
19514,18233,Excellent,2025-03-23
19515,3731,Average,2025-05-05
19516,12741,Needs Improvement,2024-11-02
19517,317,Excellent,2025-03-17
19518,10316,Needs Improvement,2024-08-12
19519,11039,Good,2025-04-17
19520,18426,Excellent,2024-07-30
19521,3562,Needs Improvement,2025-06-20
19522,675,Excellent,2024-10-31
19523,9777,Needs Improvement,2025-05-13
19524,5237,Excellent,2025-03-23
19525,12151,Needs Improvement,2025-03-05
19526,7623,Excellent,2024-08-17
19527,12131,Average,2025-01-10
19528,18239,Good,2024-08-18
19529,10029,Needs Improvement,2025-02-01
19530,2548,Needs Improvement,2024-10-02
19531,1762,Needs Improvement,2024-08-10
19532,12365,Needs Improvement,2025-02-13
19533,2709,Excellent,2025-01-29
19534,8568,Good,2024-09-03
19535,7915,Average,2025-01-05
19536,7970,Excellent,2025-06-10
19537,8778,Needs Improvement,2024-07-14
19538,11400,Average,2024-08-31
19539,4521,Excellent,2024-11-05
19540,8216,Average,2025-06-21
19541,10694,Excellent,2024-10-19
19542,11664,Excellent,2025-03-15
19543,2690,Needs Improvement,2025-01-20
19544,1364,Average,2025-01-14
19545,2907,Average,2025-05-09
19546,19207,Needs Improvement,2025-05-28
19547,4904,Needs Improvement,2025-07-02
19548,14092,Needs Improvement,2024-10-27
19549,8846,Good,2024-09-23
19550,8429,Excellent,2024-08-02
19551,4223,Good,2025-02-24
19552,16799,Good,2024-08-12
19553,15002,Excellent,2024-07-11
19554,204,Needs Improvement,2024-12-08
19555,3514,Average,2024-08-05
19556,3726,Needs Improvement,2024-07-12
19557,12991,Needs Improvement,2024-07-24
19558,7701,Average,2024-08-29
19559,18649,Good,2025-06-03
19560,607,Good,2024-07-24
19561,10326,Good,2024-11-04
19562,414,Average,2025-06-26
19563,8980,Needs Improvement,2024-11-21
19564,13822,Excellent,2025-05-19
19565,14125,Average,2024-10-13
19566,15134,Needs Improvement,2024-08-16
19567,9473,Good,2024-11-12
19568,1837,Needs Improvement,2025-04-22
19569,2947,Average,2024-11-06
19570,140,Needs Improvement,2024-09-09
19571,18198,Good,2025-05-12
19572,8825,Average,2025-01-27
19573,1168,Excellent,2024-11-22
19574,14775,Average,2024-09-08
19575,6220,Average,2025-05-18
19576,18858,Good,2024-12-02
19577,11558,Excellent,2024-08-21
19578,11283,Average,2024-12-02
19579,15189,Needs Improvement,2024-09-22
19580,18229,Average,2025-05-02
19581,9799,Needs Improvement,2024-08-28
19582,3631,Average,2025-06-27
19583,483,Average,2025-06-08
19584,13044,Average,2024-11-24
19585,15110,Excellent,2024-07-14
19586,7068,Excellent,2025-04-05
19587,16951,Good,2024-11-06
19588,16807,Excellent,2025-01-07
19589,10613,Good,2024-11-20
19590,8095,Average,2024-12-01
19591,9093,Good,2024-09-26
19592,11573,Average,2024-10-28
19593,9950,Excellent,2024-10-29
19594,18938,Excellent,2025-04-18
19595,4143,Good,2024-12-31
19596,14662,Good,2024-09-03
19597,18065,Needs Improvement,2025-04-14
19598,15967,Average,2024-07-17
19599,15659,Excellent,2024-11-06
19600,19014,Excellent,2025-04-13
19601,4784,Needs Improvement,2024-12-05
19602,5101,Needs Improvement,2025-05-22
19603,1602,Average,2024-10-24
19604,9731,Excellent,2025-03-04
19605,12859,Good,2025-07-03
19606,18949,Average,2024-11-30
19607,18584,Good,2025-03-03
19608,16008,Needs Improvement,2025-06-12
19609,18096,Excellent,2024-11-09
19610,6438,Needs Improvement,2024-12-01
19611,11160,Average,2024-10-17
19612,5439,Average,2025-04-18
19613,15396,Good,2024-07-28
19614,5450,Good,2024-07-31
19615,10234,Good,2024-11-30
19616,15323,Excellent,2024-12-15
19617,10665,Good,2025-06-25
19618,449,Good,2025-03-11
19619,8552,Average,2025-02-09
19620,7971,Excellent,2024-12-02
19621,5644,Good,2024-07-25
19622,2815,Needs Improvement,2024-11-09
19623,12502,Excellent,2025-01-13
19624,4633,Needs Improvement,2025-07-02
19625,11533,Good,2024-09-18
19626,6185,Good,2024-07-26
19627,10242,Good,2025-01-04
19628,18470,Average,2024-12-19
19629,10791,Good,2024-07-20
19630,12451,Needs Improvement,2024-12-04
19631,15409,Average,2024-12-09
19632,17329,Good,2025-03-27
19633,18210,Excellent,2024-11-10
19634,6883,Good,2025-05-03
19635,1117,Needs Improvement,2025-07-06
19636,2556,Good,2024-08-29
19637,11901,Needs Improvement,2024-07-25
19638,12254,Excellent,2025-01-02
19639,3668,Excellent,2025-01-21
19640,5560,Average,2024-09-15
19641,14848,Needs Improvement,2024-08-12
19642,11956,Excellent,2024-08-04
19643,2504,Average,2024-10-21
19644,11438,Average,2024-08-08
19645,2344,Excellent,2025-04-11
19646,19343,Good,2025-06-12
19647,15490,Good,2024-11-17
19648,7878,Good,2025-01-27
19649,9554,Good,2024-11-10
19650,18622,Average,2025-03-18
19651,18059,Needs Improvement,2024-09-30
19652,16150,Excellent,2024-09-29
19653,4878,Needs Improvement,2025-04-03
19654,13760,Average,2024-11-01
19655,10846,Excellent,2025-04-19
19656,1575,Average,2025-03-08
19657,11879,Excellent,2024-09-12
19658,9664,Excellent,2024-11-30
19659,14621,Good,2025-07-04
19660,12942,Needs Improvement,2025-03-12
19661,3965,Average,2025-05-24
19662,11332,Needs Improvement,2025-03-08
19663,17672,Needs Improvement,2025-01-10
19664,19122,Needs Improvement,2025-03-16
19665,13775,Average,2024-07-31
19666,11158,Needs Improvement,2025-06-27
19667,499,Excellent,2025-01-18
19668,7725,Average,2024-07-19
19669,852,Excellent,2024-10-26
19670,1867,Needs Improvement,2024-09-17
19671,15680,Excellent,2024-11-06
19672,11298,Average,2025-05-18
19673,9279,Average,2024-11-04
19674,8164,Needs Improvement,2025-01-12
19675,9554,Average,2024-12-05
19676,14078,Good,2025-03-14
19677,15210,Excellent,2025-06-27
19678,4947,Needs Improvement,2025-01-01
19679,17908,Needs Improvement,2024-09-03
19680,15676,Excellent,2024-11-14
19681,17699,Average,2025-01-19
19682,17678,Needs Improvement,2025-04-09
19683,15873,Good,2025-05-20
19684,19016,Needs Improvement,2025-04-24
19685,17626,Average,2025-01-26
19686,15807,Average,2025-03-16
19687,8688,Average,2024-10-23
19688,18409,Good,2024-10-27
19689,19903,Excellent,2025-04-18
19690,334,Needs Improvement,2024-09-16
19691,12264,Excellent,2024-08-08
19692,13638,Good,2025-04-01
19693,16042,Excellent,2025-05-09
19694,14400,Excellent,2025-01-18
19695,2952,Good,2024-09-29
19696,204,Excellent,2024-07-22
19697,2066,Excellent,2024-10-14
19698,13648,Good,2024-12-01
19699,5378,Excellent,2024-12-19
19700,1089,Average,2025-06-21
19701,9294,Average,2024-11-10
19702,8334,Excellent,2025-06-28
19703,7555,Needs Improvement,2024-09-03
19704,2409,Average,2025-02-24
19705,14228,Good,2024-10-19
19706,8705,Average,2025-01-08
19707,1085,Good,2025-03-08
19708,9091,Excellent,2024-09-16
19709,8741,Average,2024-10-13
19710,10024,Good,2024-10-01
19711,18691,Needs Improvement,2025-04-14
19712,6049,Needs Improvement,2025-04-16
19713,2527,Needs Improvement,2025-05-31
19714,10649,Excellent,2025-04-21
19715,16260,Good,2025-04-13
19716,16807,Good,2025-04-19
19717,6679,Average,2024-07-27
19718,19053,Good,2024-10-23
19719,10902,Average,2024-12-11
19720,5613,Average,2025-06-30
19721,3578,Average,2024-11-29
19722,1691,Excellent,2024-09-16
19723,6266,Good,2024-10-10
19724,6932,Excellent,2025-03-10
19725,6389,Good,2025-06-15
19726,11870,Good,2025-04-08
19727,8308,Average,2024-07-16
19728,12919,Average,2025-05-10
19729,14445,Average,2025-02-28
19730,11279,Excellent,2025-01-28
19731,14642,Excellent,2024-10-15
19732,15826,Excellent,2025-05-27
19733,4697,Average,2024-10-19
19734,827,Needs Improvement,2025-04-16
19735,8934,Excellent,2025-03-25
19736,1935,Needs Improvement,2025-03-13
19737,6411,Excellent,2024-10-31
19738,9280,Good,2025-01-03
19739,10524,Needs Improvement,2024-07-10
19740,10756,Good,2025-01-31
19741,11662,Average,2024-09-25
19742,235,Needs Improvement,2024-10-06
19743,7335,Average,2025-02-07
19744,14136,Excellent,2025-05-03
19745,1389,Excellent,2025-05-28
19746,3606,Good,2024-11-18
19747,6690,Excellent,2025-01-17
19748,14403,Excellent,2025-05-20
19749,15566,Average,2024-11-28
19750,5776,Good,2025-07-05
19751,12080,Good,2025-01-17
19752,8456,Average,2024-08-11
19753,17768,Good,2024-10-31
19754,6205,Excellent,2025-01-29
19755,931,Excellent,2025-05-01
19756,19419,Excellent,2025-03-21
19757,1271,Excellent,2025-03-31
19758,8917,Needs Improvement,2024-08-01
19759,17761,Excellent,2025-01-30
19760,12506,Good,2024-11-28
19761,11331,Excellent,2025-04-27
19762,16402,Excellent,2025-01-04
19763,12270,Needs Improvement,2025-03-25
19764,3976,Excellent,2025-06-29
19765,5452,Needs Improvement,2025-01-10
19766,14804,Good,2024-12-04
19767,10214,Good,2025-01-26
19768,7269,Needs Improvement,2025-05-29
19769,9300,Needs Improvement,2025-01-08
19770,14111,Average,2024-08-28
19771,18012,Excellent,2024-12-03
19772,383,Needs Improvement,2024-12-20
19773,19853,Excellent,2025-02-18
19774,7746,Average,2024-08-01
19775,5629,Excellent,2025-03-29
19776,18471,Average,2025-05-18
19777,15960,Average,2025-04-01
19778,12511,Good,2024-08-27
19779,18912,Excellent,2025-01-15
19780,7735,Excellent,2025-01-04
19781,14071,Needs Improvement,2024-08-06
19782,441,Average,2025-04-24
19783,15971,Needs Improvement,2024-08-14
19784,9174,Excellent,2025-04-30
19785,7525,Average,2025-01-24
19786,2307,Needs Improvement,2024-11-26
19787,7315,Average,2025-03-13
19788,11670,Average,2024-10-30
19789,14164,Excellent,2025-04-07
19790,1911,Good,2024-10-12
19791,11755,Good,2025-06-10
19792,6599,Needs Improvement,2025-01-24
19793,13309,Average,2025-04-09
19794,4239,Average,2024-10-05
19795,13063,Good,2025-01-02
19796,5398,Average,2024-10-04
19797,2786,Good,2025-07-04
19798,16853,Average,2024-11-27
19799,14071,Average,2024-08-18
19800,2430,Good,2024-07-31
19801,18954,Average,2025-04-13
19802,5308,Average,2024-10-09
19803,10740,Excellent,2024-07-26
19804,12312,Average,2025-06-28
19805,10610,Good,2024-09-28
19806,2627,Needs Improvement,2024-08-29
19807,6846,Good,2024-07-12
19808,7801,Average,2025-03-01
19809,14854,Good,2025-02-23
19810,18479,Needs Improvement,2024-12-30
19811,9416,Average,2025-04-03
19812,10851,Needs Improvement,2024-11-10
19813,15177,Excellent,2024-08-24
19814,370,Excellent,2025-05-14
19815,10449,Excellent,2024-07-10
19816,14948,Needs Improvement,2024-09-05
19817,12213,Good,2025-04-11
19818,3648,Good,2024-08-18
19819,2861,Needs Improvement,2025-01-09
19820,19596,Good,2025-03-22
19821,5638,Average,2024-10-11
19822,14219,Average,2024-09-02
19823,8698,Needs Improvement,2024-09-27
19824,2021,Excellent,2025-05-29
19825,16296,Excellent,2024-07-18
19826,2653,Excellent,2025-05-03
19827,16665,Needs Improvement,2024-11-30
19828,15738,Excellent,2024-12-28
19829,9512,Excellent,2024-11-02
19830,11978,Needs Improvement,2025-04-28
19831,14980,Average,2025-01-23
19832,11650,Excellent,2025-04-20
19833,16421,Excellent,2025-05-09
19834,7568,Excellent,2024-07-18
19835,4596,Needs Improvement,2024-11-12
19836,11604,Good,2024-12-14
19837,15296,Needs Improvement,2024-08-14
19838,2785,Good,2025-01-31
19839,13696,Good,2024-08-17
19840,7729,Average,2024-09-15
19841,18113,Excellent,2025-05-10
19842,18363,Excellent,2025-01-25
19843,1419,Needs Improvement,2025-05-27
19844,19014,Average,2024-09-25
19845,13055,Average,2024-08-16
19846,11960,Good,2025-06-04
19847,14808,Excellent,2025-03-21
19848,13962,Average,2024-09-07
19849,16255,Good,2024-11-07
19850,5263,Good,2025-02-01
19851,15081,Excellent,2024-10-04
19852,14535,Average,2024-09-09
19853,735,Needs Improvement,2025-01-30
19854,8023,Needs Improvement,2024-09-05
19855,19539,Good,2025-03-06
19856,4116,Good,2024-10-22
19857,13972,Average,2024-09-21
19858,3695,Good,2024-12-11
19859,18516,Excellent,2025-03-10
19860,8507,Average,2024-12-09
19861,1267,Excellent,2025-01-11
19862,18314,Good,2025-01-24
19863,10704,Needs Improvement,2024-07-09
19864,1488,Needs Improvement,2025-01-28
19865,2532,Average,2024-10-23
19866,19532,Excellent,2024-08-25
19867,9004,Excellent,2024-10-20
19868,16973,Good,2024-10-17
19869,17843,Excellent,2025-04-21
19870,14115,Needs Improvement,2024-09-30
19871,19192,Excellent,2025-01-09
19872,10048,Good,2025-04-23
19873,11251,Average,2025-02-03
19874,1503,Excellent,2024-12-17
19875,13127,Average,2024-11-03
19876,5597,Excellent,2025-03-31
19877,4159,Excellent,2024-08-18
19878,13317,Average,2025-06-25
19879,5354,Excellent,2024-11-29
19880,1587,Good,2024-12-22
19881,7365,Excellent,2025-05-13
19882,8709,Average,2025-03-03
19883,17397,Needs Improvement,2024-10-29
19884,9093,Average,2024-07-13
19885,4716,Good,2024-10-01
19886,6339,Good,2024-11-08
19887,19500,Good,2025-05-27
19888,133,Average,2025-06-17
19889,17481,Good,2024-09-17
19890,13060,Average,2025-06-10
19891,7167,Average,2024-10-10
19892,18981,Average,2024-08-30
19893,16097,Needs Improvement,2025-03-09
19894,14037,Needs Improvement,2024-07-07
19895,15268,Excellent,2025-04-12
19896,18511,Needs Improvement,2024-07-22
19897,7738,Average,2025-02-02
19898,12309,Excellent,2025-01-11
19899,1478,Good,2025-02-12
19900,12914,Excellent,2024-09-18
19901,15981,Needs Improvement,2024-12-09
19902,5970,Average,2024-08-10
19903,6155,Needs Improvement,2024-08-06
19904,17102,Needs Improvement,2025-06-30
19905,16900,Needs Improvement,2025-02-19
19906,9777,Average,2025-02-28
19907,13298,Average,2025-05-03
19908,16032,Excellent,2025-04-17
19909,5710,Needs Improvement,2024-10-05
19910,6064,Excellent,2024-12-05
19911,3129,Average,2025-05-01
19912,5510,Good,2024-11-21
19913,12047,Good,2025-06-09
19914,797,Average,2024-10-16
19915,17549,Needs Improvement,2024-10-05
19916,4656,Needs Improvement,2025-04-25
19917,3298,Average,2024-07-07
19918,5099,Excellent,2024-08-31
19919,19692,Good,2024-12-05
19920,14061,Needs Improvement,2024-10-23
19921,15897,Good,2024-07-11
19922,8833,Excellent,2024-10-03
19923,19621,Average,2024-07-11
19924,4962,Average,2025-01-11
19925,4002,Average,2024-12-26
19926,2571,Good,2025-03-22
19927,7447,Good,2024-12-26
19928,4649,Average,2025-02-08
19929,3708,Average,2025-02-26
19930,11489,Average,2025-02-13
19931,19616,Average,2025-01-09
19932,4029,Excellent,2024-09-19
19933,12083,Excellent,2024-11-13
19934,18422,Good,2025-01-12
19935,12496,Average,2024-10-31
19936,10134,Average,2025-06-29
19937,3506,Excellent,2025-06-16
19938,11348,Excellent,2024-11-21
19939,1407,Excellent,2025-04-06
19940,10211,Needs Improvement,2024-12-13
19941,19023,Average,2025-03-14
19942,18181,Good,2025-04-06
19943,3841,Average,2024-08-09
19944,1538,Needs Improvement,2025-04-27
19945,19899,Needs Improvement,2025-05-19
19946,2243,Average,2025-03-03
19947,17825,Average,2025-06-11
19948,16116,Good,2025-05-23
19949,6795,Good,2025-01-31
19950,10591,Needs Improvement,2024-10-31
19951,12110,Average,2025-06-11
19952,18410,Excellent,2025-06-14
19953,14611,Average,2025-02-13
19954,11091,Good,2024-09-21
19955,12683,Needs Improvement,2024-10-25
19956,13437,Needs Improvement,2024-12-02
19957,13797,Needs Improvement,2025-03-12
19958,15543,Excellent,2024-11-05
19959,9023,Average,2024-11-12
19960,18062,Needs Improvement,2024-08-04
19961,7828,Needs Improvement,2025-04-20
19962,5741,Good,2025-02-06
19963,4458,Average,2025-06-16
19964,8665,Good,2025-01-14
19965,15896,Needs Improvement,2024-09-06
19966,13356,Good,2025-06-07
19967,17643,Excellent,2025-04-27
19968,5213,Average,2025-02-04
19969,5464,Needs Improvement,2025-05-01
19970,1909,Good,2025-04-03
19971,9090,Good,2024-09-01
19972,14622,Average,2025-01-02
19973,7452,Excellent,2025-04-27
19974,13624,Needs Improvement,2025-04-02
19975,15916,Good,2024-08-07
19976,12701,Good,2025-06-06
19977,16734,Good,2024-09-01
19978,17916,Needs Improvement,2025-01-07
19979,11370,Needs Improvement,2024-09-01
19980,18707,Average,2024-11-22
19981,6023,Excellent,2025-02-08
19982,7719,Needs Improvement,2025-07-03
19983,16602,Needs Improvement,2025-02-20
19984,14185,Average,2025-03-14
19985,7133,Needs Improvement,2025-02-08
19986,15753,Excellent,2024-12-11
19987,8974,Average,2025-06-20
19988,5856,Good,2024-10-01
19989,16372,Good,2025-01-31
19990,19697,Excellent,2025-06-26
19991,1192,Good,2024-08-06
19992,19181,Needs Improvement,2025-01-07
19993,9692,Good,2024-09-24
19994,18872,Average,2025-05-22
19995,12266,Average,2024-09-11
19996,5466,Excellent,2024-10-31
19997,15361,Good,2025-01-31
19998,8197,Excellent,2025-04-30
19999,15975,Needs Improvement,2024-09-15
20000,15947,Excellent,2024-11-22
