user,department,designation
1,Operations,Marketing Executive
2,Sales,Manager
3,Marketing,Data Analyst
4,HR,Data Analyst
5,Sales,Trainer
6,IT,Manager
7,Finance,Data Analyst
8,HR,Trainer
9,IT,Software Engineer
10,Operations,Software Engineer
11,Operations,Software Engineer
12,HR,Manager
13,Sales,Data Analyst
14,Finance,Manager
15,HR,Software Engineer
16,Sales,Manager
17,Sales,Manager
18,IT,Data Analyst
19,Marketing,Manager
20,IT,Software Engineer
21,Sales,Trainer
22,HR,Trainer
23,IT,Marketing Executive
24,HR,Trainer
25,Operations,Data Analyst
26,Finance,Manager
27,HR,Software Engineer
28,Sales,Data Analyst
29,IT,Trainer
30,Sales,Data Analyst
31,Operations,Trainer
32,Operations,Marketing Executive
33,Finance,Data Analyst
34,Finance,Marketing Executive
35,IT,Data Analyst
36,IT,Data Analyst
37,Operations,Manager
38,Finance,Software Engineer
39,Finance,Trainer
40,Marketing,Marketing Executive
41,Marketing,Manager
42,Finance,Software Engineer
43,Finance,Trainer
44,HR,Trainer
45,HR,Data Analyst
46,Finance,Trainer
47,IT,Data Analyst
48,Marketing,Software Engineer
49,Marketing,Trainer
50,IT,Manager
51,Marketing,Software Engineer
52,IT,Marketing Executive
53,IT,Software Engineer
54,Operations,Trainer
55,Marketing,Software Engineer
56,Sales,Marketing Executive
57,Marketing,Manager
58,Marketing,Data Analyst
59,Sales,Marketing Executive
60,Marketing,Manager
61,HR,Marketing Executive
62,Sales,Software Engineer
63,Operations,Data Analyst
64,Operations,Trainer
65,HR,Software Engineer
66,IT,Software Engineer
67,IT,Data Analyst
68,Marketing,Manager
69,Finance,Manager
70,IT,Manager
71,HR,Data Analyst
72,Marketing,Marketing Executive
73,IT,Marketing Executive
74,Sales,Marketing Executive
75,Finance,Manager
76,Finance,Manager
77,Finance,Software Engineer
78,IT,Trainer
79,Finance,Manager
80,Operations,Trainer
81,Marketing,Trainer
82,IT,Marketing Executive
83,IT,Data Analyst
84,HR,Software Engineer
85,Marketing,Data Analyst
86,Marketing,Software Engineer
87,IT,Trainer
88,Finance,Software Engineer
89,Operations,Data Analyst
90,Operations,Data Analyst
91,Marketing,Marketing Executive
92,IT,Marketing Executive
93,IT,Data Analyst
94,Marketing,Marketing Executive
95,Marketing,Trainer
96,IT,Manager
97,Marketing,Data Analyst
98,Operations,Manager
99,Operations,Software Engineer
100,Operations,Trainer
101,Marketing,Manager
102,Operations,Data Analyst
103,Sales,Marketing Executive
104,Finance,Trainer
105,Sales,Marketing Executive
106,Marketing,Trainer
107,Marketing,Manager
108,IT,Manager
109,Operations,Software Engineer
110,Marketing,Software Engineer
111,Operations,Software Engineer
112,HR,Marketing Executive
113,Marketing,Marketing Executive
114,Sales,Data Analyst
115,Finance,Data Analyst
116,HR,Marketing Executive
117,Sales,Marketing Executive
118,Operations,Marketing Executive
119,Marketing,Data Analyst
120,Operations,Marketing Executive
121,Finance,Trainer
122,Sales,Trainer
123,Finance,Data Analyst
124,Operations,Marketing Executive
125,IT,Trainer
126,Marketing,Data Analyst
127,HR,Data Analyst
128,Finance,Manager
129,Sales,Data Analyst
130,Marketing,Software Engineer
131,Finance,Trainer
132,Operations,Data Analyst
133,Finance,Manager
134,Sales,Manager
135,IT,Manager
136,IT,Marketing Executive
137,Marketing,Software Engineer
138,IT,Data Analyst
139,Marketing,Marketing Executive
140,HR,Data Analyst
141,HR,Manager
142,Sales,Manager
143,Finance,Marketing Executive
144,Marketing,Marketing Executive
145,Marketing,Software Engineer
146,IT,Software Engineer
147,Finance,Marketing Executive
148,IT,Marketing Executive
149,Finance,Software Engineer
150,HR,Marketing Executive
151,Sales,Manager
152,Finance,Data Analyst
153,IT,Marketing Executive
154,IT,Software Engineer
155,Sales,Software Engineer
156,Finance,Software Engineer
157,Finance,Marketing Executive
158,Marketing,Manager
159,IT,Manager
160,HR,Trainer
161,HR,Manager
162,Sales,Data Analyst
163,HR,Data Analyst
164,Sales,Software Engineer
165,Sales,Data Analyst
166,Finance,Manager
167,Marketing,Data Analyst
168,HR,Software Engineer
169,IT,Manager
170,Marketing,Marketing Executive
171,IT,Data Analyst
172,Finance,Manager
173,Marketing,Manager
174,Sales,Manager
175,Marketing,Data Analyst
176,HR,Marketing Executive
177,Sales,Manager
178,Finance,Software Engineer
179,Operations,Manager
180,Operations,Data Analyst
181,Sales,Data Analyst
182,Finance,Manager
183,Finance,Manager
184,Sales,Marketing Executive
185,Sales,Marketing Executive
186,IT,Trainer
187,HR,Marketing Executive
188,Operations,Data Analyst
189,Operations,Marketing Executive
190,HR,Manager
191,IT,Manager
192,Finance,Marketing Executive
193,Finance,Trainer
194,Marketing,Data Analyst
195,Operations,Data Analyst
196,HR,Software Engineer
197,Finance,Data Analyst
198,HR,Marketing Executive
199,Operations,Data Analyst
200,Operations,Marketing Executive
201,Sales,Data Analyst
202,Marketing,Manager
203,Sales,Trainer
204,Finance,Manager
205,HR,Software Engineer
206,HR,Marketing Executive
207,Finance,Manager
208,Operations,Marketing Executive
209,Sales,Software Engineer
210,Sales,Software Engineer
211,Marketing,Trainer
212,Sales,Trainer
213,HR,Data Analyst
214,Marketing,Data Analyst
215,Operations,Data Analyst
216,Finance,Manager
217,Operations,Software Engineer
218,Marketing,Trainer
219,HR,Software Engineer
220,Sales,Trainer
221,Operations,Trainer
222,Operations,Software Engineer
223,Sales,Trainer
224,Sales,Software Engineer
225,Marketing,Software Engineer
226,Sales,Trainer
227,Marketing,Manager
228,HR,Software Engineer
229,IT,Manager
230,Sales,Data Analyst
231,Operations,Marketing Executive
232,HR,Trainer
233,HR,Trainer
234,HR,Trainer
235,IT,Marketing Executive
236,HR,Marketing Executive
237,Operations,Trainer
238,Finance,Manager
239,Marketing,Software Engineer
240,Finance,Data Analyst
241,HR,Manager
242,Finance,Manager
243,Marketing,Trainer
244,Sales,Data Analyst
245,Marketing,Manager
246,IT,Trainer
247,Sales,Marketing Executive
248,IT,Manager
249,Finance,Marketing Executive
250,Operations,Data Analyst
251,Marketing,Data Analyst
252,Sales,Software Engineer
253,Operations,Trainer
254,HR,Data Analyst
255,Sales,Data Analyst
256,IT,Trainer
257,Finance,Marketing Executive
258,Operations,Data Analyst
259,HR,Software Engineer
260,Marketing,Data Analyst
261,IT,Trainer
262,Sales,Trainer
263,IT,Trainer
264,Marketing,Trainer
265,Operations,Manager
266,HR,Trainer
267,IT,Software Engineer
268,IT,Manager
269,IT,Manager
270,Operations,Trainer
271,Sales,Manager
272,Finance,Marketing Executive
273,Operations,Trainer
274,HR,Data Analyst
275,HR,Trainer
276,Sales,Manager
277,HR,Marketing Executive
278,IT,Data Analyst
279,Marketing,Data Analyst
280,HR,Data Analyst
281,IT,Data Analyst
282,Operations,Software Engineer
283,Finance,Software Engineer
284,Operations,Data Analyst
285,HR,Data Analyst
286,IT,Trainer
287,Sales,Manager
288,Finance,Marketing Executive
289,Finance,Trainer
290,Operations,Data Analyst
291,Sales,Software Engineer
292,Marketing,Manager
293,IT,Trainer
294,IT,Trainer
295,Finance,Trainer
296,Finance,Trainer
297,IT,Software Engineer
298,Sales,Trainer
299,Sales,Trainer
300,HR,Data Analyst
301,Finance,Data Analyst
302,Finance,Trainer
303,Sales,Trainer
304,IT,Marketing Executive
305,Operations,Manager
306,Sales,Trainer
307,HR,Manager
308,Marketing,Marketing Executive
309,Operations,Marketing Executive
310,IT,Trainer
311,IT,Data Analyst
312,Finance,Software Engineer
313,Sales,Software Engineer
314,Marketing,Software Engineer
315,Marketing,Software Engineer
316,Sales,Manager
317,IT,Marketing Executive
318,Sales,Software Engineer
319,Finance,Software Engineer
320,HR,Trainer
321,Operations,Software Engineer
322,Marketing,Marketing Executive
323,Marketing,Data Analyst
324,Finance,Marketing Executive
325,Finance,Data Analyst
326,Sales,Manager
327,IT,Data Analyst
328,Sales,Manager
329,Sales,Data Analyst
330,Sales,Trainer
331,HR,Marketing Executive
332,IT,Manager
333,Operations,Manager
334,Operations,Manager
335,Sales,Data Analyst
336,Marketing,Software Engineer
337,Finance,Manager
338,Finance,Software Engineer
339,IT,Data Analyst
340,Marketing,Manager
341,Marketing,Manager
342,HR,Software Engineer
343,Sales,Marketing Executive
344,Operations,Trainer
345,IT,Trainer
346,Finance,Marketing Executive
347,Marketing,Data Analyst
348,Finance,Software Engineer
349,Sales,Data Analyst
350,Operations,Data Analyst
351,Finance,Software Engineer
352,Sales,Marketing Executive
353,IT,Software Engineer
354,IT,Software Engineer
355,Marketing,Trainer
356,Sales,Trainer
357,Operations,Data Analyst
358,Marketing,Software Engineer
359,Sales,Trainer
360,HR,Software Engineer
361,Operations,Trainer
362,Sales,Manager
363,Sales,Data Analyst
364,Sales,Software Engineer
365,Marketing,Marketing Executive
366,Operations,Manager
367,Marketing,Trainer
368,HR,Data Analyst
369,Marketing,Manager
370,HR,Software Engineer
371,Operations,Software Engineer
372,HR,Marketing Executive
373,Sales,Software Engineer
374,Sales,Data Analyst
375,Operations,Software Engineer
376,Finance,Trainer
377,IT,Software Engineer
378,IT,Software Engineer
379,Finance,Trainer
380,Sales,Software Engineer
381,Sales,Data Analyst
382,Operations,Marketing Executive
383,Finance,Data Analyst
384,HR,Marketing Executive
385,IT,Marketing Executive
386,Marketing,Trainer
387,Operations,Trainer
388,Sales,Marketing Executive
389,Operations,Trainer
390,Finance,Software Engineer
391,Finance,Manager
392,HR,Software Engineer
393,HR,Data Analyst
394,Sales,Software Engineer
395,Sales,Manager
396,Sales,Marketing Executive
397,Finance,Marketing Executive
398,HR,Data Analyst
399,Marketing,Software Engineer
400,Marketing,Trainer
401,Finance,Marketing Executive
402,IT,Software Engineer
403,IT,Manager
404,IT,Software Engineer
405,IT,Data Analyst
406,Finance,Marketing Executive
407,Finance,Trainer
408,Operations,Data Analyst
409,Finance,Data Analyst
410,Sales,Marketing Executive
411,Sales,Trainer
412,Finance,Manager
413,Marketing,Manager
414,Marketing,Trainer
415,IT,Software Engineer
416,IT,Marketing Executive
417,Operations,Trainer
418,Sales,Manager
419,Operations,Marketing Executive
420,Marketing,Software Engineer
421,Operations,Data Analyst
422,Finance,Data Analyst
423,Finance,Manager
424,Marketing,Software Engineer
425,Sales,Manager
426,Finance,Manager
427,Marketing,Manager
428,Operations,Software Engineer
429,HR,Marketing Executive
430,Finance,Marketing Executive
431,Finance,Manager
432,Finance,Data Analyst
433,Sales,Trainer
434,Sales,Software Engineer
435,Operations,Software Engineer
436,HR,Marketing Executive
437,Marketing,Data Analyst
438,Operations,Manager
439,Finance,Marketing Executive
440,Sales,Manager
441,Sales,Manager
442,HR,Software Engineer
443,Finance,Marketing Executive
444,Finance,Data Analyst
445,Sales,Trainer
446,Marketing,Trainer
447,Sales,Manager
448,Finance,Marketing Executive
449,Marketing,Marketing Executive
450,Sales,Manager
451,Finance,Trainer
452,Marketing,Software Engineer
453,HR,Trainer
454,Marketing,Trainer
455,Marketing,Data Analyst
456,IT,Data Analyst
457,Operations,Trainer
458,Finance,Software Engineer
459,Marketing,Manager
460,Finance,Marketing Executive
461,Marketing,Software Engineer
462,IT,Marketing Executive
463,Marketing,Trainer
464,Operations,Manager
465,Marketing,Manager
466,IT,Manager
467,Marketing,Trainer
468,Marketing,Software Engineer
469,IT,Software Engineer
470,HR,Software Engineer
471,Marketing,Marketing Executive
472,Finance,Software Engineer
473,HR,Software Engineer
474,HR,Data Analyst
475,Finance,Software Engineer
476,Operations,Marketing Executive
477,IT,Trainer
478,IT,Trainer
479,Sales,Marketing Executive
480,Sales,Software Engineer
481,Operations,Manager
482,HR,Trainer
483,Sales,Software Engineer
484,Finance,Trainer
485,Operations,Software Engineer
486,HR,Manager
487,Operations,Trainer
488,HR,Trainer
489,Marketing,Trainer
490,Operations,Manager
491,Finance,Data Analyst
492,Operations,Data Analyst
493,Finance,Marketing Executive
494,HR,Software Engineer
495,Sales,Manager
496,IT,Software Engineer
497,Marketing,Marketing Executive
498,Operations,Software Engineer
499,IT,Software Engineer
500,Operations,Marketing Executive
501,HR,Data Analyst
502,Marketing,Data Analyst
503,Sales,Marketing Executive
504,HR,Manager
505,Marketing,Software Engineer
506,Operations,Trainer
507,HR,Data Analyst
508,Sales,Marketing Executive
509,Operations,Software Engineer
510,Marketing,Trainer
511,Marketing,Software Engineer
512,Operations,Software Engineer
513,IT,Manager
514,IT,Marketing Executive
515,IT,Software Engineer
516,Finance,Data Analyst
517,Operations,Data Analyst
518,Finance,Trainer
519,IT,Marketing Executive
520,Marketing,Manager
521,Marketing,Software Engineer
522,Marketing,Manager
523,Sales,Marketing Executive
524,IT,Marketing Executive
525,Operations,Data Analyst
526,Sales,Data Analyst
527,Marketing,Data Analyst
528,Marketing,Software Engineer
529,Sales,Trainer
530,Finance,Trainer
531,Operations,Data Analyst
532,Operations,Marketing Executive
533,Operations,Trainer
534,HR,Software Engineer
535,Marketing,Manager
536,Operations,Marketing Executive
537,Sales,Software Engineer
538,IT,Trainer
539,Finance,Software Engineer
540,Operations,Trainer
541,Operations,Software Engineer
542,Sales,Data Analyst
543,Finance,Data Analyst
544,IT,Data Analyst
545,Operations,Manager
546,Marketing,Trainer
547,Finance,Data Analyst
548,Operations,Software Engineer
549,Operations,Trainer
550,IT,Software Engineer
551,Operations,Manager
552,HR,Software Engineer
553,Marketing,Marketing Executive
554,Sales,Trainer
555,Operations,Manager
556,Operations,Marketing Executive
557,HR,Marketing Executive
558,Sales,Trainer
559,Operations,Software Engineer
560,HR,Software Engineer
561,HR,Software Engineer
562,HR,Marketing Executive
563,IT,Manager
564,Marketing,Trainer
565,HR,Trainer
566,Finance,Data Analyst
567,Sales,Manager
568,IT,Software Engineer
569,Finance,Software Engineer
570,Marketing,Marketing Executive
571,Operations,Marketing Executive
572,Sales,Software Engineer
573,HR,Marketing Executive
574,Operations,Software Engineer
575,HR,Marketing Executive
576,Finance,Trainer
577,HR,Trainer
578,Sales,Marketing Executive
579,HR,Software Engineer
580,Marketing,Data Analyst
581,Operations,Trainer
582,Operations,Software Engineer
583,Sales,Trainer
584,Sales,Software Engineer
585,Sales,Data Analyst
586,Operations,Manager
587,HR,Marketing Executive
588,Operations,Trainer
589,Finance,Software Engineer
590,IT,Software Engineer
591,Finance,Trainer
592,Operations,Trainer
593,HR,Trainer
594,IT,Trainer
595,Operations,Manager
596,IT,Data Analyst
597,Marketing,Software Engineer
598,Marketing,Marketing Executive
599,Operations,Data Analyst
600,Finance,Marketing Executive
601,Sales,Manager
602,IT,Trainer
603,HR,Manager
604,Marketing,Data Analyst
605,IT,Manager
606,Sales,Trainer
607,Finance,Trainer
608,IT,Trainer
609,Marketing,Manager
610,IT,Data Analyst
611,Operations,Trainer
612,Operations,Manager
613,Operations,Manager
614,Marketing,Software Engineer
615,Operations,Software Engineer
616,Sales,Manager
617,Marketing,Software Engineer
618,IT,Trainer
619,HR,Marketing Executive
620,Operations,Trainer
621,Finance,Marketing Executive
622,IT,Marketing Executive
623,IT,Software Engineer
624,Operations,Data Analyst
625,Sales,Data Analyst
626,Finance,Marketing Executive
627,Marketing,Trainer
628,Finance,Trainer
629,Marketing,Data Analyst
630,Finance,Data Analyst
631,Marketing,Software Engineer
632,Operations,Manager
633,Marketing,Marketing Executive
634,Marketing,Manager
635,Marketing,Marketing Executive
636,Finance,Marketing Executive
637,Finance,Manager
638,Marketing,Trainer
639,Operations,Manager
640,Operations,Data Analyst
641,Sales,Software Engineer
642,IT,Manager
643,Operations,Software Engineer
644,Operations,Software Engineer
645,IT,Data Analyst
646,Marketing,Trainer
647,Sales,Manager
648,Operations,Trainer
649,Operations,Trainer
650,Operations,Manager
651,HR,Marketing Executive
652,IT,Data Analyst
653,Sales,Trainer
654,IT,Marketing Executive
655,Operations,Trainer
656,HR,Software Engineer
657,IT,Marketing Executive
658,Sales,Data Analyst
659,Sales,Trainer
660,Operations,Manager
661,Marketing,Marketing Executive
662,Operations,Trainer
663,IT,Software Engineer
664,IT,Software Engineer
665,Finance,Marketing Executive
666,Operations,Trainer
667,Sales,Software Engineer
668,IT,Trainer
669,Operations,Software Engineer
670,Finance,Marketing Executive
671,HR,Manager
672,Sales,Trainer
673,HR,Manager
674,IT,Marketing Executive
675,Marketing,Manager
676,IT,Software Engineer
677,IT,Software Engineer
678,Marketing,Data Analyst
679,Finance,Software Engineer
680,Marketing,Data Analyst
681,IT,Marketing Executive
682,HR,Data Analyst
683,Operations,Data Analyst
684,Finance,Trainer
685,HR,Marketing Executive
686,Finance,Manager
687,Marketing,Software Engineer
688,Operations,Data Analyst
689,Operations,Manager
690,HR,Trainer
691,Sales,Manager
692,IT,Software Engineer
693,Operations,Trainer
694,Marketing,Software Engineer
695,Marketing,Manager
696,Marketing,Trainer
697,Finance,Trainer
698,Operations,Software Engineer
699,IT,Data Analyst
700,Operations,Trainer
701,Sales,Manager
702,Finance,Software Engineer
703,Finance,Data Analyst
704,Operations,Data Analyst
705,Marketing,Data Analyst
706,IT,Data Analyst
707,Operations,Trainer
708,Operations,Software Engineer
709,Operations,Data Analyst
710,IT,Manager
711,Finance,Trainer
712,IT,Manager
713,Finance,Trainer
714,Sales,Trainer
715,IT,Marketing Executive
716,HR,Manager
717,IT,Manager
718,IT,Data Analyst
719,HR,Software Engineer
720,HR,Data Analyst
721,Finance,Software Engineer
722,Finance,Software Engineer
723,Sales,Marketing Executive
724,Marketing,Data Analyst
725,Marketing,Software Engineer
726,HR,Marketing Executive
727,Marketing,Software Engineer
728,HR,Data Analyst
729,Finance,Trainer
730,IT,Manager
731,Sales,Manager
732,Finance,Data Analyst
733,IT,Data Analyst
734,HR,Data Analyst
735,Operations,Manager
736,Finance,Data Analyst
737,Marketing,Trainer
738,Sales,Manager
739,IT,Data Analyst
740,Operations,Marketing Executive
741,Operations,Trainer
742,Finance,Software Engineer
743,Marketing,Software Engineer
744,HR,Marketing Executive
745,IT,Manager
746,Marketing,Trainer
747,Finance,Marketing Executive
748,Operations,Data Analyst
749,Operations,Marketing Executive
750,Sales,Manager
751,Marketing,Manager
752,Finance,Marketing Executive
753,HR,Trainer
754,Operations,Data Analyst
755,Finance,Data Analyst
756,Marketing,Data Analyst
757,HR,Marketing Executive
758,HR,Manager
759,Operations,Software Engineer
760,IT,Trainer
761,Operations,Software Engineer
762,Marketing,Manager
763,Finance,Marketing Executive
764,Finance,Marketing Executive
765,IT,Data Analyst
766,Operations,Marketing Executive
767,Finance,Software Engineer
768,Finance,Manager
769,Operations,Marketing Executive
770,Operations,Software Engineer
771,Marketing,Trainer
772,Operations,Trainer
773,Marketing,Trainer
774,Operations,Marketing Executive
775,Sales,Data Analyst
776,Finance,Marketing Executive
777,Operations,Manager
778,Sales,Data Analyst
779,IT,Data Analyst
780,Marketing,Software Engineer
781,Finance,Marketing Executive
782,Finance,Data Analyst
783,Operations,Marketing Executive
784,Finance,Data Analyst
785,Marketing,Data Analyst
786,Sales,Software Engineer
787,Sales,Trainer
788,Operations,Manager
789,Operations,Software Engineer
790,Finance,Data Analyst
791,Sales,Software Engineer
792,Marketing,Marketing Executive
793,Finance,Manager
794,Sales,Trainer
795,Finance,Manager
796,Sales,Marketing Executive
797,HR,Trainer
798,IT,Software Engineer
799,IT,Data Analyst
800,Finance,Data Analyst
801,Finance,Data Analyst
802,Finance,Marketing Executive
803,HR,Marketing Executive
804,HR,Software Engineer
805,Operations,Marketing Executive
806,Marketing,Data Analyst
807,Operations,Software Engineer
808,IT,Marketing Executive
809,Marketing,Trainer
810,Sales,Trainer
811,Finance,Marketing Executive
812,Operations,Software Engineer
813,Finance,Data Analyst
814,Sales,Software Engineer
815,Operations,Trainer
816,Finance,Software Engineer
817,Operations,Data Analyst
818,IT,Manager
819,HR,Data Analyst
820,HR,Manager
821,Finance,Marketing Executive
822,IT,Marketing Executive
823,HR,Trainer
824,HR,Marketing Executive
825,HR,Manager
826,Operations,Manager
827,HR,Data Analyst
828,HR,Manager
829,Finance,Trainer
830,Finance,Trainer
831,Sales,Data Analyst
832,IT,Trainer
833,HR,Trainer
834,Marketing,Software Engineer
835,Sales,Trainer
836,HR,Data Analyst
837,Operations,Data Analyst
838,Operations,Software Engineer
839,Sales,Manager
840,HR,Software Engineer
841,HR,Trainer
842,Operations,Trainer
843,HR,Data Analyst
844,HR,Data Analyst
845,HR,Manager
846,Sales,Marketing Executive
847,Operations,Marketing Executive
848,Sales,Data Analyst
849,Sales,Software Engineer
850,Marketing,Marketing Executive
851,Operations,Manager
852,Finance,Manager
853,HR,Manager
854,Marketing,Marketing Executive
855,IT,Trainer
856,IT,Manager
857,IT,Data Analyst
858,Finance,Data Analyst
859,HR,Manager
860,IT,Trainer
861,Sales,Software Engineer
862,Finance,Trainer
863,Marketing,Software Engineer
864,Sales,Trainer
865,Marketing,Manager
866,Operations,Manager
867,HR,Data Analyst
868,IT,Trainer
869,Operations,Marketing Executive
870,Operations,Data Analyst
871,HR,Data Analyst
872,Operations,Trainer
873,Operations,Trainer
874,Operations,Marketing Executive
875,HR,Software Engineer
876,Marketing,Trainer
877,Marketing,Data Analyst
878,IT,Marketing Executive
879,IT,Trainer
880,Finance,Marketing Executive
881,HR,Manager
882,Marketing,Marketing Executive
883,HR,Trainer
884,Sales,Trainer
885,HR,Software Engineer
886,Operations,Manager
887,Marketing,Marketing Executive
888,Marketing,Data Analyst
889,Operations,Manager
890,HR,Software Engineer
891,Operations,Marketing Executive
892,Marketing,Software Engineer
893,Marketing,Data Analyst
894,Marketing,Software Engineer
895,HR,Trainer
896,Sales,Trainer
897,HR,Data Analyst
898,Marketing,Trainer
899,Finance,Software Engineer
900,Finance,Software Engineer
901,IT,Data Analyst
902,Sales,Trainer
903,Operations,Trainer
904,Operations,Marketing Executive
905,HR,Marketing Executive
906,Sales,Data Analyst
907,IT,Software Engineer
908,IT,Manager
909,Operations,Software Engineer
910,Marketing,Marketing Executive
911,Sales,Manager
912,HR,Trainer
913,Sales,Data Analyst
914,Marketing,Software Engineer
915,Sales,Software Engineer
916,IT,Marketing Executive
917,Operations,Software Engineer
918,Finance,Data Analyst
919,HR,Manager
920,Marketing,Software Engineer
921,HR,Trainer
922,Sales,Trainer
923,IT,Marketing Executive
924,IT,Trainer
925,Marketing,Data Analyst
926,HR,Marketing Executive
927,Operations,Software Engineer
928,IT,Software Engineer
929,Operations,Marketing Executive
930,Marketing,Marketing Executive
931,Operations,Marketing Executive
932,Sales,Trainer
933,Operations,Trainer
934,Sales,Data Analyst
935,Operations,Data Analyst
936,Operations,Marketing Executive
937,Operations,Trainer
938,HR,Marketing Executive
939,Marketing,Trainer
940,Operations,Trainer
941,Finance,Manager
942,Sales,Marketing Executive
943,IT,Trainer
944,Marketing,Manager
945,HR,Data Analyst
946,Marketing,Data Analyst
947,Marketing,Software Engineer
948,Finance,Marketing Executive
949,Finance,Marketing Executive
950,Finance,Software Engineer
951,Finance,Marketing Executive
952,Finance,Software Engineer
953,Marketing,Software Engineer
954,Marketing,Manager
955,IT,Software Engineer
956,HR,Trainer
957,Sales,Trainer
958,HR,Marketing Executive
959,Sales,Trainer
960,Sales,Software Engineer
961,IT,Manager
962,IT,Software Engineer
963,Operations,Marketing Executive
964,Marketing,Manager
965,IT,Data Analyst
966,Finance,Trainer
967,Finance,Software Engineer
968,Marketing,Marketing Executive
969,Sales,Data Analyst
970,IT,Manager
971,Finance,Manager
972,Finance,Software Engineer
973,Finance,Marketing Executive
974,IT,Trainer
975,Marketing,Trainer
976,Sales,Marketing Executive
977,Marketing,Data Analyst
978,Sales,Software Engineer
979,IT,Software Engineer
980,Sales,Marketing Executive
981,Operations,Manager
982,Operations,Software Engineer
983,Operations,Data Analyst
984,Operations,Software Engineer
985,Finance,Data Analyst
986,Sales,Software Engineer
987,HR,Software Engineer
988,HR,Software Engineer
989,HR,Marketing Executive
990,Sales,Marketing Executive
991,Finance,Manager
992,Finance,Marketing Executive
993,IT,Data Analyst
994,Operations,Trainer
995,Marketing,Manager
996,Marketing,Manager
997,HR,Data Analyst
998,Operations,Software Engineer
999,IT,Trainer
1000,IT,Trainer
1001,Marketing,Software Engineer
1002,IT,Marketing Executive
1003,HR,Trainer
1004,Operations,Marketing Executive
1005,IT,Software Engineer
1006,Operations,Trainer
1007,Sales,Marketing Executive
1008,Operations,Data Analyst
1009,Finance,Marketing Executive
1010,IT,Software Engineer
1011,Finance,Data Analyst
1012,Finance,Manager
1013,Marketing,Trainer
1014,Sales,Manager
1015,Marketing,Manager
1016,Operations,Data Analyst
1017,IT,Marketing Executive
1018,IT,Manager
1019,HR,Software Engineer
1020,IT,Marketing Executive
1021,Finance,Trainer
1022,HR,Software Engineer
1023,Marketing,Software Engineer
1024,HR,Software Engineer
1025,Finance,Marketing Executive
1026,Sales,Manager
1027,IT,Trainer
1028,Finance,Trainer
1029,Marketing,Software Engineer
1030,Marketing,Trainer
1031,Marketing,Data Analyst
1032,Operations,Trainer
1033,Operations,Software Engineer
1034,HR,Software Engineer
1035,HR,Trainer
1036,Sales,Trainer
1037,IT,Trainer
1038,Sales,Data Analyst
1039,Finance,Manager
1040,Finance,Data Analyst
1041,Operations,Data Analyst
1042,Sales,Software Engineer
1043,Operations,Manager
1044,IT,Software Engineer
1045,HR,Trainer
1046,Operations,Marketing Executive
1047,Marketing,Software Engineer
1048,Operations,Software Engineer
1049,Finance,Manager
1050,IT,Marketing Executive
1051,IT,Software Engineer
1052,Operations,Manager
1053,Marketing,Manager
1054,Marketing,Trainer
1055,Sales,Software Engineer
1056,HR,Software Engineer
1057,Operations,Trainer
1058,HR,Manager
1059,Operations,Trainer
1060,Sales,Marketing Executive
1061,HR,Software Engineer
1062,IT,Trainer
1063,Sales,Data Analyst
1064,Sales,Software Engineer
1065,Sales,Trainer
1066,IT,Marketing Executive
1067,IT,Software Engineer
1068,Marketing,Software Engineer
1069,HR,Manager
1070,Finance,Software Engineer
1071,IT,Trainer
1072,Finance,Marketing Executive
1073,Operations,Manager
1074,Marketing,Manager
1075,Finance,Trainer
1076,Finance,Marketing Executive
1077,Marketing,Manager
1078,Sales,Data Analyst
1079,HR,Marketing Executive
1080,Sales,Trainer
1081,HR,Software Engineer
1082,Marketing,Software Engineer
1083,HR,Data Analyst
1084,Operations,Trainer
1085,Operations,Data Analyst
1086,IT,Trainer
1087,Finance,Software Engineer
1088,IT,Data Analyst
1089,HR,Marketing Executive
1090,Sales,Trainer
1091,HR,Trainer
1092,HR,Software Engineer
1093,IT,Marketing Executive
1094,HR,Software Engineer
1095,IT,Data Analyst
1096,Finance,Trainer
1097,Operations,Software Engineer
1098,Sales,Trainer
1099,Marketing,Software Engineer
1100,HR,Marketing Executive
1101,Operations,Trainer
1102,Marketing,Manager
1103,Sales,Marketing Executive
1104,Finance,Marketing Executive
1105,Finance,Trainer
1106,HR,Manager
1107,Sales,Marketing Executive
1108,HR,Marketing Executive
1109,HR,Software Engineer
1110,Marketing,Data Analyst
1111,Marketing,Trainer
1112,Operations,Trainer
1113,IT,Data Analyst
1114,Marketing,Software Engineer
1115,Sales,Trainer
1116,Operations,Trainer
1117,Operations,Manager
1118,Marketing,Data Analyst
1119,IT,Trainer
1120,Operations,Trainer
1121,IT,Software Engineer
1122,Finance,Software Engineer
1123,IT,Trainer
1124,Sales,Manager
1125,IT,Data Analyst
1126,Operations,Marketing Executive
1127,Operations,Data Analyst
1128,Sales,Trainer
1129,Operations,Marketing Executive
1130,HR,Data Analyst
1131,Finance,Manager
1132,HR,Software Engineer
1133,Operations,Marketing Executive
1134,IT,Data Analyst
1135,Sales,Marketing Executive
1136,HR,Marketing Executive
1137,Marketing,Data Analyst
1138,Sales,Manager
1139,IT,Data Analyst
1140,Marketing,Manager
1141,Marketing,Data Analyst
1142,Sales,Marketing Executive
1143,Operations,Marketing Executive
1144,IT,Software Engineer
1145,HR,Data Analyst
1146,Marketing,Trainer
1147,Marketing,Software Engineer
1148,Marketing,Software Engineer
1149,Finance,Data Analyst
1150,HR,Marketing Executive
1151,Marketing,Trainer
1152,Finance,Manager
1153,Marketing,Trainer
1154,HR,Data Analyst
1155,Operations,Marketing Executive
1156,IT,Trainer
1157,HR,Marketing Executive
1158,Sales,Marketing Executive
1159,Marketing,Manager
1160,Sales,Trainer
1161,IT,Manager
1162,Operations,Marketing Executive
1163,Sales,Marketing Executive
1164,Operations,Trainer
1165,Operations,Manager
1166,Marketing,Data Analyst
1167,Sales,Manager
1168,IT,Trainer
1169,HR,Manager
1170,Sales,Marketing Executive
1171,Marketing,Trainer
1172,Operations,Software Engineer
1173,Marketing,Trainer
1174,Marketing,Manager
1175,Marketing,Software Engineer
1176,Finance,Trainer
1177,Operations,Data Analyst
1178,Marketing,Trainer
1179,Operations,Software Engineer
1180,HR,Data Analyst
1181,Finance,Trainer
1182,IT,Data Analyst
1183,Marketing,Manager
1184,HR,Data Analyst
1185,Operations,Software Engineer
1186,Sales,Software Engineer
1187,Finance,Trainer
1188,Marketing,Software Engineer
1189,HR,Data Analyst
1190,HR,Trainer
1191,HR,Trainer
1192,Finance,Manager
1193,HR,Software Engineer
1194,Finance,Software Engineer
1195,IT,Trainer
1196,Operations,Data Analyst
1197,Finance,Manager
1198,IT,Manager
1199,IT,Manager
1200,Marketing,Software Engineer
1201,Marketing,Manager
1202,Finance,Marketing Executive
1203,HR,Data Analyst
1204,Marketing,Data Analyst
1205,Finance,Software Engineer
1206,Finance,Marketing Executive
1207,Finance,Manager
1208,IT,Trainer
1209,Finance,Marketing Executive
1210,HR,Software Engineer
1211,Sales,Manager
1212,Operations,Marketing Executive
1213,Marketing,Manager
1214,HR,Marketing Executive
1215,Marketing,Software Engineer
1216,Operations,Data Analyst
1217,IT,Marketing Executive
1218,Finance,Data Analyst
1219,HR,Trainer
1220,Sales,Marketing Executive
1221,Marketing,Data Analyst
1222,HR,Manager
1223,HR,Manager
1224,Marketing,Software Engineer
1225,Marketing,Trainer
1226,Operations,Manager
1227,Finance,Data Analyst
1228,IT,Manager
1229,HR,Manager
1230,Sales,Marketing Executive
1231,Sales,Trainer
1232,IT,Manager
1233,HR,Marketing Executive
1234,HR,Trainer
1235,Finance,Manager
1236,IT,Software Engineer
1237,HR,Data Analyst
1238,Marketing,Software Engineer
1239,IT,Software Engineer
1240,IT,Trainer
1241,Sales,Marketing Executive
1242,Finance,Marketing Executive
1243,Operations,Marketing Executive
1244,IT,Trainer
1245,Operations,Manager
1246,Finance,Data Analyst
1247,HR,Software Engineer
1248,IT,Manager
1249,Operations,Marketing Executive
1250,Sales,Manager
1251,Operations,Data Analyst
1252,Operations,Marketing Executive
1253,HR,Manager
1254,Operations,Manager
1255,IT,Marketing Executive
1256,Operations,Manager
1257,IT,Trainer
1258,Finance,Manager
1259,Operations,Data Analyst
1260,Finance,Marketing Executive
1261,Marketing,Marketing Executive
1262,Sales,Trainer
1263,Operations,Data Analyst
1264,Operations,Marketing Executive
1265,Sales,Marketing Executive
1266,Finance,Software Engineer
1267,HR,Manager
1268,Finance,Data Analyst
1269,Operations,Data Analyst
1270,Marketing,Manager
1271,Finance,Data Analyst
1272,IT,Trainer
1273,Sales,Software Engineer
1274,HR,Software Engineer
1275,Sales,Trainer
1276,Sales,Manager
1277,HR,Marketing Executive
1278,Marketing,Software Engineer
1279,Finance,Trainer
1280,HR,Data Analyst
1281,IT,Trainer
1282,Marketing,Data Analyst
1283,Finance,Software Engineer
1284,Sales,Data Analyst
1285,Sales,Manager
1286,Sales,Software Engineer
1287,Marketing,Manager
1288,IT,Data Analyst
1289,IT,Trainer
1290,IT,Marketing Executive
1291,Sales,Data Analyst
1292,Marketing,Data Analyst
1293,HR,Software Engineer
1294,IT,Data Analyst
1295,Finance,Trainer
1296,Sales,Trainer
1297,HR,Manager
1298,Operations,Data Analyst
1299,IT,Trainer
1300,Sales,Marketing Executive
1301,IT,Software Engineer
1302,Finance,Data Analyst
1303,HR,Marketing Executive
1304,Operations,Software Engineer
1305,Finance,Manager
1306,Operations,Software Engineer
1307,Finance,Trainer
1308,IT,Software Engineer
1309,HR,Trainer
1310,Sales,Marketing Executive
1311,Operations,Manager
1312,IT,Marketing Executive
1313,Sales,Software Engineer
1314,Marketing,Software Engineer
1315,IT,Data Analyst
1316,Marketing,Manager
1317,Finance,Software Engineer
1318,Marketing,Data Analyst
1319,Finance,Software Engineer
1320,IT,Trainer
1321,Finance,Software Engineer
1322,HR,Data Analyst
1323,IT,Marketing Executive
1324,Finance,Marketing Executive
1325,Sales,Manager
1326,IT,Software Engineer
1327,Marketing,Trainer
1328,Marketing,Data Analyst
1329,Operations,Data Analyst
1330,Marketing,Trainer
1331,IT,Trainer
1332,Finance,Software Engineer
1333,Finance,Software Engineer
1334,Finance,Data Analyst
1335,Operations,Software Engineer
1336,Operations,Manager
1337,IT,Manager
1338,HR,Software Engineer
1339,Marketing,Trainer
1340,HR,Manager
1341,IT,Trainer
1342,Marketing,Manager
1343,HR,Software Engineer
1344,Marketing,Data Analyst
1345,Finance,Software Engineer
1346,Finance,Data Analyst
1347,Finance,Marketing Executive
1348,HR,Marketing Executive
1349,HR,Data Analyst
1350,Marketing,Manager
1351,IT,Data Analyst
1352,Marketing,Data Analyst
1353,Sales,Manager
1354,HR,Trainer
1355,Finance,Software Engineer
1356,HR,Manager
1357,Finance,Manager
1358,HR,Data Analyst
1359,Finance,Manager
1360,Sales,Marketing Executive
1361,HR,Software Engineer
1362,Operations,Marketing Executive
1363,Finance,Data Analyst
1364,HR,Trainer
1365,HR,Trainer
1366,IT,Marketing Executive
1367,Sales,Manager
1368,HR,Software Engineer
1369,Marketing,Trainer
1370,IT,Manager
1371,IT,Trainer
1372,Marketing,Trainer
1373,Finance,Software Engineer
1374,IT,Marketing Executive
1375,HR,Software Engineer
1376,HR,Software Engineer
1377,Operations,Trainer
1378,Sales,Manager
1379,Operations,Software Engineer
1380,Operations,Trainer
1381,Finance,Data Analyst
1382,HR,Data Analyst
1383,HR,Manager
1384,Sales,Manager
1385,Finance,Data Analyst
1386,Sales,Trainer
1387,Operations,Data Analyst
1388,Operations,Software Engineer
1389,HR,Trainer
1390,Sales,Manager
1391,IT,Software Engineer
1392,Marketing,Data Analyst
1393,Marketing,Trainer
1394,Operations,Trainer
1395,Sales,Data Analyst
1396,HR,Manager
1397,Marketing,Software Engineer
1398,Finance,Manager
1399,Marketing,Manager
1400,Operations,Manager
1401,Sales,Data Analyst
1402,Finance,Marketing Executive
1403,Marketing,Data Analyst
1404,Sales,Data Analyst
1405,HR,Software Engineer
1406,Finance,Data Analyst
1407,Finance,Software Engineer
1408,IT,Data Analyst
1409,Sales,Software Engineer
1410,Finance,Software Engineer
1411,Operations,Data Analyst
1412,Finance,Marketing Executive
1413,HR,Manager
1414,IT,Software Engineer
1415,Sales,Marketing Executive
1416,Marketing,Trainer
1417,IT,Trainer
1418,Marketing,Marketing Executive
1419,IT,Marketing Executive
1420,Sales,Manager
1421,IT,Software Engineer
1422,Sales,Data Analyst
1423,Operations,Trainer
1424,IT,Manager
1425,IT,Marketing Executive
1426,Sales,Marketing Executive
1427,Operations,Data Analyst
1428,Marketing,Marketing Executive
1429,Finance,Trainer
1430,Sales,Trainer
1431,Operations,Manager
1432,Finance,Manager
1433,HR,Manager
1434,Operations,Trainer
1435,IT,Manager
1436,Operations,Manager
1437,IT,Trainer
1438,HR,Manager
1439,Sales,Manager
1440,HR,Marketing Executive
1441,IT,Trainer
1442,Operations,Manager
1443,IT,Manager
1444,Marketing,Manager
1445,Finance,Trainer
1446,IT,Marketing Executive
1447,Marketing,Marketing Executive
1448,HR,Software Engineer
1449,Finance,Software Engineer
1450,IT,Marketing Executive
1451,Sales,Software Engineer
1452,Finance,Trainer
1453,HR,Software Engineer
1454,Marketing,Trainer
1455,IT,Manager
1456,HR,Marketing Executive
1457,Finance,Marketing Executive
1458,Finance,Data Analyst
1459,IT,Manager
1460,Operations,Software Engineer
1461,IT,Data Analyst
1462,Marketing,Manager
1463,IT,Trainer
1464,HR,Manager
1465,Finance,Trainer
1466,Marketing,Data Analyst
1467,Sales,Manager
1468,Sales,Software Engineer
1469,HR,Manager
1470,IT,Marketing Executive
1471,Operations,Trainer
1472,IT,Manager
1473,HR,Data Analyst
1474,IT,Data Analyst
1475,Sales,Software Engineer
1476,Sales,Data Analyst
1477,Marketing,Data Analyst
1478,Operations,Software Engineer
1479,Operations,Trainer
1480,Finance,Marketing Executive
1481,Operations,Manager
1482,Operations,Software Engineer
1483,HR,Software Engineer
1484,Operations,Manager
1485,Finance,Trainer
1486,HR,Data Analyst
1487,Finance,Trainer
1488,IT,Marketing Executive
1489,HR,Software Engineer
1490,Operations,Marketing Executive
1491,IT,Manager
1492,Finance,Data Analyst
1493,HR,Trainer
1494,Marketing,Data Analyst
1495,IT,Trainer
1496,Marketing,Data Analyst
1497,Sales,Software Engineer
1498,Operations,Trainer
1499,HR,Trainer
1500,IT,Software Engineer
1501,Finance,Software Engineer
1502,Finance,Data Analyst
1503,Marketing,Software Engineer
1504,IT,Manager
1505,Marketing,Data Analyst
1506,Finance,Software Engineer
1507,Finance,Trainer
1508,IT,Marketing Executive
1509,Marketing,Data Analyst
1510,HR,Data Analyst
1511,Marketing,Data Analyst
1512,Finance,Software Engineer
1513,Marketing,Software Engineer
1514,Marketing,Data Analyst
1515,Marketing,Data Analyst
1516,Finance,Marketing Executive
1517,Marketing,Trainer
1518,Operations,Data Analyst
1519,HR,Marketing Executive
1520,Operations,Software Engineer
1521,IT,Software Engineer
1522,Operations,Data Analyst
1523,HR,Marketing Executive
1524,HR,Trainer
1525,Sales,Marketing Executive
1526,Operations,Trainer
1527,Sales,Data Analyst
1528,Marketing,Trainer
1529,Finance,Software Engineer
1530,Finance,Marketing Executive
1531,Marketing,Manager
1532,Marketing,Software Engineer
1533,Operations,Manager
1534,Finance,Software Engineer
1535,Finance,Trainer
1536,HR,Trainer
1537,Marketing,Trainer
1538,Operations,Manager
1539,Marketing,Software Engineer
1540,Operations,Marketing Executive
1541,IT,Manager
1542,Operations,Trainer
1543,IT,Trainer
1544,HR,Marketing Executive
1545,Sales,Data Analyst
1546,HR,Manager
1547,IT,Trainer
1548,IT,Trainer
1549,Operations,Marketing Executive
1550,Sales,Marketing Executive
1551,Finance,Marketing Executive
1552,IT,Data Analyst
1553,Operations,Data Analyst
1554,Marketing,Manager
1555,Finance,Marketing Executive
1556,HR,Data Analyst
1557,IT,Data Analyst
1558,Marketing,Data Analyst
1559,Sales,Manager
1560,IT,Trainer
1561,IT,Marketing Executive
1562,HR,Trainer
1563,Marketing,Manager
1564,Finance,Manager
1565,Operations,Trainer
1566,Sales,Software Engineer
1567,Operations,Marketing Executive
1568,Sales,Marketing Executive
1569,Sales,Data Analyst
1570,Finance,Marketing Executive
1571,Marketing,Manager
1572,HR,Software Engineer
1573,Finance,Marketing Executive
1574,Marketing,Trainer
1575,Sales,Manager
1576,Operations,Marketing Executive
1577,HR,Data Analyst
1578,HR,Data Analyst
1579,IT,Data Analyst
1580,Operations,Software Engineer
1581,Operations,Marketing Executive
1582,IT,Trainer
1583,Finance,Marketing Executive
1584,Operations,Marketing Executive
1585,Operations,Software Engineer
1586,HR,Software Engineer
1587,Operations,Marketing Executive
1588,Sales,Manager
1589,HR,Marketing Executive
1590,Marketing,Software Engineer
1591,IT,Manager
1592,HR,Software Engineer
1593,IT,Manager
1594,IT,Software Engineer
1595,Marketing,Software Engineer
1596,IT,Trainer
1597,IT,Data Analyst
1598,IT,Manager
1599,Marketing,Data Analyst
1600,Finance,Marketing Executive
1601,IT,Software Engineer
1602,Marketing,Marketing Executive
1603,Operations,Trainer
1604,Operations,Trainer
1605,Sales,Manager
1606,Sales,Manager
1607,Operations,Software Engineer
1608,IT,Marketing Executive
1609,IT,Trainer
1610,Sales,Manager
1611,HR,Marketing Executive
1612,HR,Data Analyst
1613,HR,Marketing Executive
1614,IT,Data Analyst
1615,Operations,Trainer
1616,Finance,Software Engineer
1617,IT,Trainer
1618,HR,Software Engineer
1619,Finance,Marketing Executive
1620,HR,Marketing Executive
1621,Marketing,Trainer
1622,Operations,Data Analyst
1623,Marketing,Manager
1624,IT,Trainer
1625,IT,Software Engineer
1626,Sales,Marketing Executive
1627,Sales,Software Engineer
1628,Finance,Software Engineer
1629,Operations,Marketing Executive
1630,Sales,Trainer
1631,Finance,Data Analyst
1632,Marketing,Trainer
1633,Finance,Manager
1634,Operations,Trainer
1635,Operations,Manager
1636,Operations,Manager
1637,Finance,Software Engineer
1638,Operations,Trainer
1639,IT,Marketing Executive
1640,Marketing,Trainer
1641,IT,Software Engineer
1642,IT,Marketing Executive
1643,Finance,Data Analyst
1644,HR,Data Analyst
1645,Marketing,Marketing Executive
1646,Sales,Data Analyst
1647,IT,Software Engineer
1648,Sales,Marketing Executive
1649,IT,Data Analyst
1650,Sales,Data Analyst
1651,Marketing,Marketing Executive
1652,Marketing,Trainer
1653,Finance,Manager
1654,HR,Manager
1655,IT,Manager
1656,IT,Software Engineer
1657,Finance,Trainer
1658,Finance,Trainer
1659,IT,Software Engineer
1660,Marketing,Marketing Executive
1661,Operations,Marketing Executive
1662,Sales,Marketing Executive
1663,Sales,Marketing Executive
1664,HR,Manager
1665,Operations,Marketing Executive
1666,Sales,Software Engineer
1667,IT,Manager
1668,Operations,Marketing Executive
1669,Finance,Data Analyst
1670,IT,Manager
1671,HR,Data Analyst
1672,IT,Software Engineer
1673,IT,Manager
1674,Finance,Marketing Executive
1675,HR,Marketing Executive
1676,Operations,Software Engineer
1677,IT,Data Analyst
1678,IT,Marketing Executive
1679,Marketing,Trainer
1680,IT,Marketing Executive
1681,Finance,Data Analyst
1682,Marketing,Software Engineer
1683,Operations,Software Engineer
1684,Marketing,Marketing Executive
1685,Sales,Marketing Executive
1686,Marketing,Manager
1687,Marketing,Data Analyst
1688,Marketing,Trainer
1689,Finance,Marketing Executive
1690,Finance,Manager
1691,HR,Trainer
1692,Marketing,Data Analyst
1693,Sales,Marketing Executive
1694,Operations,Manager
1695,Finance,Marketing Executive
1696,Operations,Trainer
1697,Operations,Manager
1698,Operations,Manager
1699,IT,Software Engineer
1700,Sales,Marketing Executive
1701,Finance,Marketing Executive
1702,IT,Marketing Executive
1703,Marketing,Data Analyst
1704,Operations,Data Analyst
1705,Finance,Software Engineer
1706,Finance,Trainer
1707,Finance,Manager
1708,HR,Software Engineer
1709,HR,Software Engineer
1710,Sales,Data Analyst
1711,Operations,Software Engineer
1712,HR,Data Analyst
1713,Sales,Marketing Executive
1714,HR,Marketing Executive
1715,Finance,Marketing Executive
1716,Finance,Data Analyst
1717,Operations,Data Analyst
1718,Marketing,Manager
1719,IT,Software Engineer
1720,Operations,Manager
1721,HR,Data Analyst
1722,IT,Software Engineer
1723,Finance,Data Analyst
1724,Sales,Trainer
1725,HR,Software Engineer
1726,IT,Software Engineer
1727,Finance,Data Analyst
1728,Sales,Marketing Executive
1729,Marketing,Data Analyst
1730,Sales,Software Engineer
1731,IT,Trainer
1732,Sales,Marketing Executive
1733,Finance,Marketing Executive
1734,HR,Trainer
1735,HR,Marketing Executive
1736,Finance,Trainer
1737,Sales,Marketing Executive
1738,HR,Manager
1739,Sales,Data Analyst
1740,HR,Software Engineer
1741,Marketing,Marketing Executive
1742,Operations,Software Engineer
1743,HR,Software Engineer
1744,Sales,Manager
1745,IT,Manager
1746,IT,Data Analyst
1747,Sales,Marketing Executive
1748,Sales,Data Analyst
1749,HR,Data Analyst
1750,IT,Trainer
1751,IT,Manager
1752,Marketing,Manager
1753,HR,Data Analyst
1754,Finance,Trainer
1755,HR,Software Engineer
1756,Operations,Trainer
1757,Marketing,Software Engineer
1758,Operations,Trainer
1759,Finance,Manager
1760,Marketing,Software Engineer
1761,Operations,Trainer
1762,HR,Trainer
1763,HR,Software Engineer
1764,Finance,Trainer
1765,IT,Data Analyst
1766,Finance,Manager
1767,HR,Software Engineer
1768,Sales,Manager
1769,Marketing,Software Engineer
1770,Sales,Data Analyst
1771,Operations,Manager
1772,Finance,Manager
1773,IT,Trainer
1774,Sales,Manager
1775,Finance,Software Engineer
1776,Marketing,Marketing Executive
1777,Marketing,Marketing Executive
1778,IT,Trainer
1779,Marketing,Software Engineer
1780,Operations,Marketing Executive
1781,Sales,Software Engineer
1782,Marketing,Marketing Executive
1783,Marketing,Manager
1784,HR,Manager
1785,Finance,Data Analyst
1786,Marketing,Manager
1787,IT,Data Analyst
1788,IT,Trainer
1789,Marketing,Software Engineer
1790,Sales,Data Analyst
1791,Marketing,Software Engineer
1792,Sales,Manager
1793,Finance,Manager
1794,IT,Data Analyst
1795,IT,Manager
1796,Finance,Software Engineer
1797,Finance,Data Analyst
1798,Sales,Manager
1799,Sales,Marketing Executive
1800,Finance,Marketing Executive
1801,Marketing,Manager
1802,Operations,Data Analyst
1803,HR,Trainer
1804,HR,Software Engineer
1805,Sales,Trainer
1806,Operations,Manager
1807,Operations,Marketing Executive
1808,IT,Manager
1809,Sales,Marketing Executive
1810,Marketing,Manager
1811,HR,Software Engineer
1812,Sales,Software Engineer
1813,Marketing,Marketing Executive
1814,IT,Manager
1815,HR,Data Analyst
1816,Operations,Manager
1817,HR,Trainer
1818,Finance,Manager
1819,Sales,Marketing Executive
1820,Operations,Data Analyst
1821,Sales,Data Analyst
1822,IT,Software Engineer
1823,Marketing,Marketing Executive
1824,Finance,Marketing Executive
1825,HR,Trainer
1826,Sales,Marketing Executive
1827,Sales,Marketing Executive
1828,IT,Trainer
1829,Finance,Trainer
1830,Marketing,Marketing Executive
1831,Sales,Data Analyst
1832,Marketing,Trainer
1833,Sales,Software Engineer
1834,IT,Manager
1835,Finance,Manager
1836,Finance,Data Analyst
1837,Sales,Marketing Executive
1838,Operations,Trainer
1839,Operations,Data Analyst
1840,Operations,Software Engineer
1841,Marketing,Trainer
1842,Sales,Marketing Executive
1843,Sales,Marketing Executive
1844,Marketing,Manager
1845,Operations,Trainer
1846,IT,Manager
1847,Sales,Software Engineer
1848,Marketing,Manager
1849,IT,Marketing Executive
1850,HR,Marketing Executive
1851,HR,Manager
1852,Sales,Manager
1853,IT,Trainer
1854,HR,Trainer
1855,Marketing,Data Analyst
1856,Operations,Marketing Executive
1857,Operations,Trainer
1858,IT,Marketing Executive
1859,HR,Manager
1860,Marketing,Trainer
1861,HR,Trainer
1862,Sales,Marketing Executive
1863,HR,Software Engineer
1864,Marketing,Software Engineer
1865,Marketing,Manager
1866,Sales,Software Engineer
1867,Finance,Trainer
1868,IT,Trainer
1869,Marketing,Manager
1870,Sales,Trainer
1871,HR,Software Engineer
1872,Finance,Manager
1873,IT,Software Engineer
1874,Sales,Marketing Executive
1875,Finance,Marketing Executive
1876,HR,Manager
1877,Marketing,Marketing Executive
1878,Sales,Trainer
1879,Marketing,Data Analyst
1880,IT,Trainer
1881,HR,Software Engineer
1882,Operations,Manager
1883,Sales,Data Analyst
1884,Marketing,Manager
1885,HR,Trainer
1886,Operations,Trainer
1887,Marketing,Data Analyst
1888,IT,Manager
1889,Operations,Data Analyst
1890,Marketing,Marketing Executive
1891,IT,Manager
1892,Sales,Software Engineer
1893,Sales,Software Engineer
1894,IT,Marketing Executive
1895,Sales,Marketing Executive
1896,Finance,Marketing Executive
1897,HR,Software Engineer
1898,Operations,Data Analyst
1899,HR,Trainer
1900,Marketing,Marketing Executive
1901,HR,Manager
1902,Finance,Marketing Executive
1903,IT,Software Engineer
1904,Sales,Software Engineer
1905,Sales,Marketing Executive
1906,Finance,Data Analyst
1907,IT,Trainer
1908,Sales,Manager
1909,Sales,Manager
1910,IT,Data Analyst
1911,Sales,Manager
1912,IT,Software Engineer
1913,HR,Data Analyst
1914,Finance,Trainer
1915,Marketing,Marketing Executive
1916,Marketing,Software Engineer
1917,IT,Software Engineer
1918,IT,Manager
1919,HR,Manager
1920,Operations,Data Analyst
1921,Finance,Manager
1922,Sales,Manager
1923,Operations,Marketing Executive
1924,Marketing,Software Engineer
1925,Marketing,Software Engineer
1926,Finance,Marketing Executive
1927,Operations,Manager
1928,HR,Data Analyst
1929,HR,Data Analyst
1930,HR,Marketing Executive
1931,Finance,Software Engineer
1932,HR,Marketing Executive
1933,IT,Marketing Executive
1934,Marketing,Marketing Executive
1935,HR,Marketing Executive
1936,Sales,Trainer
1937,Finance,Trainer
1938,HR,Trainer
1939,Sales,Software Engineer
1940,Marketing,Data Analyst
1941,IT,Software Engineer
1942,Marketing,Marketing Executive
1943,IT,Marketing Executive
1944,Marketing,Manager
1945,Marketing,Data Analyst
1946,Finance,Trainer
1947,IT,Marketing Executive
1948,Sales,Trainer
1949,HR,Marketing Executive
1950,Sales,Marketing Executive
1951,HR,Trainer
1952,IT,Trainer
1953,HR,Manager
1954,Sales,Marketing Executive
1955,Finance,Manager
1956,IT,Data Analyst
1957,Finance,Marketing Executive
1958,IT,Software Engineer
1959,Operations,Marketing Executive
1960,Sales,Marketing Executive
1961,Operations,Trainer
1962,HR,Marketing Executive
1963,Finance,Trainer
1964,IT,Data Analyst
1965,IT,Data Analyst
1966,IT,Software Engineer
1967,HR,Manager
1968,Sales,Marketing Executive
1969,Marketing,Software Engineer
1970,Sales,Marketing Executive
1971,Finance,Software Engineer
1972,Marketing,Software Engineer
1973,Sales,Data Analyst
1974,Operations,Software Engineer
1975,HR,Manager
1976,Sales,Software Engineer
1977,IT,Trainer
1978,Sales,Software Engineer
1979,Finance,Marketing Executive
1980,HR,Manager
1981,HR,Manager
1982,Operations,Manager
1983,IT,Trainer
1984,Marketing,Data Analyst
1985,Finance,Data Analyst
1986,HR,Software Engineer
1987,Finance,Software Engineer
1988,Marketing,Trainer
1989,Marketing,Data Analyst
1990,HR,Manager
1991,Finance,Manager
1992,Operations,Marketing Executive
1993,IT,Data Analyst
1994,Operations,Manager
1995,Sales,Software Engineer
1996,Finance,Manager
1997,Sales,Data Analyst
1998,IT,Data Analyst
1999,Operations,Manager
2000,IT,Manager
2001,Operations,Trainer
2002,Sales,Software Engineer
2003,Sales,Trainer
2004,Marketing,Trainer
2005,Marketing,Data Analyst
2006,Operations,Marketing Executive
2007,Sales,Manager
2008,Operations,Software Engineer
2009,Finance,Manager
2010,Operations,Marketing Executive
2011,HR,Software Engineer
2012,HR,Trainer
2013,Marketing,Trainer
2014,HR,Data Analyst
2015,IT,Data Analyst
2016,Sales,Software Engineer
2017,HR,Marketing Executive
2018,Sales,Data Analyst
2019,Operations,Manager
2020,Operations,Trainer
2021,Marketing,Data Analyst
2022,Finance,Manager
2023,HR,Manager
2024,Marketing,Data Analyst
2025,Finance,Manager
2026,Operations,Marketing Executive
2027,Sales,Software Engineer
2028,Operations,Software Engineer
2029,Finance,Manager
2030,HR,Marketing Executive
2031,Marketing,Manager
2032,HR,Manager
2033,Marketing,Marketing Executive
2034,IT,Manager
2035,Operations,Manager
2036,HR,Manager
2037,Sales,Software Engineer
2038,Marketing,Marketing Executive
2039,Sales,Marketing Executive
2040,Finance,Manager
2041,Marketing,Trainer
2042,Sales,Trainer
2043,Sales,Software Engineer
2044,Operations,Software Engineer
2045,HR,Marketing Executive
2046,Marketing,Trainer
2047,Operations,Marketing Executive
2048,HR,Trainer
2049,Sales,Data Analyst
2050,IT,Data Analyst
2051,Finance,Manager
2052,Operations,Software Engineer
2053,Finance,Manager
2054,HR,Marketing Executive
2055,Finance,Software Engineer
2056,IT,Manager
2057,IT,Data Analyst
2058,Finance,Marketing Executive
2059,Operations,Marketing Executive
2060,Marketing,Marketing Executive
2061,HR,Manager
2062,Operations,Manager
2063,HR,Data Analyst
2064,Finance,Data Analyst
2065,HR,Manager
2066,Sales,Marketing Executive
2067,Operations,Software Engineer
2068,Marketing,Software Engineer
2069,Operations,Data Analyst
2070,Finance,Software Engineer
2071,Sales,Software Engineer
2072,Finance,Data Analyst
2073,Marketing,Software Engineer
2074,Marketing,Trainer
2075,Operations,Trainer
2076,Finance,Trainer
2077,HR,Trainer
2078,Finance,Data Analyst
2079,Marketing,Manager
2080,Operations,Marketing Executive
2081,Sales,Software Engineer
2082,IT,Trainer
2083,IT,Trainer
2084,HR,Marketing Executive
2085,HR,Data Analyst
2086,HR,Marketing Executive
2087,Finance,Manager
2088,Finance,Marketing Executive
2089,IT,Marketing Executive
2090,Sales,Software Engineer
2091,IT,Trainer
2092,IT,Data Analyst
2093,IT,Data Analyst
2094,Marketing,Marketing Executive
2095,Operations,Manager
2096,HR,Software Engineer
2097,Operations,Software Engineer
2098,Operations,Trainer
2099,Sales,Manager
2100,Marketing,Software Engineer
2101,Marketing,Manager
2102,Sales,Manager
2103,HR,Software Engineer
2104,IT,Data Analyst
2105,Marketing,Software Engineer
2106,HR,Software Engineer
2107,Sales,Software Engineer
2108,Operations,Manager
2109,Operations,Trainer
2110,HR,Software Engineer
2111,Sales,Trainer
2112,Operations,Data Analyst
2113,Marketing,Manager
2114,Operations,Marketing Executive
2115,HR,Data Analyst
2116,HR,Trainer
2117,IT,Data Analyst
2118,Operations,Software Engineer
2119,IT,Manager
2120,IT,Trainer
2121,Operations,Software Engineer
2122,Marketing,Software Engineer
2123,Marketing,Manager
2124,Sales,Software Engineer
2125,Finance,Software Engineer
2126,Sales,Data Analyst
2127,Sales,Trainer
2128,Sales,Trainer
2129,Operations,Software Engineer
2130,HR,Manager
2131,Operations,Marketing Executive
2132,IT,Marketing Executive
2133,Marketing,Software Engineer
2134,HR,Software Engineer
2135,Finance,Trainer
2136,Sales,Manager
2137,Finance,Software Engineer
2138,IT,Software Engineer
2139,HR,Marketing Executive
2140,Operations,Manager
2141,Operations,Marketing Executive
2142,Operations,Trainer
2143,Sales,Marketing Executive
2144,Operations,Software Engineer
2145,Sales,Software Engineer
2146,Operations,Trainer
2147,Marketing,Manager
2148,HR,Manager
2149,Operations,Marketing Executive
2150,Operations,Trainer
2151,IT,Trainer
2152,Finance,Marketing Executive
2153,HR,Trainer
2154,Finance,Marketing Executive
2155,Finance,Data Analyst
2156,Marketing,Trainer
2157,IT,Manager
2158,HR,Software Engineer
2159,Finance,Data Analyst
2160,IT,Marketing Executive
2161,Operations,Manager
2162,IT,Software Engineer
2163,Finance,Software Engineer
2164,Marketing,Marketing Executive
2165,Marketing,Marketing Executive
2166,Operations,Data Analyst
2167,Sales,Data Analyst
2168,HR,Marketing Executive
2169,Marketing,Manager
2170,Sales,Marketing Executive
2171,Operations,Software Engineer
2172,Operations,Marketing Executive
2173,Marketing,Software Engineer
2174,HR,Data Analyst
2175,Marketing,Trainer
2176,HR,Trainer
2177,Finance,Software Engineer
2178,Finance,Trainer
2179,IT,Trainer
2180,IT,Trainer
2181,HR,Manager
2182,Finance,Marketing Executive
2183,Finance,Marketing Executive
2184,IT,Data Analyst
2185,Finance,Data Analyst
2186,Sales,Trainer
2187,IT,Software Engineer
2188,Operations,Marketing Executive
2189,HR,Trainer
2190,HR,Trainer
2191,Finance,Marketing Executive
2192,Operations,Software Engineer
2193,Operations,Software Engineer
2194,Marketing,Software Engineer
2195,Sales,Manager
2196,IT,Software Engineer
2197,Finance,Data Analyst
2198,Sales,Trainer
2199,Marketing,Marketing Executive
2200,Operations,Manager
2201,Finance,Marketing Executive
2202,Finance,Data Analyst
2203,Operations,Data Analyst
2204,Finance,Trainer
2205,Sales,Data Analyst
2206,Marketing,Manager
2207,Operations,Trainer
2208,HR,Manager
2209,Operations,Trainer
2210,Finance,Trainer
2211,Finance,Software Engineer
2212,IT,Data Analyst
2213,Operations,Software Engineer
2214,Marketing,Marketing Executive
2215,IT,Manager
2216,Operations,Manager
2217,Operations,Data Analyst
2218,IT,Trainer
2219,IT,Marketing Executive
2220,Sales,Trainer
2221,Operations,Manager
2222,HR,Trainer
2223,Finance,Software Engineer
2224,Marketing,Trainer
2225,Sales,Marketing Executive
2226,IT,Software Engineer
2227,Sales,Data Analyst
2228,Sales,Trainer
2229,IT,Trainer
2230,Sales,Manager
2231,HR,Manager
2232,Sales,Trainer
2233,Sales,Software Engineer
2234,Marketing,Data Analyst
2235,Finance,Data Analyst
2236,HR,Marketing Executive
2237,Sales,Software Engineer
2238,IT,Trainer
2239,Operations,Software Engineer
2240,HR,Software Engineer
2241,Marketing,Software Engineer
2242,Operations,Manager
2243,IT,Marketing Executive
2244,HR,Manager
2245,Sales,Trainer
2246,HR,Marketing Executive
2247,Operations,Marketing Executive
2248,HR,Software Engineer
2249,Marketing,Trainer
2250,IT,Trainer
2251,Operations,Software Engineer
2252,Finance,Data Analyst
2253,Marketing,Marketing Executive
2254,Sales,Data Analyst
2255,HR,Trainer
2256,Sales,Software Engineer
2257,Sales,Marketing Executive
2258,Marketing,Software Engineer
2259,IT,Software Engineer
2260,Sales,Data Analyst
2261,Sales,Data Analyst
2262,Operations,Marketing Executive
2263,Finance,Marketing Executive
2264,Finance,Manager
2265,Operations,Marketing Executive
2266,Operations,Marketing Executive
2267,Sales,Trainer
2268,HR,Marketing Executive
2269,Marketing,Manager
2270,Operations,Marketing Executive
2271,Operations,Manager
2272,Sales,Software Engineer
2273,HR,Software Engineer
2274,IT,Trainer
2275,IT,Software Engineer
2276,HR,Marketing Executive
2277,Operations,Marketing Executive
2278,Sales,Data Analyst
2279,Sales,Manager
2280,Operations,Trainer
2281,Finance,Manager
2282,Marketing,Trainer
2283,Finance,Data Analyst
2284,Sales,Marketing Executive
2285,Operations,Manager
2286,Sales,Trainer
2287,Operations,Trainer
2288,IT,Trainer
2289,IT,Trainer
2290,Finance,Data Analyst
2291,Operations,Marketing Executive
2292,HR,Software Engineer
2293,Finance,Manager
2294,Operations,Software Engineer
2295,IT,Trainer
2296,HR,Marketing Executive
2297,Finance,Marketing Executive
2298,Finance,Data Analyst
2299,Marketing,Trainer
2300,Operations,Marketing Executive
2301,HR,Marketing Executive
2302,Operations,Software Engineer
2303,Operations,Trainer
2304,HR,Software Engineer
2305,Finance,Manager
2306,Finance,Trainer
2307,Marketing,Data Analyst
2308,IT,Trainer
2309,Sales,Manager
2310,IT,Marketing Executive
2311,Operations,Data Analyst
2312,IT,Data Analyst
2313,Marketing,Trainer
2314,Operations,Manager
2315,Operations,Marketing Executive
2316,IT,Software Engineer
2317,Sales,Marketing Executive
2318,IT,Trainer
2319,Operations,Software Engineer
2320,Marketing,Data Analyst
2321,HR,Manager
2322,IT,Manager
2323,IT,Software Engineer
2324,Operations,Manager
2325,Finance,Marketing Executive
2326,IT,Data Analyst
2327,HR,Manager
2328,Operations,Marketing Executive
2329,Marketing,Trainer
2330,IT,Trainer
2331,IT,Manager
2332,IT,Marketing Executive
2333,Operations,Software Engineer
2334,Sales,Trainer
2335,Finance,Software Engineer
2336,Finance,Manager
2337,Sales,Manager
2338,Finance,Marketing Executive
2339,Operations,Manager
2340,HR,Manager
2341,HR,Software Engineer
2342,IT,Software Engineer
2343,Finance,Marketing Executive
2344,Operations,Software Engineer
2345,Marketing,Software Engineer
2346,Sales,Marketing Executive
2347,Finance,Data Analyst
2348,Sales,Marketing Executive
2349,Sales,Manager
2350,Sales,Marketing Executive
2351,Marketing,Data Analyst
2352,HR,Manager
2353,Operations,Manager
2354,IT,Marketing Executive
2355,Sales,Manager
2356,Operations,Data Analyst
2357,Sales,Manager
2358,IT,Software Engineer
2359,Finance,Data Analyst
2360,Operations,Trainer
2361,Operations,Data Analyst
2362,Sales,Trainer
2363,Operations,Trainer
2364,IT,Data Analyst
2365,Finance,Trainer
2366,Finance,Manager
2367,HR,Software Engineer
2368,Operations,Trainer
2369,Sales,Data Analyst
2370,Sales,Data Analyst
2371,HR,Marketing Executive
2372,Marketing,Software Engineer
2373,Marketing,Manager
2374,Operations,Manager
2375,HR,Marketing Executive
2376,Sales,Software Engineer
2377,Operations,Marketing Executive
2378,Finance,Trainer
2379,IT,Data Analyst
2380,Finance,Data Analyst
2381,Operations,Trainer
2382,Finance,Marketing Executive
2383,Sales,Trainer
2384,Operations,Manager
2385,Finance,Manager
2386,Operations,Data Analyst
2387,Sales,Software Engineer
2388,Marketing,Marketing Executive
2389,Operations,Marketing Executive
2390,Operations,Manager
2391,Finance,Data Analyst
2392,IT,Trainer
2393,Operations,Software Engineer
2394,Operations,Marketing Executive
2395,Operations,Manager
2396,Finance,Data Analyst
2397,Operations,Trainer
2398,Finance,Manager
2399,Sales,Software Engineer
2400,Operations,Marketing Executive
2401,IT,Data Analyst
2402,Operations,Software Engineer
2403,Finance,Manager
2404,Sales,Marketing Executive
2405,Marketing,Manager
2406,Sales,Trainer
2407,IT,Software Engineer
2408,Marketing,Trainer
2409,HR,Marketing Executive
2410,Operations,Trainer
2411,Finance,Manager
2412,Operations,Software Engineer
2413,Operations,Software Engineer
2414,Marketing,Marketing Executive
2415,Sales,Software Engineer
2416,Marketing,Manager
2417,Finance,Manager
2418,IT,Data Analyst
2419,Marketing,Trainer
2420,IT,Manager
2421,Marketing,Manager
2422,IT,Manager
2423,Finance,Manager
2424,HR,Marketing Executive
2425,HR,Data Analyst
2426,HR,Marketing Executive
2427,Marketing,Trainer
2428,Sales,Software Engineer
2429,HR,Trainer
2430,Marketing,Data Analyst
2431,Marketing,Marketing Executive
2432,Marketing,Data Analyst
2433,Marketing,Trainer
2434,Operations,Marketing Executive
2435,Operations,Marketing Executive
2436,Sales,Marketing Executive
2437,Finance,Trainer
2438,IT,Manager
2439,IT,Data Analyst
2440,IT,Trainer
2441,Operations,Manager
2442,Finance,Trainer
2443,IT,Manager
2444,Finance,Marketing Executive
2445,Finance,Software Engineer
2446,HR,Software Engineer
2447,HR,Software Engineer
2448,IT,Manager
2449,Finance,Marketing Executive
2450,IT,Trainer
2451,IT,Manager
2452,Marketing,Trainer
2453,IT,Data Analyst
2454,Operations,Trainer
2455,Finance,Data Analyst
2456,HR,Data Analyst
2457,Marketing,Marketing Executive
2458,Marketing,Manager
2459,Finance,Manager
2460,Marketing,Software Engineer
2461,Sales,Data Analyst
2462,IT,Software Engineer
2463,Finance,Manager
2464,Operations,Trainer
2465,HR,Software Engineer
2466,Marketing,Data Analyst
2467,Sales,Trainer
2468,Finance,Trainer
2469,Finance,Trainer
2470,Marketing,Data Analyst
2471,Marketing,Trainer
2472,HR,Data Analyst
2473,Sales,Manager
2474,HR,Trainer
2475,Operations,Marketing Executive
2476,Operations,Trainer
2477,Marketing,Manager
2478,Finance,Data Analyst
2479,IT,Trainer
2480,IT,Trainer
2481,IT,Software Engineer
2482,HR,Software Engineer
2483,Finance,Data Analyst
2484,Sales,Software Engineer
2485,Sales,Data Analyst
2486,HR,Trainer
2487,HR,Data Analyst
2488,IT,Software Engineer
2489,HR,Software Engineer
2490,Finance,Trainer
2491,IT,Data Analyst
2492,Operations,Manager
2493,Operations,Software Engineer
2494,HR,Data Analyst
2495,Operations,Manager
2496,Operations,Data Analyst
2497,IT,Manager
2498,HR,Manager
2499,Operations,Trainer
2500,HR,Trainer
2501,Marketing,Trainer
2502,Finance,Marketing Executive
2503,HR,Trainer
2504,Operations,Trainer
2505,HR,Manager
2506,HR,Manager
2507,Finance,Manager
2508,Sales,Manager
2509,Finance,Data Analyst
2510,IT,Software Engineer
2511,Finance,Trainer
2512,IT,Marketing Executive
2513,Marketing,Trainer
2514,IT,Trainer
2515,Marketing,Software Engineer
2516,IT,Manager
2517,Sales,Trainer
2518,Marketing,Marketing Executive
2519,Sales,Software Engineer
2520,Finance,Trainer
2521,Operations,Data Analyst
2522,Sales,Marketing Executive
2523,HR,Marketing Executive
2524,IT,Marketing Executive
2525,Marketing,Data Analyst
2526,Sales,Marketing Executive
2527,Marketing,Trainer
2528,HR,Manager
2529,HR,Data Analyst
2530,IT,Marketing Executive
2531,Marketing,Marketing Executive
2532,IT,Trainer
2533,Sales,Trainer
2534,IT,Software Engineer
2535,Operations,Trainer
2536,HR,Manager
2537,IT,Marketing Executive
2538,HR,Software Engineer
2539,IT,Manager
2540,Operations,Data Analyst
2541,IT,Software Engineer
2542,HR,Marketing Executive
2543,Sales,Manager
2544,Finance,Manager
2545,Finance,Trainer
2546,Finance,Data Analyst
2547,Sales,Trainer
2548,Sales,Data Analyst
2549,Sales,Manager
2550,IT,Software Engineer
2551,Marketing,Software Engineer
2552,Marketing,Data Analyst
2553,Operations,Marketing Executive
2554,HR,Manager
2555,Sales,Marketing Executive
2556,HR,Marketing Executive
2557,HR,Data Analyst
2558,Sales,Marketing Executive
2559,Marketing,Manager
2560,Finance,Data Analyst
2561,Finance,Marketing Executive
2562,Finance,Trainer
2563,IT,Manager
2564,HR,Data Analyst
2565,HR,Marketing Executive
2566,Marketing,Software Engineer
2567,HR,Marketing Executive
2568,Sales,Trainer
2569,HR,Data Analyst
2570,Sales,Software Engineer
2571,Marketing,Marketing Executive
2572,Finance,Trainer
2573,Operations,Data Analyst
2574,Marketing,Manager
2575,Marketing,Manager
2576,Marketing,Manager
2577,HR,Data Analyst
2578,Operations,Manager
2579,Operations,Manager
2580,Finance,Trainer
2581,HR,Trainer
2582,IT,Manager
2583,Operations,Manager
2584,HR,Data Analyst
2585,Marketing,Trainer
2586,HR,Software Engineer
2587,Operations,Trainer
2588,IT,Manager
2589,Finance,Manager
2590,IT,Data Analyst
2591,Finance,Trainer
2592,Operations,Marketing Executive
2593,Marketing,Manager
2594,Marketing,Manager
2595,Marketing,Data Analyst
2596,Operations,Software Engineer
2597,Operations,Marketing Executive
2598,IT,Marketing Executive
2599,IT,Trainer
2600,Marketing,Data Analyst
2601,Operations,Marketing Executive
2602,Marketing,Marketing Executive
2603,IT,Manager
2604,IT,Software Engineer
2605,Sales,Software Engineer
2606,Sales,Data Analyst
2607,Finance,Manager
2608,IT,Trainer
2609,HR,Data Analyst
2610,Finance,Data Analyst
2611,Operations,Data Analyst
2612,Finance,Software Engineer
2613,Marketing,Trainer
2614,Finance,Trainer
2615,IT,Marketing Executive
2616,Sales,Trainer
2617,HR,Software Engineer
2618,Sales,Marketing Executive
2619,Finance,Software Engineer
2620,Operations,Manager
2621,IT,Data Analyst
2622,IT,Software Engineer
2623,Sales,Marketing Executive
2624,Sales,Data Analyst
2625,Marketing,Trainer
2626,IT,Trainer
2627,Operations,Marketing Executive
2628,IT,Trainer
2629,Marketing,Data Analyst
2630,IT,Software Engineer
2631,Finance,Trainer
2632,Marketing,Data Analyst
2633,Marketing,Software Engineer
2634,Finance,Marketing Executive
2635,HR,Marketing Executive
2636,IT,Manager
2637,HR,Trainer
2638,HR,Manager
2639,Operations,Manager
2640,Marketing,Data Analyst
2641,Operations,Data Analyst
2642,IT,Trainer
2643,Marketing,Manager
2644,Finance,Marketing Executive
2645,Finance,Manager
2646,Sales,Data Analyst
2647,Sales,Software Engineer
2648,Finance,Software Engineer
2649,Sales,Trainer
2650,HR,Marketing Executive
2651,Marketing,Marketing Executive
2652,Marketing,Software Engineer
2653,HR,Trainer
2654,Sales,Manager
2655,Operations,Trainer
2656,Marketing,Software Engineer
2657,IT,Trainer
2658,Marketing,Marketing Executive
2659,Finance,Software Engineer
2660,Sales,Manager
2661,IT,Trainer
2662,IT,Data Analyst
2663,Finance,Data Analyst
2664,IT,Data Analyst
2665,Operations,Manager
2666,IT,Marketing Executive
2667,Sales,Software Engineer
2668,Finance,Manager
2669,Marketing,Software Engineer
2670,Operations,Manager
2671,IT,Trainer
2672,Operations,Manager
2673,IT,Marketing Executive
2674,Marketing,Software Engineer
2675,HR,Marketing Executive
2676,Sales,Manager
2677,Sales,Manager
2678,Operations,Marketing Executive
2679,Finance,Manager
2680,HR,Trainer
2681,Marketing,Software Engineer
2682,Marketing,Data Analyst
2683,HR,Trainer
2684,HR,Trainer
2685,Marketing,Trainer
2686,Sales,Software Engineer
2687,Operations,Data Analyst
2688,IT,Data Analyst
2689,Marketing,Marketing Executive
2690,HR,Manager
2691,IT,Marketing Executive
2692,Operations,Data Analyst
2693,Finance,Manager
2694,Operations,Data Analyst
2695,Sales,Software Engineer
2696,Operations,Manager
2697,HR,Software Engineer
2698,HR,Trainer
2699,IT,Software Engineer
2700,Finance,Data Analyst
2701,HR,Trainer
2702,IT,Software Engineer
2703,HR,Manager
2704,HR,Trainer
2705,Marketing,Trainer
2706,HR,Data Analyst
2707,HR,Trainer
2708,IT,Software Engineer
2709,Sales,Data Analyst
2710,Marketing,Trainer
2711,Finance,Manager
2712,Marketing,Marketing Executive
2713,Finance,Trainer
2714,Marketing,Data Analyst
2715,HR,Manager
2716,IT,Data Analyst
2717,HR,Data Analyst
2718,Sales,Marketing Executive
2719,Finance,Trainer
2720,IT,Software Engineer
2721,Finance,Data Analyst
2722,Marketing,Manager
2723,Marketing,Marketing Executive
2724,Operations,Manager
2725,Marketing,Data Analyst
2726,IT,Trainer
2727,Sales,Manager
2728,Sales,Data Analyst
2729,Sales,Marketing Executive
2730,Sales,Software Engineer
2731,HR,Trainer
2732,Sales,Data Analyst
2733,IT,Manager
2734,Operations,Data Analyst
2735,Marketing,Data Analyst
2736,Marketing,Data Analyst
2737,Marketing,Manager
2738,IT,Manager
2739,Finance,Software Engineer
2740,Operations,Manager
2741,Marketing,Data Analyst
2742,Operations,Data Analyst
2743,HR,Marketing Executive
2744,HR,Manager
2745,Sales,Manager
2746,Finance,Software Engineer
2747,Finance,Data Analyst
2748,Operations,Manager
2749,HR,Trainer
2750,IT,Trainer
2751,IT,Marketing Executive
2752,Marketing,Manager
2753,Sales,Software Engineer
2754,Marketing,Software Engineer
2755,Operations,Data Analyst
2756,Marketing,Marketing Executive
2757,Operations,Trainer
2758,Marketing,Software Engineer
2759,Operations,Manager
2760,Finance,Manager
2761,Marketing,Manager
2762,Operations,Trainer
2763,HR,Data Analyst
2764,Operations,Trainer
2765,HR,Trainer
2766,Sales,Manager
2767,Finance,Software Engineer
2768,IT,Software Engineer
2769,Finance,Marketing Executive
2770,Sales,Manager
2771,Sales,Trainer
2772,Operations,Trainer
2773,Finance,Trainer
2774,Marketing,Data Analyst
2775,HR,Marketing Executive
2776,Operations,Manager
2777,Finance,Marketing Executive
2778,HR,Data Analyst
2779,IT,Trainer
2780,Sales,Marketing Executive
2781,Operations,Data Analyst
2782,IT,Software Engineer
2783,IT,Software Engineer
2784,Operations,Marketing Executive
2785,Marketing,Manager
2786,Operations,Marketing Executive
2787,Sales,Software Engineer
2788,HR,Marketing Executive
2789,Sales,Software Engineer
2790,HR,Manager
2791,Marketing,Marketing Executive
2792,Sales,Data Analyst
2793,Operations,Marketing Executive
2794,HR,Marketing Executive
2795,Operations,Software Engineer
2796,Marketing,Trainer
2797,Finance,Software Engineer
2798,HR,Manager
2799,Finance,Software Engineer
2800,Marketing,Manager
2801,Marketing,Software Engineer
2802,HR,Trainer
2803,HR,Trainer
2804,Operations,Manager
2805,Finance,Manager
2806,Finance,Marketing Executive
2807,Operations,Marketing Executive
2808,HR,Trainer
2809,Marketing,Marketing Executive
2810,Finance,Data Analyst
2811,Sales,Software Engineer
2812,HR,Marketing Executive
2813,Sales,Marketing Executive
2814,IT,Trainer
2815,Operations,Software Engineer
2816,IT,Marketing Executive
2817,Finance,Data Analyst
2818,HR,Data Analyst
2819,Sales,Trainer
2820,Marketing,Data Analyst
2821,Marketing,Manager
2822,Marketing,Marketing Executive
2823,Finance,Trainer
2824,Marketing,Trainer
2825,Marketing,Manager
2826,Operations,Trainer
2827,IT,Trainer
2828,Operations,Marketing Executive
2829,Marketing,Software Engineer
2830,Operations,Trainer
2831,Operations,Trainer
2832,HR,Manager
2833,Finance,Data Analyst
2834,Operations,Marketing Executive
2835,HR,Manager
2836,Marketing,Marketing Executive
2837,Operations,Manager
2838,IT,Manager
2839,Sales,Trainer
2840,Finance,Software Engineer
2841,IT,Trainer
2842,Sales,Marketing Executive
2843,HR,Manager
2844,Sales,Manager
2845,Sales,Marketing Executive
2846,IT,Manager
2847,Finance,Manager
2848,Sales,Marketing Executive
2849,Finance,Data Analyst
2850,IT,Marketing Executive
2851,Operations,Manager
2852,Finance,Data Analyst
2853,HR,Software Engineer
2854,Marketing,Software Engineer
2855,Operations,Trainer
2856,Marketing,Trainer
2857,Operations,Software Engineer
2858,Marketing,Software Engineer
2859,Operations,Software Engineer
2860,Operations,Software Engineer
2861,HR,Manager
2862,IT,Marketing Executive
2863,HR,Data Analyst
2864,Finance,Data Analyst
2865,Marketing,Manager
2866,Sales,Trainer
2867,IT,Data Analyst
2868,Finance,Software Engineer
2869,Sales,Marketing Executive
2870,HR,Manager
2871,Finance,Marketing Executive
2872,Marketing,Trainer
2873,Operations,Marketing Executive
2874,Marketing,Manager
2875,Sales,Manager
2876,Marketing,Trainer
2877,HR,Data Analyst
2878,HR,Data Analyst
2879,Sales,Manager
2880,HR,Manager
2881,Sales,Data Analyst
2882,IT,Marketing Executive
2883,HR,Marketing Executive
2884,Sales,Trainer
2885,Finance,Trainer
2886,Sales,Manager
2887,HR,Marketing Executive
2888,IT,Data Analyst
2889,IT,Manager
2890,Operations,Trainer
2891,Sales,Data Analyst
2892,IT,Trainer
2893,IT,Manager
2894,Finance,Data Analyst
2895,IT,Marketing Executive
2896,IT,Data Analyst
2897,HR,Marketing Executive
2898,HR,Software Engineer
2899,Operations,Manager
2900,Operations,Software Engineer
2901,Finance,Marketing Executive
2902,Sales,Data Analyst
2903,IT,Data Analyst
2904,Operations,Marketing Executive
2905,Sales,Trainer
2906,Finance,Software Engineer
2907,Operations,Trainer
2908,IT,Software Engineer
2909,HR,Trainer
2910,Operations,Trainer
2911,Marketing,Marketing Executive
2912,HR,Marketing Executive
2913,Finance,Data Analyst
2914,Finance,Marketing Executive
2915,Finance,Manager
2916,Finance,Marketing Executive
2917,IT,Manager
2918,Operations,Manager
2919,HR,Trainer
2920,Marketing,Data Analyst
2921,Finance,Marketing Executive
2922,Finance,Trainer
2923,Sales,Manager
2924,Finance,Software Engineer
2925,Operations,Marketing Executive
2926,HR,Manager
2927,HR,Software Engineer
2928,IT,Data Analyst
2929,HR,Trainer
2930,IT,Manager
2931,Marketing,Manager
2932,Marketing,Manager
2933,HR,Software Engineer
2934,Operations,Data Analyst
2935,Finance,Trainer
2936,Finance,Trainer
2937,Marketing,Manager
2938,Sales,Data Analyst
2939,Marketing,Software Engineer
2940,Sales,Manager
2941,IT,Software Engineer
2942,Operations,Software Engineer
2943,Operations,Manager
2944,Sales,Data Analyst
2945,HR,Data Analyst
2946,Operations,Manager
2947,IT,Marketing Executive
2948,Marketing,Trainer
2949,HR,Software Engineer
2950,HR,Trainer
2951,IT,Trainer
2952,Operations,Software Engineer
2953,IT,Manager
2954,Marketing,Software Engineer
2955,HR,Trainer
2956,Sales,Data Analyst
2957,IT,Data Analyst
2958,HR,Data Analyst
2959,HR,Trainer
2960,IT,Marketing Executive
2961,Marketing,Manager
2962,Marketing,Software Engineer
2963,Operations,Trainer
2964,Operations,Marketing Executive
2965,Operations,Marketing Executive
2966,Operations,Trainer
2967,Operations,Manager
2968,Finance,Trainer
2969,Finance,Software Engineer
2970,IT,Manager
2971,Operations,Trainer
2972,Operations,Marketing Executive
2973,Finance,Manager
2974,Finance,Manager
2975,Sales,Trainer
2976,Sales,Manager
2977,Sales,Marketing Executive
2978,Finance,Software Engineer
2979,Operations,Trainer
2980,Finance,Manager
2981,Marketing,Software Engineer
2982,Finance,Marketing Executive
2983,HR,Marketing Executive
2984,HR,Data Analyst
2985,IT,Marketing Executive
2986,Sales,Marketing Executive
2987,HR,Data Analyst
2988,Sales,Manager
2989,HR,Data Analyst
2990,Sales,Manager
2991,Finance,Data Analyst
2992,IT,Marketing Executive
2993,Sales,Marketing Executive
2994,Sales,Marketing Executive
2995,IT,Trainer
2996,Operations,Trainer
2997,HR,Marketing Executive
2998,IT,Manager
2999,Finance,Marketing Executive
3000,Finance,Marketing Executive
3001,Sales,Manager
3002,Finance,Trainer
3003,IT,Trainer
3004,IT,Manager
3005,Finance,Manager
3006,Marketing,Trainer
3007,HR,Data Analyst
3008,IT,Trainer
3009,Operations,Marketing Executive
3010,Operations,Manager
3011,Finance,Manager
3012,Sales,Data Analyst
3013,HR,Manager
3014,IT,Data Analyst
3015,Finance,Software Engineer
3016,Marketing,Trainer
3017,IT,Software Engineer
3018,Finance,Manager
3019,Finance,Marketing Executive
3020,Sales,Software Engineer
3021,Sales,Software Engineer
3022,Sales,Data Analyst
3023,Marketing,Data Analyst
3024,Finance,Software Engineer
3025,Operations,Software Engineer
3026,Operations,Software Engineer
3027,HR,Data Analyst
3028,Finance,Software Engineer
3029,Finance,Marketing Executive
3030,Operations,Manager
3031,Operations,Software Engineer
3032,Marketing,Software Engineer
3033,Marketing,Trainer
3034,Marketing,Software Engineer
3035,Finance,Trainer
3036,Operations,Software Engineer
3037,Marketing,Trainer
3038,Operations,Manager
3039,Marketing,Data Analyst
3040,IT,Software Engineer
3041,IT,Software Engineer
3042,Marketing,Software Engineer
3043,IT,Trainer
3044,Sales,Marketing Executive
3045,IT,Manager
3046,IT,Trainer
3047,Marketing,Data Analyst
3048,HR,Software Engineer
3049,Finance,Marketing Executive
3050,Operations,Data Analyst
3051,Finance,Manager
3052,Sales,Software Engineer
3053,IT,Data Analyst
3054,Finance,Software Engineer
3055,Sales,Trainer
3056,Marketing,Manager
3057,Marketing,Manager
3058,Sales,Manager
3059,Marketing,Trainer
3060,Operations,Trainer
3061,IT,Software Engineer
3062,Sales,Trainer
3063,Finance,Manager
3064,Finance,Data Analyst
3065,Sales,Data Analyst
3066,Finance,Manager
3067,Operations,Trainer
3068,Sales,Marketing Executive
3069,Operations,Trainer
3070,Finance,Manager
3071,IT,Software Engineer
3072,Marketing,Trainer
3073,IT,Software Engineer
3074,Sales,Data Analyst
3075,IT,Software Engineer
3076,Sales,Marketing Executive
3077,Finance,Software Engineer
3078,Finance,Software Engineer
3079,Marketing,Marketing Executive
3080,IT,Trainer
3081,IT,Manager
3082,IT,Trainer
3083,Sales,Marketing Executive
3084,IT,Data Analyst
3085,Operations,Manager
3086,Marketing,Trainer
3087,IT,Manager
3088,Sales,Trainer
3089,Finance,Manager
3090,IT,Manager
3091,Operations,Data Analyst
3092,Finance,Software Engineer
3093,HR,Manager
3094,Finance,Manager
3095,Marketing,Marketing Executive
3096,Operations,Software Engineer
3097,Operations,Marketing Executive
3098,Sales,Manager
3099,Finance,Manager
3100,Finance,Trainer
3101,HR,Trainer
3102,IT,Software Engineer
3103,IT,Software Engineer
3104,Operations,Marketing Executive
3105,Finance,Software Engineer
3106,Marketing,Software Engineer
3107,Marketing,Marketing Executive
3108,Sales,Data Analyst
3109,Finance,Trainer
3110,IT,Software Engineer
3111,Sales,Data Analyst
3112,Operations,Software Engineer
3113,IT,Manager
3114,Finance,Data Analyst
3115,Finance,Software Engineer
3116,Marketing,Manager
3117,HR,Trainer
3118,Operations,Data Analyst
3119,Marketing,Software Engineer
3120,HR,Manager
3121,Finance,Trainer
3122,Marketing,Data Analyst
3123,Operations,Marketing Executive
3124,HR,Software Engineer
3125,Finance,Trainer
3126,IT,Data Analyst
3127,IT,Manager
3128,Operations,Software Engineer
3129,Operations,Trainer
3130,Finance,Marketing Executive
3131,HR,Data Analyst
3132,Operations,Marketing Executive
3133,HR,Trainer
3134,Sales,Manager
3135,HR,Data Analyst
3136,Marketing,Trainer
3137,Finance,Manager
3138,IT,Software Engineer
3139,IT,Marketing Executive
3140,HR,Software Engineer
3141,Operations,Software Engineer
3142,IT,Manager
3143,IT,Trainer
3144,Marketing,Manager
3145,Finance,Software Engineer
3146,HR,Data Analyst
3147,Marketing,Software Engineer
3148,Marketing,Data Analyst
3149,Marketing,Marketing Executive
3150,Operations,Manager
3151,Sales,Manager
3152,Sales,Trainer
3153,Finance,Software Engineer
3154,Operations,Trainer
3155,Finance,Data Analyst
3156,Sales,Trainer
3157,IT,Trainer
3158,Sales,Trainer
3159,Sales,Marketing Executive
3160,Finance,Software Engineer
3161,IT,Trainer
3162,IT,Manager
3163,HR,Manager
3164,Sales,Manager
3165,HR,Manager
3166,Operations,Data Analyst
3167,Sales,Marketing Executive
3168,HR,Data Analyst
3169,Finance,Data Analyst
3170,IT,Manager
3171,Sales,Data Analyst
3172,Finance,Manager
3173,Sales,Trainer
3174,Sales,Marketing Executive
3175,IT,Marketing Executive
3176,Operations,Trainer
3177,HR,Trainer
3178,Sales,Software Engineer
3179,Finance,Marketing Executive
3180,Finance,Marketing Executive
3181,Sales,Manager
3182,Operations,Software Engineer
3183,IT,Trainer
3184,Marketing,Software Engineer
3185,HR,Marketing Executive
3186,Sales,Software Engineer
3187,Sales,Data Analyst
3188,Finance,Manager
3189,HR,Trainer
3190,IT,Software Engineer
3191,Marketing,Data Analyst
3192,IT,Marketing Executive
3193,Finance,Manager
3194,IT,Manager
3195,Marketing,Software Engineer
3196,Sales,Data Analyst
3197,Finance,Trainer
3198,HR,Trainer
3199,Operations,Marketing Executive
3200,Marketing,Manager
3201,Marketing,Software Engineer
3202,HR,Manager
3203,Finance,Trainer
3204,IT,Manager
3205,Operations,Software Engineer
3206,HR,Data Analyst
3207,Finance,Data Analyst
3208,IT,Data Analyst
3209,Marketing,Data Analyst
3210,Marketing,Data Analyst
3211,Sales,Data Analyst
3212,Operations,Software Engineer
3213,HR,Manager
3214,Marketing,Software Engineer
3215,Marketing,Manager
3216,HR,Manager
3217,Sales,Manager
3218,Finance,Marketing Executive
3219,Operations,Trainer
3220,Finance,Data Analyst
3221,IT,Software Engineer
3222,IT,Manager
3223,Operations,Marketing Executive
3224,IT,Manager
3225,Marketing,Marketing Executive
3226,Marketing,Data Analyst
3227,HR,Marketing Executive
3228,Marketing,Trainer
3229,HR,Software Engineer
3230,Finance,Marketing Executive
3231,HR,Software Engineer
3232,Operations,Data Analyst
3233,HR,Software Engineer
3234,Finance,Trainer
3235,Operations,Manager
3236,IT,Data Analyst
3237,Finance,Software Engineer
3238,Operations,Marketing Executive
3239,HR,Marketing Executive
3240,IT,Software Engineer
3241,Sales,Software Engineer
3242,Finance,Trainer
3243,Marketing,Software Engineer
3244,HR,Software Engineer
3245,Marketing,Marketing Executive
3246,Operations,Marketing Executive
3247,Marketing,Marketing Executive
3248,HR,Data Analyst
3249,Marketing,Software Engineer
3250,Finance,Manager
3251,IT,Data Analyst
3252,Marketing,Trainer
3253,Sales,Manager
3254,HR,Software Engineer
3255,Finance,Data Analyst
3256,Finance,Data Analyst
3257,Marketing,Trainer
3258,Marketing,Marketing Executive
3259,Finance,Data Analyst
3260,Operations,Software Engineer
3261,Marketing,Trainer
3262,Finance,Manager
3263,Operations,Data Analyst
3264,Marketing,Data Analyst
3265,Marketing,Data Analyst
3266,IT,Data Analyst
3267,Finance,Manager
3268,Sales,Data Analyst
3269,HR,Marketing Executive
3270,Marketing,Marketing Executive
3271,Marketing,Data Analyst
3272,IT,Marketing Executive
3273,IT,Marketing Executive
3274,Finance,Manager
3275,Marketing,Manager
3276,Finance,Marketing Executive
3277,IT,Marketing Executive
3278,Operations,Trainer
3279,Operations,Software Engineer
3280,Operations,Software Engineer
3281,HR,Data Analyst
3282,HR,Marketing Executive
3283,Operations,Software Engineer
3284,Finance,Data Analyst
3285,Marketing,Data Analyst
3286,IT,Manager
3287,Sales,Trainer
3288,Finance,Manager
3289,HR,Data Analyst
3290,IT,Software Engineer
3291,Operations,Data Analyst
3292,Operations,Marketing Executive
3293,Marketing,Software Engineer
3294,Operations,Software Engineer
3295,Finance,Trainer
3296,Sales,Data Analyst
3297,HR,Manager
3298,Operations,Trainer
3299,Marketing,Trainer
3300,Operations,Software Engineer
3301,HR,Software Engineer
3302,Marketing,Marketing Executive
3303,Finance,Software Engineer
3304,Operations,Trainer
3305,Finance,Trainer
3306,Sales,Manager
3307,HR,Software Engineer
3308,Sales,Marketing Executive
3309,Sales,Software Engineer
3310,Sales,Trainer
3311,HR,Data Analyst
3312,Marketing,Marketing Executive
3313,Finance,Marketing Executive
3314,Finance,Data Analyst
3315,Finance,Trainer
3316,Marketing,Manager
3317,HR,Marketing Executive
3318,IT,Marketing Executive
3319,IT,Marketing Executive
3320,Finance,Marketing Executive
3321,Operations,Marketing Executive
3322,Operations,Manager
3323,Operations,Trainer
3324,Operations,Data Analyst
3325,HR,Data Analyst
3326,Sales,Marketing Executive
3327,HR,Manager
3328,Sales,Data Analyst
3329,Sales,Marketing Executive
3330,IT,Data Analyst
3331,IT,Manager
3332,HR,Data Analyst
3333,Operations,Data Analyst
3334,Finance,Software Engineer
3335,Finance,Marketing Executive
3336,HR,Trainer
3337,Finance,Marketing Executive
3338,Operations,Data Analyst
3339,Marketing,Data Analyst
3340,HR,Trainer
3341,Operations,Marketing Executive
3342,Finance,Trainer
3343,Marketing,Trainer
3344,Finance,Marketing Executive
3345,Finance,Trainer
3346,Sales,Data Analyst
3347,Finance,Trainer
3348,Sales,Manager
3349,HR,Manager
3350,IT,Marketing Executive
3351,Finance,Trainer
3352,Operations,Marketing Executive
3353,Marketing,Marketing Executive
3354,HR,Software Engineer
3355,HR,Data Analyst
3356,HR,Marketing Executive
3357,Sales,Software Engineer
3358,Operations,Marketing Executive
3359,Finance,Manager
3360,Marketing,Data Analyst
3361,Sales,Trainer
3362,Marketing,Trainer
3363,Marketing,Marketing Executive
3364,Operations,Marketing Executive
3365,HR,Manager
3366,Operations,Marketing Executive
3367,Marketing,Software Engineer
3368,Finance,Software Engineer
3369,Marketing,Software Engineer
3370,Operations,Marketing Executive
3371,Operations,Trainer
3372,HR,Marketing Executive
3373,Finance,Marketing Executive
3374,Finance,Data Analyst
3375,HR,Trainer
3376,Sales,Manager
3377,Finance,Manager
3378,Sales,Manager
3379,IT,Data Analyst
3380,HR,Trainer
3381,Sales,Manager
3382,HR,Marketing Executive
3383,IT,Marketing Executive
3384,Finance,Marketing Executive
3385,Operations,Data Analyst
3386,Marketing,Trainer
3387,Finance,Marketing Executive
3388,IT,Data Analyst
3389,Operations,Data Analyst
3390,HR,Trainer
3391,Marketing,Manager
3392,Operations,Software Engineer
3393,Sales,Data Analyst
3394,Marketing,Marketing Executive
3395,Sales,Marketing Executive
3396,Sales,Data Analyst
3397,Finance,Manager
3398,Marketing,Trainer
3399,Operations,Data Analyst
3400,HR,Trainer
3401,IT,Marketing Executive
3402,IT,Software Engineer
3403,Operations,Marketing Executive
3404,IT,Marketing Executive
3405,HR,Data Analyst
3406,Finance,Trainer
3407,Sales,Software Engineer
3408,Marketing,Data Analyst
3409,Finance,Manager
3410,HR,Trainer
3411,Finance,Software Engineer
3412,Finance,Software Engineer
3413,Finance,Software Engineer
3414,Finance,Software Engineer
3415,Finance,Data Analyst
3416,Marketing,Manager
3417,Operations,Manager
3418,Finance,Manager
3419,Finance,Software Engineer
3420,Operations,Marketing Executive
3421,Sales,Marketing Executive
3422,Sales,Trainer
3423,IT,Trainer
3424,Marketing,Manager
3425,IT,Data Analyst
3426,Operations,Software Engineer
3427,Sales,Data Analyst
3428,HR,Manager
3429,Marketing,Marketing Executive
3430,Finance,Data Analyst
3431,HR,Data Analyst
3432,HR,Manager
3433,Operations,Manager
3434,Finance,Software Engineer
3435,Sales,Trainer
3436,Operations,Trainer
3437,Operations,Data Analyst
3438,HR,Trainer
3439,Finance,Data Analyst
3440,Marketing,Trainer
3441,Operations,Trainer
3442,Marketing,Software Engineer
3443,Marketing,Data Analyst
3444,HR,Trainer
3445,HR,Data Analyst
3446,Marketing,Manager
3447,IT,Trainer
3448,Sales,Software Engineer
3449,Finance,Manager
3450,Operations,Manager
3451,HR,Data Analyst
3452,IT,Data Analyst
3453,Marketing,Marketing Executive
3454,Marketing,Trainer
3455,Finance,Manager
3456,HR,Trainer
3457,Marketing,Manager
3458,Finance,Data Analyst
3459,Operations,Marketing Executive
3460,Sales,Manager
3461,HR,Marketing Executive
3462,Marketing,Software Engineer
3463,IT,Data Analyst
3464,Finance,Data Analyst
3465,Marketing,Software Engineer
3466,Sales,Software Engineer
3467,Finance,Trainer
3468,Sales,Marketing Executive
3469,Marketing,Manager
3470,Marketing,Trainer
3471,Finance,Trainer
3472,Finance,Trainer
3473,HR,Marketing Executive
3474,Sales,Marketing Executive
3475,Finance,Software Engineer
3476,IT,Trainer
3477,Finance,Data Analyst
3478,Marketing,Software Engineer
3479,Finance,Manager
3480,Finance,Manager
3481,Operations,Software Engineer
3482,Finance,Data Analyst
3483,Finance,Manager
3484,Finance,Marketing Executive
3485,Marketing,Software Engineer
3486,Operations,Trainer
3487,Operations,Manager
3488,HR,Marketing Executive
3489,Operations,Software Engineer
3490,Marketing,Software Engineer
3491,Sales,Data Analyst
3492,Marketing,Marketing Executive
3493,Finance,Trainer
3494,Operations,Software Engineer
3495,Marketing,Data Analyst
3496,Operations,Manager
3497,Finance,Software Engineer
3498,Operations,Data Analyst
3499,Finance,Trainer
3500,IT,Data Analyst
3501,Finance,Software Engineer
3502,IT,Software Engineer
3503,IT,Marketing Executive
3504,Operations,Software Engineer
3505,Sales,Software Engineer
3506,HR,Data Analyst
3507,Sales,Software Engineer
3508,Sales,Software Engineer
3509,Operations,Trainer
3510,Finance,Software Engineer
3511,Operations,Marketing Executive
3512,Finance,Marketing Executive
3513,IT,Trainer
3514,Operations,Data Analyst
3515,IT,Data Analyst
3516,HR,Software Engineer
3517,Sales,Software Engineer
3518,Sales,Data Analyst
3519,Operations,Software Engineer
3520,Marketing,Software Engineer
3521,IT,Manager
3522,Marketing,Software Engineer
3523,IT,Trainer
3524,Marketing,Manager
3525,Operations,Marketing Executive
3526,Sales,Software Engineer
3527,Finance,Manager
3528,Finance,Marketing Executive
3529,HR,Software Engineer
3530,IT,Manager
3531,IT,Manager
3532,Sales,Manager
3533,Finance,Software Engineer
3534,Marketing,Marketing Executive
3535,Finance,Marketing Executive
3536,IT,Trainer
3537,Finance,Software Engineer
3538,Finance,Marketing Executive
3539,HR,Trainer
3540,HR,Marketing Executive
3541,Finance,Software Engineer
3542,Operations,Trainer
3543,Finance,Marketing Executive
3544,Operations,Software Engineer
3545,IT,Marketing Executive
3546,HR,Trainer
3547,Marketing,Trainer
3548,Finance,Marketing Executive
3549,Sales,Trainer
3550,IT,Trainer
3551,IT,Data Analyst
3552,HR,Software Engineer
3553,Finance,Manager
3554,Operations,Data Analyst
3555,Marketing,Software Engineer
3556,Sales,Marketing Executive
3557,Sales,Manager
3558,Finance,Data Analyst
3559,IT,Data Analyst
3560,HR,Marketing Executive
3561,Sales,Software Engineer
3562,HR,Marketing Executive
3563,Marketing,Data Analyst
3564,Finance,Software Engineer
3565,Marketing,Data Analyst
3566,IT,Trainer
3567,HR,Data Analyst
3568,Sales,Trainer
3569,Marketing,Software Engineer
3570,Sales,Data Analyst
3571,IT,Manager
3572,IT,Software Engineer
3573,HR,Marketing Executive
3574,Sales,Marketing Executive
3575,HR,Manager
3576,Sales,Trainer
3577,Operations,Marketing Executive
3578,Finance,Trainer
3579,Finance,Trainer
3580,Operations,Marketing Executive
3581,Marketing,Trainer
3582,Finance,Software Engineer
3583,Operations,Data Analyst
3584,Finance,Data Analyst
3585,Marketing,Manager
3586,Operations,Trainer
3587,Sales,Data Analyst
3588,IT,Manager
3589,Operations,Marketing Executive
3590,Sales,Manager
3591,Operations,Manager
3592,Sales,Trainer
3593,HR,Trainer
3594,Finance,Manager
3595,Marketing,Marketing Executive
3596,Finance,Trainer
3597,Sales,Marketing Executive
3598,Marketing,Data Analyst
3599,Operations,Data Analyst
3600,IT,Data Analyst
3601,Sales,Software Engineer
3602,Marketing,Trainer
3603,Marketing,Data Analyst
3604,Marketing,Marketing Executive
3605,Sales,Manager
3606,Marketing,Manager
3607,Finance,Marketing Executive
3608,Finance,Marketing Executive
3609,Operations,Software Engineer
3610,Operations,Marketing Executive
3611,Sales,Software Engineer
3612,IT,Marketing Executive
3613,IT,Software Engineer
3614,HR,Software Engineer
3615,Marketing,Trainer
3616,Finance,Trainer
3617,Operations,Software Engineer
3618,Marketing,Marketing Executive
3619,HR,Data Analyst
3620,Operations,Software Engineer
3621,Sales,Data Analyst
3622,Marketing,Trainer
3623,Operations,Software Engineer
3624,HR,Manager
3625,Sales,Manager
3626,Finance,Data Analyst
3627,Sales,Data Analyst
3628,Marketing,Data Analyst
3629,IT,Software Engineer
3630,HR,Manager
3631,HR,Marketing Executive
3632,IT,Software Engineer
3633,Operations,Data Analyst
3634,Sales,Software Engineer
3635,Operations,Marketing Executive
3636,Finance,Marketing Executive
3637,Finance,Software Engineer
3638,Sales,Software Engineer
3639,Finance,Marketing Executive
3640,Sales,Manager
3641,IT,Manager
3642,Sales,Data Analyst
3643,IT,Manager
3644,Operations,Data Analyst
3645,Operations,Data Analyst
3646,HR,Software Engineer
3647,HR,Data Analyst
3648,Marketing,Marketing Executive
3649,Operations,Marketing Executive
3650,Sales,Software Engineer
3651,IT,Software Engineer
3652,Finance,Software Engineer
3653,IT,Trainer
3654,Sales,Software Engineer
3655,Sales,Marketing Executive
3656,Sales,Software Engineer
3657,HR,Software Engineer
3658,Marketing,Trainer
3659,Operations,Trainer
3660,Marketing,Marketing Executive
3661,IT,Trainer
3662,Sales,Data Analyst
3663,HR,Trainer
3664,Operations,Data Analyst
3665,Finance,Manager
3666,Operations,Marketing Executive
3667,HR,Manager
3668,Finance,Software Engineer
3669,Sales,Trainer
3670,HR,Trainer
3671,HR,Software Engineer
3672,IT,Data Analyst
3673,Finance,Trainer
3674,Marketing,Software Engineer
3675,HR,Marketing Executive
3676,HR,Marketing Executive
3677,Operations,Manager
3678,HR,Trainer
3679,Marketing,Marketing Executive
3680,Operations,Marketing Executive
3681,Finance,Software Engineer
3682,Operations,Software Engineer
3683,Operations,Software Engineer
3684,Sales,Trainer
3685,Marketing,Trainer
3686,Finance,Software Engineer
3687,Operations,Data Analyst
3688,IT,Trainer
3689,IT,Data Analyst
3690,Operations,Manager
3691,Finance,Trainer
3692,Marketing,Marketing Executive
3693,Operations,Marketing Executive
3694,HR,Software Engineer
3695,IT,Trainer
3696,HR,Marketing Executive
3697,Finance,Manager
3698,Marketing,Software Engineer
3699,Marketing,Data Analyst
3700,HR,Marketing Executive
3701,Sales,Manager
3702,HR,Trainer
3703,Finance,Trainer
3704,Sales,Software Engineer
3705,Finance,Manager
3706,Operations,Software Engineer
3707,Marketing,Marketing Executive
3708,HR,Trainer
3709,Marketing,Software Engineer
3710,Operations,Data Analyst
3711,HR,Software Engineer
3712,HR,Software Engineer
3713,Operations,Manager
3714,Marketing,Trainer
3715,Finance,Manager
3716,HR,Marketing Executive
3717,Finance,Data Analyst
3718,Operations,Trainer
3719,Operations,Data Analyst
3720,Marketing,Software Engineer
3721,Finance,Trainer
3722,Finance,Software Engineer
3723,Sales,Software Engineer
3724,Marketing,Marketing Executive
3725,Marketing,Software Engineer
3726,Marketing,Marketing Executive
3727,HR,Marketing Executive
3728,Finance,Data Analyst
3729,Marketing,Trainer
3730,HR,Software Engineer
3731,HR,Marketing Executive
3732,IT,Marketing Executive
3733,Marketing,Trainer
3734,IT,Marketing Executive
3735,Operations,Software Engineer
3736,Finance,Manager
3737,HR,Manager
3738,HR,Marketing Executive
3739,IT,Trainer
3740,Sales,Manager
3741,Operations,Trainer
3742,Operations,Trainer
3743,Sales,Software Engineer
3744,Finance,Marketing Executive
3745,Sales,Marketing Executive
3746,Finance,Trainer
3747,HR,Manager
3748,Sales,Manager
3749,Operations,Marketing Executive
3750,Marketing,Software Engineer
3751,Operations,Software Engineer
3752,Marketing,Data Analyst
3753,Sales,Marketing Executive
3754,Operations,Marketing Executive
3755,Sales,Trainer
3756,Marketing,Manager
3757,HR,Marketing Executive
3758,Marketing,Data Analyst
3759,HR,Marketing Executive
3760,Sales,Manager
3761,Finance,Manager
3762,IT,Manager
3763,Operations,Marketing Executive
3764,IT,Marketing Executive
3765,IT,Data Analyst
3766,Finance,Trainer
3767,Operations,Trainer
3768,IT,Manager
3769,HR,Data Analyst
3770,Finance,Software Engineer
3771,Sales,Marketing Executive
3772,Sales,Marketing Executive
3773,Sales,Software Engineer
3774,Marketing,Manager
3775,Finance,Software Engineer
3776,Marketing,Trainer
3777,HR,Manager
3778,Operations,Marketing Executive
3779,Finance,Software Engineer
3780,IT,Marketing Executive
3781,Finance,Data Analyst
3782,HR,Software Engineer
3783,Operations,Software Engineer
3784,IT,Marketing Executive
3785,Marketing,Software Engineer
3786,Finance,Trainer
3787,HR,Manager
3788,Marketing,Manager
3789,IT,Manager
3790,IT,Software Engineer
3791,IT,Manager
3792,Operations,Data Analyst
3793,Sales,Marketing Executive
3794,Finance,Marketing Executive
3795,IT,Trainer
3796,Operations,Data Analyst
3797,Operations,Software Engineer
3798,Marketing,Manager
3799,HR,Software Engineer
3800,Marketing,Trainer
3801,Finance,Marketing Executive
3802,Operations,Manager
3803,HR,Trainer
3804,IT,Trainer
3805,IT,Trainer
3806,Finance,Marketing Executive
3807,Operations,Marketing Executive
3808,HR,Software Engineer
3809,Operations,Marketing Executive
3810,Sales,Marketing Executive
3811,Operations,Data Analyst
3812,HR,Manager
3813,Sales,Manager
3814,Sales,Manager
3815,Operations,Software Engineer
3816,Marketing,Data Analyst
3817,HR,Marketing Executive
3818,HR,Software Engineer
3819,HR,Marketing Executive
3820,Sales,Software Engineer
3821,Marketing,Software Engineer
3822,Finance,Data Analyst
3823,Operations,Manager
3824,Marketing,Manager
3825,HR,Marketing Executive
3826,HR,Trainer
3827,Operations,Software Engineer
3828,Marketing,Software Engineer
3829,Operations,Marketing Executive
3830,Sales,Manager
3831,Sales,Marketing Executive
3832,Marketing,Trainer
3833,Operations,Marketing Executive
3834,Sales,Data Analyst
3835,HR,Manager
3836,Operations,Trainer
3837,Finance,Software Engineer
3838,Marketing,Trainer
3839,HR,Marketing Executive
3840,Sales,Marketing Executive
3841,IT,Marketing Executive
3842,Sales,Data Analyst
3843,Sales,Data Analyst
3844,Operations,Trainer
3845,IT,Marketing Executive
3846,Operations,Data Analyst
3847,HR,Software Engineer
3848,Finance,Manager
3849,Marketing,Data Analyst
3850,Marketing,Data Analyst
3851,HR,Marketing Executive
3852,Sales,Manager
3853,Marketing,Data Analyst
3854,Sales,Trainer
3855,Operations,Software Engineer
3856,Finance,Software Engineer
3857,Sales,Manager
3858,Finance,Software Engineer
3859,Marketing,Software Engineer
3860,Finance,Trainer
3861,IT,Data Analyst
3862,Marketing,Data Analyst
3863,Sales,Software Engineer
3864,Operations,Manager
3865,HR,Software Engineer
3866,IT,Trainer
3867,Sales,Manager
3868,Finance,Data Analyst
3869,Operations,Manager
3870,HR,Marketing Executive
3871,Marketing,Data Analyst
3872,HR,Trainer
3873,HR,Marketing Executive
3874,IT,Marketing Executive
3875,HR,Software Engineer
3876,Sales,Trainer
3877,Marketing,Marketing Executive
3878,HR,Trainer
3879,Operations,Software Engineer
3880,IT,Manager
3881,Operations,Software Engineer
3882,Sales,Marketing Executive
3883,Finance,Marketing Executive
3884,IT,Trainer
3885,HR,Data Analyst
3886,HR,Trainer
3887,Sales,Software Engineer
3888,Marketing,Manager
3889,Operations,Marketing Executive
3890,IT,Data Analyst
3891,HR,Trainer
3892,Finance,Marketing Executive
3893,Sales,Data Analyst
3894,HR,Software Engineer
3895,Marketing,Data Analyst
3896,Operations,Marketing Executive
3897,Operations,Marketing Executive
3898,HR,Software Engineer
3899,HR,Marketing Executive
3900,Marketing,Manager
3901,Marketing,Trainer
3902,Operations,Manager
3903,Marketing,Trainer
3904,Marketing,Manager
3905,Marketing,Data Analyst
3906,Sales,Marketing Executive
3907,Sales,Marketing Executive
3908,Operations,Trainer
3909,Finance,Software Engineer
3910,Finance,Trainer
3911,Sales,Manager
3912,IT,Manager
3913,Finance,Manager
3914,Marketing,Data Analyst
3915,Sales,Trainer
3916,Operations,Manager
3917,Sales,Trainer
3918,Finance,Data Analyst
3919,HR,Manager
3920,Finance,Software Engineer
3921,Marketing,Marketing Executive
3922,Sales,Manager
3923,IT,Manager
3924,Finance,Marketing Executive
3925,Finance,Marketing Executive
3926,Operations,Marketing Executive
3927,IT,Manager
3928,IT,Trainer
3929,HR,Data Analyst
3930,Sales,Data Analyst
3931,Sales,Marketing Executive
3932,Marketing,Software Engineer
3933,Sales,Manager
3934,IT,Data Analyst
3935,Operations,Trainer
3936,Sales,Manager
3937,Finance,Marketing Executive
3938,Finance,Data Analyst
3939,IT,Trainer
3940,HR,Manager
3941,Sales,Manager
3942,Marketing,Data Analyst
3943,Operations,Manager
3944,Operations,Marketing Executive
3945,IT,Trainer
3946,Marketing,Manager
3947,Marketing,Marketing Executive
3948,Sales,Data Analyst
3949,Sales,Software Engineer
3950,IT,Marketing Executive
3951,Operations,Data Analyst
3952,HR,Data Analyst
3953,IT,Data Analyst
3954,Finance,Software Engineer
3955,Marketing,Manager
3956,Marketing,Marketing Executive
3957,Operations,Marketing Executive
3958,Sales,Trainer
3959,IT,Data Analyst
3960,Sales,Manager
3961,Sales,Trainer
3962,Marketing,Marketing Executive
3963,IT,Software Engineer
3964,IT,Marketing Executive
3965,Sales,Trainer
3966,Finance,Manager
3967,HR,Trainer
3968,Sales,Marketing Executive
3969,Operations,Trainer
3970,Finance,Marketing Executive
3971,Operations,Trainer
3972,Finance,Data Analyst
3973,Operations,Manager
3974,Finance,Marketing Executive
3975,IT,Marketing Executive
3976,Finance,Trainer
3977,Sales,Data Analyst
3978,Operations,Marketing Executive
3979,Sales,Software Engineer
3980,Sales,Manager
3981,Marketing,Manager
3982,HR,Software Engineer
3983,Operations,Marketing Executive
3984,IT,Software Engineer
3985,IT,Manager
3986,Finance,Trainer
3987,Operations,Software Engineer
3988,Sales,Software Engineer
3989,HR,Manager
3990,HR,Manager
3991,Finance,Software Engineer
3992,Operations,Trainer
3993,Marketing,Data Analyst
3994,Operations,Trainer
3995,Marketing,Data Analyst
3996,Sales,Manager
3997,IT,Software Engineer
3998,IT,Data Analyst
3999,Finance,Software Engineer
4000,Operations,Trainer
4001,Operations,Data Analyst
4002,Sales,Manager
4003,Operations,Software Engineer
4004,Operations,Data Analyst
4005,Operations,Marketing Executive
4006,Sales,Data Analyst
4007,Operations,Trainer
4008,Operations,Trainer
4009,Finance,Software Engineer
4010,HR,Marketing Executive
4011,Marketing,Manager
4012,HR,Manager
4013,HR,Software Engineer
4014,HR,Data Analyst
4015,HR,Data Analyst
4016,HR,Trainer
4017,Marketing,Trainer
4018,Marketing,Software Engineer
4019,Sales,Trainer
4020,IT,Manager
4021,HR,Marketing Executive
4022,HR,Data Analyst
4023,Sales,Manager
4024,Operations,Trainer
4025,Finance,Manager
4026,IT,Software Engineer
4027,Finance,Data Analyst
4028,Sales,Marketing Executive
4029,Operations,Manager
4030,IT,Data Analyst
4031,Sales,Data Analyst
4032,Finance,Software Engineer
4033,IT,Trainer
4034,IT,Trainer
4035,Operations,Software Engineer
4036,Operations,Software Engineer
4037,Sales,Data Analyst
4038,Operations,Manager
4039,Finance,Marketing Executive
4040,HR,Software Engineer
4041,Operations,Software Engineer
4042,Finance,Manager
4043,HR,Software Engineer
4044,Operations,Manager
4045,Finance,Trainer
4046,Marketing,Trainer
4047,Sales,Trainer
4048,HR,Marketing Executive
4049,Sales,Trainer
4050,Operations,Manager
4051,Finance,Software Engineer
4052,Sales,Data Analyst
4053,Sales,Trainer
4054,Marketing,Data Analyst
4055,Sales,Marketing Executive
4056,Sales,Trainer
4057,Sales,Software Engineer
4058,Finance,Marketing Executive
4059,IT,Software Engineer
4060,Finance,Manager
4061,Marketing,Marketing Executive
4062,Sales,Software Engineer
4063,Finance,Data Analyst
4064,Finance,Trainer
4065,IT,Software Engineer
4066,Finance,Data Analyst
4067,Operations,Software Engineer
4068,IT,Marketing Executive
4069,Operations,Marketing Executive
4070,IT,Manager
4071,HR,Marketing Executive
4072,IT,Marketing Executive
4073,Marketing,Manager
4074,Marketing,Manager
4075,Finance,Marketing Executive
4076,Marketing,Software Engineer
4077,Finance,Manager
4078,IT,Trainer
4079,HR,Data Analyst
4080,Sales,Trainer
4081,Marketing,Trainer
4082,IT,Marketing Executive
4083,Operations,Software Engineer
4084,IT,Marketing Executive
4085,Finance,Trainer
4086,Operations,Data Analyst
4087,Operations,Software Engineer
4088,Sales,Data Analyst
4089,IT,Manager
4090,HR,Marketing Executive
4091,Sales,Marketing Executive
4092,HR,Manager
4093,HR,Software Engineer
4094,Marketing,Manager
4095,Marketing,Software Engineer
4096,Operations,Software Engineer
4097,HR,Manager
4098,Sales,Marketing Executive
4099,Sales,Manager
4100,Operations,Software Engineer
4101,Operations,Software Engineer
4102,Operations,Data Analyst
4103,Operations,Marketing Executive
4104,Operations,Trainer
4105,Finance,Marketing Executive
4106,HR,Software Engineer
4107,HR,Software Engineer
4108,Finance,Software Engineer
4109,Finance,Data Analyst
4110,HR,Trainer
4111,Marketing,Software Engineer
4112,Marketing,Manager
4113,IT,Manager
4114,Operations,Manager
4115,HR,Trainer
4116,Finance,Manager
4117,Finance,Marketing Executive
4118,Finance,Software Engineer
4119,Marketing,Manager
4120,Finance,Manager
4121,Marketing,Trainer
4122,Finance,Data Analyst
4123,Sales,Trainer
4124,Finance,Data Analyst
4125,IT,Marketing Executive
4126,Operations,Software Engineer
4127,Sales,Marketing Executive
4128,HR,Trainer
4129,IT,Data Analyst
4130,HR,Marketing Executive
4131,HR,Software Engineer
4132,Marketing,Trainer
4133,Marketing,Trainer
4134,Finance,Trainer
4135,Sales,Data Analyst
4136,Operations,Data Analyst
4137,IT,Software Engineer
4138,Operations,Marketing Executive
4139,HR,Data Analyst
4140,IT,Manager
4141,IT,Data Analyst
4142,Sales,Software Engineer
4143,Finance,Marketing Executive
4144,Finance,Data Analyst
4145,Operations,Manager
4146,HR,Data Analyst
4147,Finance,Data Analyst
4148,Marketing,Trainer
4149,Sales,Software Engineer
4150,Marketing,Software Engineer
4151,IT,Data Analyst
4152,Operations,Software Engineer
4153,Sales,Marketing Executive
4154,HR,Manager
4155,IT,Data Analyst
4156,HR,Data Analyst
4157,HR,Marketing Executive
4158,IT,Software Engineer
4159,Marketing,Data Analyst
4160,Finance,Marketing Executive
4161,HR,Manager
4162,Marketing,Manager
4163,Operations,Trainer
4164,Finance,Marketing Executive
4165,HR,Marketing Executive
4166,Sales,Manager
4167,HR,Software Engineer
4168,Sales,Trainer
4169,HR,Marketing Executive
4170,Finance,Marketing Executive
4171,Finance,Data Analyst
4172,HR,Trainer
4173,HR,Data Analyst
4174,Sales,Manager
4175,Sales,Software Engineer
4176,HR,Marketing Executive
4177,Sales,Manager
4178,IT,Trainer
4179,Sales,Software Engineer
4180,Operations,Marketing Executive
4181,Operations,Software Engineer
4182,Finance,Marketing Executive
4183,Operations,Trainer
4184,Sales,Software Engineer
4185,Operations,Manager
4186,IT,Marketing Executive
4187,Operations,Data Analyst
4188,Operations,Trainer
4189,Marketing,Data Analyst
4190,Marketing,Marketing Executive
4191,HR,Trainer
4192,Finance,Data Analyst
4193,HR,Marketing Executive
4194,Marketing,Trainer
4195,Sales,Software Engineer
4196,Finance,Marketing Executive
4197,IT,Software Engineer
4198,Finance,Manager
4199,Sales,Software Engineer
4200,Operations,Data Analyst
4201,Operations,Trainer
4202,Finance,Data Analyst
4203,Finance,Software Engineer
4204,Marketing,Manager
4205,Sales,Data Analyst
4206,Operations,Data Analyst
4207,Marketing,Manager
4208,Finance,Marketing Executive
4209,Marketing,Trainer
4210,Sales,Trainer
4211,Finance,Trainer
4212,IT,Marketing Executive
4213,Finance,Trainer
4214,Marketing,Trainer
4215,Finance,Manager
4216,HR,Data Analyst
4217,Finance,Trainer
4218,Marketing,Marketing Executive
4219,Operations,Software Engineer
4220,IT,Manager
4221,IT,Manager
4222,Operations,Trainer
4223,Finance,Trainer
4224,Operations,Manager
4225,HR,Trainer
4226,Marketing,Manager
4227,Operations,Manager
4228,HR,Data Analyst
4229,Sales,Trainer
4230,HR,Marketing Executive
4231,Marketing,Trainer
4232,Marketing,Trainer
4233,IT,Marketing Executive
4234,HR,Trainer
4235,Marketing,Data Analyst
4236,Sales,Data Analyst
4237,Marketing,Data Analyst
4238,Finance,Trainer
4239,IT,Data Analyst
4240,Finance,Data Analyst
4241,HR,Software Engineer
4242,HR,Marketing Executive
4243,Marketing,Manager
4244,IT,Software Engineer
4245,IT,Marketing Executive
4246,Sales,Marketing Executive
4247,Finance,Software Engineer
4248,Sales,Trainer
4249,HR,Software Engineer
4250,Finance,Marketing Executive
4251,Operations,Data Analyst
4252,Finance,Marketing Executive
4253,HR,Data Analyst
4254,Sales,Manager
4255,HR,Marketing Executive
4256,Finance,Data Analyst
4257,Finance,Software Engineer
4258,Finance,Marketing Executive
4259,Sales,Manager
4260,Operations,Software Engineer
4261,HR,Data Analyst
4262,IT,Trainer
4263,Sales,Trainer
4264,Finance,Software Engineer
4265,Sales,Data Analyst
4266,IT,Software Engineer
4267,Finance,Data Analyst
4268,Marketing,Marketing Executive
4269,Finance,Data Analyst
4270,Sales,Manager
4271,Operations,Trainer
4272,Finance,Trainer
4273,Operations,Marketing Executive
4274,Marketing,Manager
4275,Sales,Software Engineer
4276,Sales,Data Analyst
4277,Sales,Manager
4278,Marketing,Software Engineer
4279,HR,Marketing Executive
4280,HR,Manager
4281,Sales,Software Engineer
4282,Finance,Software Engineer
4283,Marketing,Data Analyst
4284,Sales,Manager
4285,HR,Marketing Executive
4286,Marketing,Manager
4287,Finance,Data Analyst
4288,Finance,Trainer
4289,HR,Trainer
4290,Marketing,Trainer
4291,Operations,Software Engineer
4292,Sales,Data Analyst
4293,Operations,Manager
4294,Finance,Manager
4295,Finance,Software Engineer
4296,IT,Software Engineer
4297,IT,Software Engineer
4298,Finance,Manager
4299,HR,Marketing Executive
4300,Finance,Manager
4301,Operations,Marketing Executive
4302,Operations,Data Analyst
4303,IT,Manager
4304,Operations,Software Engineer
4305,HR,Trainer
4306,Marketing,Data Analyst
4307,IT,Marketing Executive
4308,Sales,Software Engineer
4309,IT,Manager
4310,Marketing,Trainer
4311,Sales,Software Engineer
4312,Marketing,Trainer
4313,Marketing,Trainer
4314,IT,Marketing Executive
4315,Sales,Software Engineer
4316,Marketing,Marketing Executive
4317,IT,Marketing Executive
4318,HR,Marketing Executive
4319,Operations,Manager
4320,HR,Marketing Executive
4321,Operations,Manager
4322,IT,Manager
4323,HR,Data Analyst
4324,IT,Data Analyst
4325,IT,Manager
4326,Marketing,Trainer
4327,IT,Manager
4328,Marketing,Manager
4329,Sales,Data Analyst
4330,HR,Manager
4331,HR,Marketing Executive
4332,HR,Data Analyst
4333,IT,Manager
4334,Operations,Manager
4335,Finance,Manager
4336,Sales,Manager
4337,Marketing,Manager
4338,Marketing,Trainer
4339,Sales,Data Analyst
4340,HR,Manager
4341,IT,Marketing Executive
4342,Finance,Manager
4343,HR,Marketing Executive
4344,IT,Trainer
4345,IT,Marketing Executive
4346,Marketing,Data Analyst
4347,Finance,Manager
4348,Operations,Marketing Executive
4349,Sales,Data Analyst
4350,Marketing,Trainer
4351,Operations,Trainer
4352,HR,Manager
4353,Marketing,Trainer
4354,Sales,Trainer
4355,Operations,Marketing Executive
4356,Finance,Software Engineer
4357,Sales,Marketing Executive
4358,HR,Manager
4359,HR,Marketing Executive
4360,Sales,Marketing Executive
4361,Sales,Data Analyst
4362,IT,Marketing Executive
4363,Operations,Trainer
4364,Finance,Marketing Executive
4365,IT,Software Engineer
4366,IT,Manager
4367,Sales,Trainer
4368,HR,Software Engineer
4369,Marketing,Software Engineer
4370,IT,Data Analyst
4371,IT,Trainer
4372,Finance,Data Analyst
4373,HR,Data Analyst
4374,Finance,Manager
4375,IT,Trainer
4376,Operations,Trainer
4377,Sales,Marketing Executive
4378,HR,Manager
4379,IT,Software Engineer
4380,Sales,Data Analyst
4381,Finance,Data Analyst
4382,HR,Manager
4383,Sales,Marketing Executive
4384,Finance,Marketing Executive
4385,Finance,Data Analyst
4386,IT,Marketing Executive
4387,Operations,Software Engineer
4388,Sales,Manager
4389,Operations,Software Engineer
4390,IT,Manager
4391,Marketing,Marketing Executive
4392,IT,Marketing Executive
4393,Sales,Data Analyst
4394,Marketing,Trainer
4395,Marketing,Software Engineer
4396,Marketing,Manager
4397,Finance,Data Analyst
4398,Finance,Data Analyst
4399,Operations,Marketing Executive
4400,Marketing,Trainer
4401,Finance,Manager
4402,HR,Marketing Executive
4403,Sales,Marketing Executive
4404,Operations,Manager
4405,Finance,Trainer
4406,Finance,Manager
4407,Operations,Software Engineer
4408,HR,Marketing Executive
4409,Finance,Software Engineer
4410,Operations,Data Analyst
4411,IT,Trainer
4412,Marketing,Software Engineer
4413,IT,Trainer
4414,IT,Trainer
4415,Operations,Data Analyst
4416,Sales,Data Analyst
4417,IT,Data Analyst
4418,Sales,Marketing Executive
4419,Operations,Software Engineer
4420,HR,Data Analyst
4421,IT,Trainer
4422,Finance,Manager
4423,IT,Manager
4424,Sales,Data Analyst
4425,Marketing,Software Engineer
4426,IT,Marketing Executive
4427,HR,Trainer
4428,Finance,Trainer
4429,Operations,Marketing Executive
4430,Operations,Software Engineer
4431,Operations,Software Engineer
4432,IT,Software Engineer
4433,Finance,Data Analyst
4434,Sales,Software Engineer
4435,IT,Software Engineer
4436,Marketing,Trainer
4437,HR,Software Engineer
4438,Marketing,Marketing Executive
4439,Marketing,Trainer
4440,HR,Trainer
4441,Sales,Trainer
4442,IT,Software Engineer
4443,Operations,Software Engineer
4444,Operations,Software Engineer
4445,IT,Software Engineer
4446,IT,Trainer
4447,HR,Marketing Executive
4448,Operations,Software Engineer
4449,Sales,Software Engineer
4450,HR,Trainer
4451,Finance,Marketing Executive
4452,Operations,Software Engineer
4453,Finance,Manager
4454,IT,Data Analyst
4455,Finance,Trainer
4456,IT,Manager
4457,Operations,Software Engineer
4458,Operations,Data Analyst
4459,Finance,Data Analyst
4460,IT,Software Engineer
4461,Sales,Data Analyst
4462,Operations,Trainer
4463,Marketing,Manager
4464,HR,Manager
4465,IT,Data Analyst
4466,Operations,Data Analyst
4467,Sales,Marketing Executive
4468,IT,Trainer
4469,Sales,Manager
4470,IT,Manager
4471,Marketing,Trainer
4472,IT,Marketing Executive
4473,Sales,Trainer
4474,Operations,Software Engineer
4475,HR,Trainer
4476,Sales,Software Engineer
4477,Finance,Data Analyst
4478,HR,Manager
4479,Operations,Manager
4480,Operations,Marketing Executive
4481,Sales,Software Engineer
4482,Finance,Data Analyst
4483,Sales,Software Engineer
4484,IT,Data Analyst
4485,Sales,Data Analyst
4486,Finance,Software Engineer
4487,Operations,Software Engineer
4488,HR,Data Analyst
4489,HR,Trainer
4490,Finance,Manager
4491,HR,Trainer
4492,IT,Trainer
4493,Sales,Data Analyst
4494,Operations,Marketing Executive
4495,Sales,Trainer
4496,IT,Data Analyst
4497,Marketing,Data Analyst
4498,IT,Marketing Executive
4499,Operations,Manager
4500,Operations,Marketing Executive
4501,Finance,Trainer
4502,IT,Data Analyst
4503,Finance,Marketing Executive
4504,Marketing,Trainer
4505,Finance,Manager
4506,Marketing,Marketing Executive
4507,Finance,Marketing Executive
4508,Marketing,Trainer
4509,Sales,Trainer
4510,Finance,Data Analyst
4511,Marketing,Data Analyst
4512,Finance,Software Engineer
4513,Marketing,Marketing Executive
4514,Finance,Software Engineer
4515,Sales,Data Analyst
4516,Finance,Marketing Executive
4517,IT,Data Analyst
4518,HR,Data Analyst
4519,Finance,Trainer
4520,Sales,Trainer
4521,Sales,Manager
4522,Operations,Software Engineer
4523,Operations,Trainer
4524,Finance,Data Analyst
4525,IT,Trainer
4526,Finance,Trainer
4527,IT,Manager
4528,Operations,Manager
4529,Sales,Marketing Executive
4530,IT,Marketing Executive
4531,Marketing,Software Engineer
4532,Marketing,Data Analyst
4533,IT,Data Analyst
4534,IT,Software Engineer
4535,HR,Trainer
4536,Marketing,Trainer
4537,Operations,Data Analyst
4538,HR,Manager
4539,IT,Trainer
4540,Marketing,Marketing Executive
4541,HR,Manager
4542,IT,Data Analyst
4543,Operations,Software Engineer
4544,Finance,Software Engineer
4545,Marketing,Data Analyst
4546,Finance,Manager
4547,Finance,Data Analyst
4548,HR,Manager
4549,Operations,Data Analyst
4550,Marketing,Manager
4551,Operations,Data Analyst
4552,Marketing,Marketing Executive
4553,Marketing,Manager
4554,Marketing,Data Analyst
4555,Operations,Manager
4556,Finance,Trainer
4557,Marketing,Marketing Executive
4558,Operations,Marketing Executive
4559,Sales,Software Engineer
4560,HR,Trainer
4561,Operations,Data Analyst
4562,Finance,Software Engineer
4563,Finance,Data Analyst
4564,HR,Trainer
4565,Marketing,Marketing Executive
4566,Marketing,Marketing Executive
4567,HR,Manager
4568,Finance,Software Engineer
4569,Finance,Manager
4570,Finance,Software Engineer
4571,HR,Data Analyst
4572,Marketing,Data Analyst
4573,Finance,Manager
4574,Operations,Marketing Executive
4575,Finance,Data Analyst
4576,Operations,Marketing Executive
4577,IT,Data Analyst
4578,IT,Software Engineer
4579,HR,Trainer
4580,Operations,Manager
4581,IT,Trainer
4582,HR,Software Engineer
4583,IT,Manager
4584,HR,Software Engineer
4585,Sales,Software Engineer
4586,Finance,Trainer
4587,Marketing,Data Analyst
4588,HR,Data Analyst
4589,Finance,Marketing Executive
4590,Operations,Software Engineer
4591,Sales,Data Analyst
4592,Finance,Marketing Executive
4593,IT,Trainer
4594,Marketing,Software Engineer
4595,Finance,Manager
4596,Sales,Trainer
4597,Finance,Trainer
4598,HR,Trainer
4599,Operations,Software Engineer
4600,Operations,Data Analyst
4601,Marketing,Data Analyst
4602,Finance,Marketing Executive
4603,Marketing,Manager
4604,Sales,Software Engineer
4605,Operations,Trainer
4606,IT,Manager
4607,Operations,Manager
4608,Operations,Data Analyst
4609,Finance,Trainer
4610,HR,Trainer
4611,Operations,Trainer
4612,HR,Marketing Executive
4613,Finance,Marketing Executive
4614,IT,Trainer
4615,Operations,Marketing Executive
4616,Sales,Software Engineer
4617,Sales,Software Engineer
4618,HR,Trainer
4619,Sales,Manager
4620,Marketing,Data Analyst
4621,Operations,Manager
4622,Sales,Manager
4623,IT,Marketing Executive
4624,Marketing,Software Engineer
4625,IT,Software Engineer
4626,HR,Manager
4627,HR,Data Analyst
4628,IT,Marketing Executive
4629,IT,Software Engineer
4630,IT,Manager
4631,Operations,Trainer
4632,HR,Manager
4633,Finance,Marketing Executive
4634,Marketing,Trainer
4635,Sales,Software Engineer
4636,HR,Manager
4637,Marketing,Trainer
4638,HR,Marketing Executive
4639,Sales,Manager
4640,Sales,Data Analyst
4641,Finance,Data Analyst
4642,HR,Trainer
4643,IT,Manager
4644,Marketing,Marketing Executive
4645,Marketing,Marketing Executive
4646,Sales,Manager
4647,IT,Marketing Executive
4648,Operations,Marketing Executive
4649,Finance,Software Engineer
4650,Sales,Marketing Executive
4651,Operations,Trainer
4652,HR,Data Analyst
4653,Operations,Marketing Executive
4654,Finance,Manager
4655,Finance,Data Analyst
4656,IT,Data Analyst
4657,HR,Manager
4658,Sales,Software Engineer
4659,Finance,Software Engineer
4660,Operations,Data Analyst
4661,IT,Software Engineer
4662,Finance,Marketing Executive
4663,Operations,Manager
4664,Operations,Marketing Executive
4665,Operations,Software Engineer
4666,Operations,Trainer
4667,Operations,Data Analyst
4668,Operations,Marketing Executive
4669,Operations,Data Analyst
4670,Marketing,Data Analyst
4671,HR,Trainer
4672,Marketing,Software Engineer
4673,Marketing,Data Analyst
4674,Operations,Software Engineer
4675,Sales,Marketing Executive
4676,IT,Marketing Executive
4677,Sales,Manager
4678,Sales,Software Engineer
4679,IT,Trainer
4680,Finance,Software Engineer
4681,Marketing,Manager
4682,Operations,Software Engineer
4683,HR,Software Engineer
4684,Sales,Data Analyst
4685,IT,Marketing Executive
4686,Marketing,Manager
4687,Finance,Marketing Executive
4688,Sales,Data Analyst
4689,IT,Manager
4690,Sales,Marketing Executive
4691,HR,Data Analyst
4692,IT,Software Engineer
4693,Finance,Software Engineer
4694,Finance,Marketing Executive
4695,IT,Data Analyst
4696,Operations,Data Analyst
4697,Finance,Software Engineer
4698,Marketing,Marketing Executive
4699,Sales,Manager
4700,IT,Marketing Executive
4701,Marketing,Marketing Executive
4702,HR,Trainer
4703,Operations,Manager
4704,Operations,Trainer
4705,HR,Trainer
4706,Marketing,Software Engineer
4707,Sales,Data Analyst
4708,Operations,Software Engineer
4709,Operations,Trainer
4710,HR,Data Analyst
4711,HR,Trainer
4712,HR,Data Analyst
4713,IT,Data Analyst
4714,Operations,Trainer
4715,Operations,Data Analyst
4716,Marketing,Manager
4717,Operations,Data Analyst
4718,Finance,Manager
4719,Marketing,Marketing Executive
4720,HR,Software Engineer
4721,Operations,Manager
4722,Operations,Data Analyst
4723,Marketing,Software Engineer
4724,Marketing,Trainer
4725,HR,Software Engineer
4726,Finance,Trainer
4727,IT,Software Engineer
4728,Finance,Trainer
4729,Marketing,Marketing Executive
4730,Marketing,Marketing Executive
4731,Marketing,Data Analyst
4732,IT,Marketing Executive
4733,Operations,Marketing Executive
4734,IT,Data Analyst
4735,HR,Marketing Executive
4736,IT,Manager
4737,Sales,Data Analyst
4738,Sales,Trainer
4739,Sales,Data Analyst
4740,Finance,Software Engineer
4741,Operations,Data Analyst
4742,HR,Software Engineer
4743,Finance,Software Engineer
4744,Sales,Data Analyst
4745,IT,Marketing Executive
4746,Finance,Marketing Executive
4747,Marketing,Marketing Executive
4748,Marketing,Marketing Executive
4749,Marketing,Manager
4750,Marketing,Trainer
4751,IT,Manager
4752,Finance,Marketing Executive
4753,IT,Manager
4754,Operations,Software Engineer
4755,Marketing,Data Analyst
4756,Marketing,Data Analyst
4757,IT,Software Engineer
4758,Marketing,Trainer
4759,IT,Data Analyst
4760,Operations,Trainer
4761,HR,Software Engineer
4762,Finance,Software Engineer
4763,Operations,Trainer
4764,Finance,Manager
4765,Operations,Trainer
4766,IT,Manager
4767,Marketing,Trainer
4768,Finance,Data Analyst
4769,Sales,Software Engineer
4770,IT,Marketing Executive
4771,Marketing,Marketing Executive
4772,HR,Trainer
4773,HR,Software Engineer
4774,Sales,Trainer
4775,HR,Manager
4776,Sales,Manager
4777,Finance,Data Analyst
4778,HR,Data Analyst
4779,Marketing,Software Engineer
4780,Operations,Data Analyst
4781,Marketing,Trainer
4782,Finance,Software Engineer
4783,IT,Software Engineer
4784,Operations,Software Engineer
4785,Operations,Marketing Executive
4786,Marketing,Manager
4787,IT,Data Analyst
4788,Marketing,Manager
4789,Marketing,Manager
4790,Finance,Manager
4791,Finance,Marketing Executive
4792,Marketing,Software Engineer
4793,IT,Trainer
4794,Operations,Marketing Executive
4795,Operations,Trainer
4796,HR,Trainer
4797,HR,Manager
4798,Sales,Manager
4799,Sales,Manager
4800,IT,Marketing Executive
4801,Finance,Data Analyst
4802,HR,Trainer
4803,HR,Software Engineer
4804,HR,Software Engineer
4805,Sales,Manager
4806,Marketing,Trainer
4807,Sales,Manager
4808,HR,Marketing Executive
4809,Sales,Marketing Executive
4810,IT,Software Engineer
4811,Sales,Marketing Executive
4812,Operations,Software Engineer
4813,IT,Trainer
4814,Marketing,Manager
4815,Marketing,Software Engineer
4816,IT,Software Engineer
4817,Marketing,Manager
4818,Finance,Trainer
4819,Sales,Software Engineer
4820,IT,Software Engineer
4821,Finance,Trainer
4822,HR,Software Engineer
4823,HR,Manager
4824,Finance,Marketing Executive
4825,IT,Software Engineer
4826,Marketing,Software Engineer
4827,Marketing,Data Analyst
4828,Operations,Trainer
4829,Operations,Data Analyst
4830,Finance,Data Analyst
4831,Marketing,Software Engineer
4832,Operations,Marketing Executive
4833,HR,Software Engineer
4834,Operations,Marketing Executive
4835,Marketing,Manager
4836,Finance,Manager
4837,Finance,Software Engineer
4838,Sales,Data Analyst
4839,Marketing,Manager
4840,Sales,Software Engineer
4841,Finance,Data Analyst
4842,Sales,Manager
4843,IT,Software Engineer
4844,Operations,Data Analyst
4845,Marketing,Trainer
4846,Marketing,Marketing Executive
4847,Marketing,Manager
4848,Marketing,Manager
4849,IT,Software Engineer
4850,Operations,Data Analyst
4851,Sales,Data Analyst
4852,Operations,Trainer
4853,Finance,Manager
4854,IT,Software Engineer
4855,HR,Manager
4856,HR,Marketing Executive
4857,HR,Data Analyst
4858,IT,Marketing Executive
4859,Marketing,Trainer
4860,HR,Marketing Executive
4861,IT,Manager
4862,IT,Manager
4863,Marketing,Marketing Executive
4864,HR,Software Engineer
4865,HR,Trainer
4866,Finance,Manager
4867,Operations,Manager
4868,Sales,Trainer
4869,HR,Software Engineer
4870,Marketing,Marketing Executive
4871,IT,Data Analyst
4872,Marketing,Software Engineer
4873,Sales,Software Engineer
4874,HR,Trainer
4875,HR,Manager
4876,Marketing,Marketing Executive
4877,HR,Manager
4878,HR,Software Engineer
4879,IT,Marketing Executive
4880,Sales,Marketing Executive
4881,HR,Software Engineer
4882,IT,Trainer
4883,Finance,Marketing Executive
4884,Finance,Data Analyst
4885,Finance,Software Engineer
4886,IT,Data Analyst
4887,Finance,Software Engineer
4888,IT,Marketing Executive
4889,IT,Trainer
4890,HR,Trainer
4891,Marketing,Manager
4892,Sales,Data Analyst
4893,Operations,Manager
4894,Finance,Marketing Executive
4895,Operations,Trainer
4896,Marketing,Marketing Executive
4897,IT,Marketing Executive
4898,Finance,Marketing Executive
4899,Operations,Software Engineer
4900,Marketing,Trainer
4901,HR,Data Analyst
4902,Sales,Trainer
4903,IT,Manager
4904,Operations,Software Engineer
4905,Operations,Manager
4906,Marketing,Trainer
4907,Operations,Marketing Executive
4908,IT,Data Analyst
4909,Finance,Trainer
4910,Finance,Marketing Executive
4911,Sales,Manager
4912,IT,Software Engineer
4913,Operations,Software Engineer
4914,Operations,Manager
4915,Sales,Manager
4916,Operations,Manager
4917,HR,Software Engineer
4918,Finance,Trainer
4919,HR,Marketing Executive
4920,Marketing,Software Engineer
4921,Finance,Data Analyst
4922,Marketing,Data Analyst
4923,Sales,Trainer
4924,Finance,Software Engineer
4925,IT,Data Analyst
4926,Operations,Trainer
4927,IT,Trainer
4928,HR,Manager
4929,IT,Trainer
4930,IT,Trainer
4931,Sales,Software Engineer
4932,Sales,Trainer
4933,Sales,Marketing Executive
4934,Operations,Manager
4935,HR,Manager
4936,Finance,Data Analyst
4937,IT,Data Analyst
4938,Marketing,Data Analyst
4939,IT,Trainer
4940,Marketing,Marketing Executive
4941,HR,Trainer
4942,HR,Software Engineer
4943,HR,Marketing Executive
4944,Marketing,Data Analyst
4945,HR,Data Analyst
4946,Marketing,Trainer
4947,Marketing,Data Analyst
4948,Marketing,Data Analyst
4949,Finance,Trainer
4950,Operations,Trainer
4951,Sales,Software Engineer
4952,Operations,Software Engineer
4953,HR,Marketing Executive
4954,Finance,Data Analyst
4955,Finance,Data Analyst
4956,Sales,Software Engineer
4957,Operations,Trainer
4958,Sales,Data Analyst
4959,IT,Trainer
4960,Sales,Trainer
4961,HR,Software Engineer
4962,Operations,Trainer
4963,Finance,Software Engineer
4964,IT,Manager
4965,IT,Trainer
4966,Marketing,Trainer
4967,IT,Software Engineer
4968,HR,Data Analyst
4969,Marketing,Marketing Executive
4970,Sales,Manager
4971,Operations,Manager
4972,Marketing,Data Analyst
4973,Marketing,Trainer
4974,Marketing,Data Analyst
4975,IT,Manager
4976,IT,Marketing Executive
4977,Finance,Data Analyst
4978,IT,Trainer
4979,Sales,Data Analyst
4980,Operations,Marketing Executive
4981,HR,Trainer
4982,HR,Software Engineer
4983,Marketing,Trainer
4984,HR,Software Engineer
4985,Sales,Data Analyst
4986,Marketing,Data Analyst
4987,Operations,Software Engineer
4988,Operations,Trainer
4989,Marketing,Data Analyst
4990,IT,Marketing Executive
4991,HR,Software Engineer
4992,IT,Software Engineer
4993,Operations,Software Engineer
4994,IT,Marketing Executive
4995,Sales,Data Analyst
4996,Finance,Data Analyst
4997,HR,Trainer
4998,IT,Marketing Executive
4999,Operations,Marketing Executive
5000,Marketing,Software Engineer
5001,IT,Data Analyst
5002,Marketing,Software Engineer
5003,IT,Marketing Executive
5004,Sales,Data Analyst
5005,HR,Marketing Executive
5006,Sales,Data Analyst
5007,Finance,Data Analyst
5008,IT,Manager
5009,HR,Data Analyst
5010,Finance,Software Engineer
5011,Sales,Manager
5012,Finance,Software Engineer
5013,Finance,Software Engineer
5014,IT,Trainer
5015,Finance,Software Engineer
5016,Finance,Trainer
5017,Sales,Data Analyst
5018,Finance,Manager
5019,IT,Manager
5020,Operations,Software Engineer
5021,Finance,Data Analyst
5022,Sales,Software Engineer
5023,IT,Data Analyst
5024,Marketing,Manager
5025,IT,Software Engineer
5026,Sales,Software Engineer
5027,Operations,Marketing Executive
5028,Operations,Software Engineer
5029,Finance,Data Analyst
5030,Marketing,Marketing Executive
5031,Sales,Software Engineer
5032,Finance,Manager
5033,IT,Software Engineer
5034,Marketing,Marketing Executive
5035,Sales,Trainer
5036,Marketing,Marketing Executive
5037,IT,Manager
5038,Operations,Software Engineer
5039,IT,Manager
5040,IT,Trainer
5041,Finance,Marketing Executive
5042,HR,Data Analyst
5043,Sales,Trainer
5044,Operations,Software Engineer
5045,Operations,Trainer
5046,HR,Manager
5047,Finance,Manager
5048,Sales,Marketing Executive
5049,HR,Marketing Executive
5050,Finance,Trainer
5051,Sales,Trainer
5052,Finance,Marketing Executive
5053,Finance,Data Analyst
5054,HR,Manager
5055,Finance,Data Analyst
5056,Operations,Software Engineer
5057,HR,Software Engineer
5058,HR,Manager
5059,Operations,Data Analyst
5060,Marketing,Manager
5061,Marketing,Data Analyst
5062,IT,Marketing Executive
5063,Operations,Data Analyst
5064,Operations,Trainer
5065,IT,Trainer
5066,Operations,Marketing Executive
5067,Marketing,Data Analyst
5068,Operations,Trainer
5069,HR,Manager
5070,HR,Trainer
5071,Marketing,Marketing Executive
5072,Marketing,Software Engineer
5073,IT,Trainer
5074,IT,Marketing Executive
5075,HR,Software Engineer
5076,Sales,Trainer
5077,Finance,Trainer
5078,Sales,Manager
5079,Finance,Software Engineer
5080,HR,Manager
5081,IT,Data Analyst
5082,Sales,Marketing Executive
5083,Finance,Marketing Executive
5084,Marketing,Manager
5085,Marketing,Data Analyst
5086,Finance,Software Engineer
5087,Marketing,Data Analyst
5088,Operations,Manager
5089,Marketing,Trainer
5090,Marketing,Trainer
5091,Finance,Manager
5092,IT,Trainer
5093,HR,Data Analyst
5094,Sales,Marketing Executive
5095,Operations,Trainer
5096,Operations,Marketing Executive
5097,Finance,Data Analyst
5098,IT,Marketing Executive
5099,Marketing,Marketing Executive
5100,Finance,Trainer
5101,Sales,Marketing Executive
5102,Marketing,Software Engineer
5103,IT,Trainer
5104,Sales,Data Analyst
5105,Marketing,Manager
5106,Sales,Manager
5107,Sales,Marketing Executive
5108,IT,Data Analyst
5109,IT,Manager
5110,IT,Marketing Executive
5111,Marketing,Data Analyst
5112,Sales,Marketing Executive
5113,Operations,Trainer
5114,Operations,Manager
5115,Operations,Marketing Executive
5116,Marketing,Software Engineer
5117,Finance,Data Analyst
5118,IT,Manager
5119,Operations,Manager
5120,Finance,Data Analyst
5121,HR,Manager
5122,Operations,Trainer
5123,Finance,Marketing Executive
5124,IT,Marketing Executive
5125,IT,Data Analyst
5126,Marketing,Marketing Executive
5127,Finance,Marketing Executive
5128,Marketing,Marketing Executive
5129,Sales,Marketing Executive
5130,Sales,Trainer
5131,Marketing,Software Engineer
5132,HR,Marketing Executive
5133,Finance,Manager
5134,Operations,Manager
5135,Sales,Software Engineer
5136,Operations,Trainer
5137,IT,Manager
5138,Finance,Trainer
5139,Marketing,Trainer
5140,Finance,Marketing Executive
5141,Sales,Trainer
5142,Marketing,Marketing Executive
5143,HR,Data Analyst
5144,Marketing,Software Engineer
5145,Marketing,Software Engineer
5146,IT,Trainer
5147,Finance,Data Analyst
5148,Finance,Trainer
5149,Operations,Data Analyst
5150,HR,Software Engineer
5151,HR,Manager
5152,IT,Trainer
5153,Marketing,Trainer
5154,Finance,Manager
5155,Finance,Trainer
5156,Operations,Trainer
5157,Finance,Trainer
5158,Sales,Data Analyst
5159,Operations,Data Analyst
5160,Marketing,Trainer
5161,Finance,Marketing Executive
5162,Marketing,Software Engineer
5163,Marketing,Trainer
5164,HR,Software Engineer
5165,Sales,Data Analyst
5166,Sales,Trainer
5167,Sales,Software Engineer
5168,Marketing,Marketing Executive
5169,Finance,Data Analyst
5170,Marketing,Trainer
5171,Marketing,Data Analyst
5172,Marketing,Data Analyst
5173,Operations,Software Engineer
5174,Marketing,Marketing Executive
5175,Sales,Software Engineer
5176,Sales,Manager
5177,IT,Trainer
5178,HR,Trainer
5179,Sales,Marketing Executive
5180,HR,Trainer
5181,Finance,Software Engineer
5182,Finance,Trainer
5183,Finance,Marketing Executive
5184,Finance,Marketing Executive
5185,IT,Marketing Executive
5186,Marketing,Software Engineer
5187,Sales,Marketing Executive
5188,Marketing,Data Analyst
5189,IT,Software Engineer
5190,IT,Marketing Executive
5191,IT,Software Engineer
5192,HR,Manager
5193,IT,Data Analyst
5194,Finance,Manager
5195,IT,Data Analyst
5196,HR,Software Engineer
5197,Sales,Manager
5198,Operations,Marketing Executive
5199,HR,Manager
5200,Sales,Marketing Executive
5201,Finance,Manager
5202,Operations,Data Analyst
5203,Operations,Data Analyst
5204,Marketing,Software Engineer
5205,HR,Trainer
5206,HR,Marketing Executive
5207,Marketing,Trainer
5208,Finance,Marketing Executive
5209,Finance,Data Analyst
5210,Sales,Software Engineer
5211,Sales,Manager
5212,Finance,Software Engineer
5213,Finance,Data Analyst
5214,Finance,Marketing Executive
5215,Marketing,Marketing Executive
5216,Sales,Software Engineer
5217,IT,Data Analyst
5218,IT,Trainer
5219,Marketing,Trainer
5220,Marketing,Marketing Executive
5221,Marketing,Data Analyst
5222,Sales,Manager
5223,Marketing,Software Engineer
5224,Operations,Trainer
5225,HR,Data Analyst
5226,Finance,Marketing Executive
5227,HR,Trainer
5228,Sales,Manager
5229,Marketing,Data Analyst
5230,IT,Manager
5231,Marketing,Software Engineer
5232,Marketing,Marketing Executive
5233,Sales,Manager
5234,Sales,Trainer
5235,Marketing,Software Engineer
5236,Finance,Marketing Executive
5237,Operations,Manager
5238,HR,Software Engineer
5239,Finance,Marketing Executive
5240,Sales,Software Engineer
5241,HR,Trainer
5242,IT,Trainer
5243,Operations,Manager
5244,Sales,Trainer
5245,Sales,Software Engineer
5246,Marketing,Data Analyst
5247,IT,Trainer
5248,IT,Data Analyst
5249,HR,Marketing Executive
5250,Finance,Manager
5251,Operations,Manager
5252,HR,Trainer
5253,HR,Trainer
5254,HR,Manager
5255,Marketing,Trainer
5256,Operations,Manager
5257,Finance,Marketing Executive
5258,Finance,Software Engineer
5259,HR,Manager
5260,HR,Trainer
5261,IT,Trainer
5262,Marketing,Data Analyst
5263,IT,Trainer
5264,Operations,Marketing Executive
5265,IT,Software Engineer
5266,Operations,Marketing Executive
5267,Finance,Trainer
5268,Operations,Data Analyst
5269,Marketing,Data Analyst
5270,Operations,Marketing Executive
5271,Sales,Marketing Executive
5272,IT,Software Engineer
5273,Marketing,Data Analyst
5274,Sales,Data Analyst
5275,IT,Manager
5276,Finance,Data Analyst
5277,Marketing,Marketing Executive
5278,Finance,Software Engineer
5279,Marketing,Data Analyst
5280,IT,Trainer
5281,Sales,Marketing Executive
5282,Operations,Trainer
5283,HR,Manager
5284,Sales,Marketing Executive
5285,Sales,Marketing Executive
5286,Operations,Marketing Executive
5287,Finance,Manager
5288,HR,Manager
5289,HR,Data Analyst
5290,Sales,Trainer
5291,IT,Data Analyst
5292,Marketing,Data Analyst
5293,Marketing,Trainer
5294,Operations,Trainer
5295,Finance,Trainer
5296,Finance,Trainer
5297,Operations,Marketing Executive
5298,Operations,Data Analyst
5299,Marketing,Data Analyst
5300,Sales,Manager
5301,Marketing,Data Analyst
5302,IT,Manager
5303,Marketing,Data Analyst
5304,IT,Marketing Executive
5305,Operations,Manager
5306,Finance,Software Engineer
5307,IT,Data Analyst
5308,HR,Data Analyst
5309,HR,Marketing Executive
5310,Operations,Data Analyst
5311,Marketing,Data Analyst
5312,Finance,Manager
5313,Sales,Data Analyst
5314,HR,Marketing Executive
5315,Operations,Software Engineer
5316,Sales,Software Engineer
5317,IT,Software Engineer
5318,IT,Marketing Executive
5319,Operations,Data Analyst
5320,Operations,Software Engineer
5321,IT,Manager
5322,Operations,Data Analyst
5323,Operations,Marketing Executive
5324,Sales,Trainer
5325,Operations,Manager
5326,Finance,Software Engineer
5327,Marketing,Software Engineer
5328,HR,Data Analyst
5329,Sales,Manager
5330,Sales,Software Engineer
5331,Sales,Manager
5332,Operations,Software Engineer
5333,Finance,Software Engineer
5334,IT,Data Analyst
5335,Operations,Software Engineer
5336,IT,Marketing Executive
5337,Finance,Software Engineer
5338,Operations,Software Engineer
5339,Marketing,Trainer
5340,Sales,Manager
5341,Marketing,Manager
5342,Marketing,Trainer
5343,Finance,Marketing Executive
5344,HR,Trainer
5345,IT,Data Analyst
5346,Operations,Software Engineer
5347,Operations,Trainer
5348,Operations,Data Analyst
5349,HR,Trainer
5350,IT,Trainer
5351,Marketing,Marketing Executive
5352,Sales,Marketing Executive
5353,Operations,Manager
5354,HR,Marketing Executive
5355,Marketing,Manager
5356,Finance,Trainer
5357,HR,Software Engineer
5358,Finance,Trainer
5359,Marketing,Data Analyst
5360,Operations,Data Analyst
5361,Finance,Trainer
5362,Operations,Data Analyst
5363,Sales,Software Engineer
5364,Finance,Software Engineer
5365,Finance,Software Engineer
5366,IT,Manager
5367,Sales,Trainer
5368,Operations,Trainer
5369,IT,Manager
5370,Sales,Software Engineer
5371,Operations,Trainer
5372,Marketing,Data Analyst
5373,Marketing,Marketing Executive
5374,Marketing,Manager
5375,Marketing,Trainer
5376,HR,Marketing Executive
5377,Finance,Data Analyst
5378,HR,Data Analyst
5379,Sales,Trainer
5380,IT,Software Engineer
5381,Marketing,Manager
5382,HR,Manager
5383,Sales,Trainer
5384,IT,Data Analyst
5385,Operations,Trainer
5386,IT,Data Analyst
5387,Finance,Data Analyst
5388,IT,Software Engineer
5389,Operations,Software Engineer
5390,IT,Marketing Executive
5391,Finance,Manager
5392,Finance,Software Engineer
5393,IT,Trainer
5394,Operations,Data Analyst
5395,IT,Data Analyst
5396,HR,Trainer
5397,Marketing,Trainer
5398,Finance,Software Engineer
5399,Operations,Software Engineer
5400,Operations,Marketing Executive
5401,Sales,Marketing Executive
5402,Marketing,Marketing Executive
5403,HR,Marketing Executive
5404,Operations,Manager
5405,Marketing,Marketing Executive
5406,Sales,Marketing Executive
5407,Operations,Marketing Executive
5408,IT,Software Engineer
5409,IT,Software Engineer
5410,Marketing,Manager
5411,HR,Data Analyst
5412,HR,Software Engineer
5413,Sales,Data Analyst
5414,HR,Trainer
5415,HR,Marketing Executive
5416,Marketing,Software Engineer
5417,Finance,Manager
5418,HR,Trainer
5419,Operations,Data Analyst
5420,IT,Data Analyst
5421,Finance,Software Engineer
5422,Marketing,Trainer
5423,IT,Marketing Executive
5424,Finance,Software Engineer
5425,Marketing,Software Engineer
5426,HR,Marketing Executive
5427,Marketing,Software Engineer
5428,Sales,Software Engineer
5429,Finance,Marketing Executive
5430,IT,Marketing Executive
5431,Sales,Data Analyst
5432,Sales,Marketing Executive
5433,Operations,Trainer
5434,Marketing,Data Analyst
5435,Sales,Marketing Executive
5436,HR,Marketing Executive
5437,Operations,Software Engineer
5438,HR,Software Engineer
5439,HR,Manager
5440,Finance,Marketing Executive
5441,Operations,Software Engineer
5442,Sales,Manager
5443,Finance,Manager
5444,Marketing,Data Analyst
5445,HR,Data Analyst
5446,Sales,Trainer
5447,HR,Marketing Executive
5448,HR,Trainer
5449,Finance,Marketing Executive
5450,Finance,Manager
5451,Finance,Manager
5452,Marketing,Manager
5453,Marketing,Manager
5454,HR,Software Engineer
5455,Finance,Manager
5456,Marketing,Marketing Executive
5457,Operations,Marketing Executive
5458,IT,Data Analyst
5459,Finance,Software Engineer
5460,HR,Trainer
5461,IT,Marketing Executive
5462,Operations,Data Analyst
5463,Finance,Trainer
5464,Finance,Manager
5465,Finance,Software Engineer
5466,Operations,Data Analyst
5467,Marketing,Software Engineer
5468,HR,Software Engineer
5469,Marketing,Software Engineer
5470,HR,Data Analyst
5471,HR,Software Engineer
5472,Marketing,Marketing Executive
5473,Finance,Software Engineer
5474,IT,Manager
5475,HR,Marketing Executive
5476,Sales,Marketing Executive
5477,Marketing,Trainer
5478,Finance,Manager
5479,Sales,Manager
5480,Sales,Marketing Executive
5481,IT,Software Engineer
5482,Finance,Software Engineer
5483,HR,Data Analyst
5484,Sales,Trainer
5485,Finance,Data Analyst
5486,Operations,Data Analyst
5487,Operations,Marketing Executive
5488,IT,Trainer
5489,Operations,Trainer
5490,IT,Marketing Executive
5491,Sales,Software Engineer
5492,HR,Data Analyst
5493,Marketing,Marketing Executive
5494,Sales,Data Analyst
5495,Finance,Data Analyst
5496,Finance,Trainer
5497,Marketing,Trainer
5498,Finance,Trainer
5499,Operations,Manager
5500,Sales,Data Analyst
5501,IT,Trainer
5502,HR,Marketing Executive
5503,Operations,Manager
5504,HR,Software Engineer
5505,Finance,Marketing Executive
5506,Marketing,Manager
5507,HR,Manager
5508,Sales,Trainer
5509,Sales,Marketing Executive
5510,HR,Marketing Executive
5511,Operations,Data Analyst
5512,Marketing,Data Analyst
5513,HR,Manager
5514,Marketing,Software Engineer
5515,Operations,Manager
5516,Operations,Marketing Executive
5517,Marketing,Trainer
5518,Marketing,Manager
5519,Sales,Data Analyst
5520,Finance,Data Analyst
5521,Sales,Trainer
5522,Finance,Marketing Executive
5523,HR,Manager
5524,Finance,Software Engineer
5525,IT,Data Analyst
5526,Operations,Data Analyst
5527,Operations,Marketing Executive
5528,HR,Trainer
5529,Marketing,Software Engineer
5530,Operations,Trainer
5531,Operations,Marketing Executive
5532,IT,Manager
5533,Operations,Marketing Executive
5534,HR,Software Engineer
5535,HR,Software Engineer
5536,HR,Software Engineer
5537,Marketing,Software Engineer
5538,Operations,Software Engineer
5539,Finance,Manager
5540,IT,Manager
5541,Finance,Software Engineer
5542,Finance,Trainer
5543,IT,Software Engineer
5544,Marketing,Data Analyst
5545,Marketing,Software Engineer
5546,IT,Manager
5547,Operations,Data Analyst
5548,Sales,Data Analyst
5549,Sales,Software Engineer
5550,HR,Manager
5551,Marketing,Data Analyst
5552,Finance,Data Analyst
5553,Operations,Data Analyst
5554,Finance,Data Analyst
5555,Finance,Software Engineer
5556,Operations,Marketing Executive
5557,HR,Trainer
5558,HR,Data Analyst
5559,Finance,Marketing Executive
5560,Sales,Marketing Executive
5561,Operations,Data Analyst
5562,HR,Trainer
5563,Finance,Trainer
5564,Finance,Data Analyst
5565,Finance,Software Engineer
5566,Sales,Data Analyst
5567,Operations,Software Engineer
5568,IT,Trainer
5569,IT,Manager
5570,Operations,Manager
5571,HR,Marketing Executive
5572,Operations,Manager
5573,HR,Software Engineer
5574,IT,Trainer
5575,Finance,Trainer
5576,IT,Marketing Executive
5577,Sales,Manager
5578,Operations,Trainer
5579,Finance,Software Engineer
5580,IT,Trainer
5581,Sales,Manager
5582,Finance,Marketing Executive
5583,Finance,Data Analyst
5584,HR,Trainer
5585,Operations,Trainer
5586,Sales,Marketing Executive
5587,Marketing,Data Analyst
5588,HR,Manager
5589,Finance,Marketing Executive
5590,IT,Software Engineer
5591,Operations,Manager
5592,Sales,Trainer
5593,IT,Marketing Executive
5594,HR,Trainer
5595,Marketing,Manager
5596,HR,Data Analyst
5597,Marketing,Software Engineer
5598,Operations,Manager
5599,Marketing,Data Analyst
5600,Sales,Software Engineer
5601,Sales,Trainer
5602,HR,Manager
5603,Sales,Marketing Executive
5604,Marketing,Trainer
5605,HR,Manager
5606,IT,Marketing Executive
5607,IT,Trainer
5608,Marketing,Marketing Executive
5609,Marketing,Data Analyst
5610,Sales,Manager
5611,Marketing,Software Engineer
5612,Finance,Marketing Executive
5613,HR,Trainer
5614,Sales,Marketing Executive
5615,Sales,Marketing Executive
5616,HR,Software Engineer
5617,Operations,Trainer
5618,HR,Marketing Executive
5619,Operations,Manager
5620,HR,Trainer
5621,Finance,Trainer
5622,IT,Manager
5623,HR,Data Analyst
5624,IT,Marketing Executive
5625,IT,Software Engineer
5626,IT,Marketing Executive
5627,Finance,Manager
5628,HR,Marketing Executive
5629,Operations,Manager
5630,Finance,Marketing Executive
5631,Sales,Manager
5632,Finance,Trainer
5633,Operations,Manager
5634,HR,Marketing Executive
5635,Sales,Trainer
5636,Marketing,Data Analyst
5637,HR,Software Engineer
5638,IT,Marketing Executive
5639,HR,Manager
5640,Operations,Marketing Executive
5641,HR,Data Analyst
5642,Finance,Manager
5643,IT,Trainer
5644,Finance,Data Analyst
5645,Sales,Manager
5646,Sales,Manager
5647,Marketing,Software Engineer
5648,HR,Marketing Executive
5649,Sales,Marketing Executive
5650,Sales,Marketing Executive
5651,Sales,Marketing Executive
5652,HR,Marketing Executive
5653,Marketing,Marketing Executive
5654,Marketing,Marketing Executive
5655,Operations,Software Engineer
5656,IT,Marketing Executive
5657,IT,Software Engineer
5658,HR,Data Analyst
5659,Finance,Software Engineer
5660,Marketing,Manager
5661,Finance,Marketing Executive
5662,IT,Marketing Executive
5663,Sales,Manager
5664,Sales,Trainer
5665,IT,Manager
5666,Finance,Marketing Executive
5667,IT,Trainer
5668,HR,Manager
5669,Finance,Marketing Executive
5670,Sales,Marketing Executive
5671,IT,Trainer
5672,Marketing,Trainer
5673,HR,Trainer
5674,IT,Software Engineer
5675,IT,Trainer
5676,Sales,Marketing Executive
5677,Marketing,Trainer
5678,HR,Marketing Executive
5679,IT,Data Analyst
5680,Operations,Data Analyst
5681,Sales,Software Engineer
5682,IT,Data Analyst
5683,Sales,Manager
5684,Marketing,Software Engineer
5685,Marketing,Software Engineer
5686,IT,Software Engineer
5687,Finance,Software Engineer
5688,IT,Marketing Executive
5689,Operations,Data Analyst
5690,HR,Manager
5691,Operations,Manager
5692,Finance,Manager
5693,Sales,Trainer
5694,Finance,Software Engineer
5695,Marketing,Manager
5696,Operations,Software Engineer
5697,Sales,Data Analyst
5698,Finance,Software Engineer
5699,Sales,Data Analyst
5700,HR,Software Engineer
5701,Operations,Manager
5702,IT,Marketing Executive
5703,Sales,Trainer
5704,HR,Data Analyst
5705,Sales,Data Analyst
5706,Operations,Software Engineer
5707,IT,Marketing Executive
5708,IT,Trainer
5709,Sales,Marketing Executive
5710,Finance,Data Analyst
5711,Finance,Manager
5712,Sales,Data Analyst
5713,Marketing,Manager
5714,IT,Trainer
5715,Sales,Manager
5716,HR,Marketing Executive
5717,HR,Marketing Executive
5718,HR,Marketing Executive
5719,Operations,Manager
5720,Operations,Trainer
5721,Operations,Data Analyst
5722,IT,Data Analyst
5723,Marketing,Trainer
5724,Sales,Data Analyst
5725,IT,Manager
5726,IT,Software Engineer
5727,HR,Trainer
5728,Finance,Marketing Executive
5729,Marketing,Marketing Executive
5730,HR,Trainer
5731,Sales,Trainer
5732,Operations,Manager
5733,IT,Software Engineer
5734,Marketing,Trainer
5735,HR,Marketing Executive
5736,IT,Data Analyst
5737,Operations,Marketing Executive
5738,Sales,Marketing Executive
5739,Marketing,Data Analyst
5740,Sales,Software Engineer
5741,IT,Manager
5742,Marketing,Data Analyst
5743,IT,Data Analyst
5744,Operations,Trainer
5745,Operations,Trainer
5746,Marketing,Trainer
5747,Operations,Marketing Executive
5748,Finance,Marketing Executive
5749,Operations,Marketing Executive
5750,HR,Trainer
5751,Marketing,Software Engineer
5752,IT,Marketing Executive
5753,HR,Marketing Executive
5754,HR,Data Analyst
5755,HR,Software Engineer
5756,Operations,Marketing Executive
5757,Marketing,Marketing Executive
5758,HR,Manager
5759,Finance,Marketing Executive
5760,IT,Data Analyst
5761,Sales,Manager
5762,IT,Trainer
5763,Finance,Software Engineer
5764,Operations,Data Analyst
5765,Sales,Manager
5766,Finance,Data Analyst
5767,HR,Data Analyst
5768,Operations,Data Analyst
5769,IT,Software Engineer
5770,Finance,Data Analyst
5771,Sales,Software Engineer
5772,Marketing,Data Analyst
5773,Finance,Trainer
5774,Finance,Data Analyst
5775,Sales,Manager
5776,HR,Software Engineer
5777,IT,Software Engineer
5778,Finance,Manager
5779,Operations,Manager
5780,Finance,Data Analyst
5781,Finance,Marketing Executive
5782,Operations,Software Engineer
5783,HR,Marketing Executive
5784,Sales,Data Analyst
5785,Marketing,Software Engineer
5786,Sales,Trainer
5787,Operations,Software Engineer
5788,Marketing,Data Analyst
5789,IT,Marketing Executive
5790,HR,Manager
5791,Operations,Marketing Executive
5792,IT,Data Analyst
5793,Sales,Software Engineer
5794,HR,Software Engineer
5795,HR,Marketing Executive
5796,Finance,Manager
5797,Operations,Trainer
5798,Finance,Data Analyst
5799,Operations,Data Analyst
5800,Marketing,Marketing Executive
5801,HR,Marketing Executive
5802,Marketing,Software Engineer
5803,Marketing,Data Analyst
5804,Marketing,Marketing Executive
5805,HR,Manager
5806,IT,Data Analyst
5807,Marketing,Marketing Executive
5808,HR,Software Engineer
5809,Operations,Manager
5810,IT,Manager
5811,HR,Software Engineer
5812,Operations,Software Engineer
5813,Sales,Manager
5814,Sales,Manager
5815,Sales,Software Engineer
5816,Operations,Software Engineer
5817,Sales,Trainer
5818,HR,Data Analyst
5819,Marketing,Marketing Executive
5820,Finance,Manager
5821,Sales,Manager
5822,Finance,Marketing Executive
5823,Operations,Marketing Executive
5824,Operations,Data Analyst
5825,Operations,Manager
5826,Marketing,Marketing Executive
5827,Marketing,Data Analyst
5828,IT,Trainer
5829,Marketing,Marketing Executive
5830,IT,Manager
5831,Marketing,Manager
5832,Sales,Trainer
5833,HR,Marketing Executive
5834,Marketing,Software Engineer
5835,Operations,Manager
5836,Sales,Trainer
5837,Finance,Data Analyst
5838,Finance,Manager
5839,Operations,Trainer
5840,Marketing,Trainer
5841,Finance,Data Analyst
5842,Sales,Manager
5843,Finance,Manager
5844,Marketing,Software Engineer
5845,Sales,Trainer
5846,Operations,Manager
5847,HR,Software Engineer
5848,IT,Software Engineer
5849,Operations,Data Analyst
5850,Operations,Data Analyst
5851,HR,Data Analyst
5852,IT,Manager
5853,Operations,Software Engineer
5854,IT,Software Engineer
5855,Finance,Trainer
5856,Finance,Trainer
5857,Sales,Software Engineer
5858,HR,Trainer
5859,Operations,Data Analyst
5860,Operations,Manager
5861,Sales,Software Engineer
5862,Sales,Software Engineer
5863,Marketing,Marketing Executive
5864,Finance,Manager
5865,Marketing,Manager
5866,IT,Data Analyst
5867,HR,Data Analyst
5868,Operations,Software Engineer
5869,IT,Data Analyst
5870,IT,Manager
5871,Finance,Trainer
5872,Finance,Manager
5873,Marketing,Data Analyst
5874,IT,Manager
5875,Marketing,Trainer
5876,Finance,Software Engineer
5877,Marketing,Trainer
5878,Marketing,Data Analyst
5879,Finance,Trainer
5880,Marketing,Manager
5881,HR,Manager
5882,HR,Data Analyst
5883,HR,Trainer
5884,IT,Data Analyst
5885,Operations,Manager
5886,Finance,Trainer
5887,Finance,Marketing Executive
5888,IT,Marketing Executive
5889,Finance,Manager
5890,Operations,Data Analyst
5891,Marketing,Data Analyst
5892,Finance,Marketing Executive
5893,Operations,Software Engineer
5894,Finance,Marketing Executive
5895,Operations,Marketing Executive
5896,Finance,Marketing Executive
5897,Finance,Software Engineer
5898,Sales,Manager
5899,Finance,Trainer
5900,Finance,Data Analyst
5901,Operations,Marketing Executive
5902,Sales,Software Engineer
5903,HR,Trainer
5904,Marketing,Manager
5905,HR,Software Engineer
5906,IT,Marketing Executive
5907,Marketing,Software Engineer
5908,Marketing,Trainer
5909,Finance,Manager
5910,Marketing,Marketing Executive
5911,IT,Marketing Executive
5912,IT,Manager
5913,IT,Marketing Executive
5914,Finance,Trainer
5915,HR,Trainer
5916,Operations,Manager
5917,Marketing,Software Engineer
5918,Marketing,Software Engineer
5919,Operations,Trainer
5920,Sales,Software Engineer
5921,Sales,Marketing Executive
5922,HR,Software Engineer
5923,Operations,Software Engineer
5924,HR,Manager
5925,Sales,Data Analyst
5926,Marketing,Marketing Executive
5927,Finance,Software Engineer
5928,Operations,Data Analyst
5929,Finance,Marketing Executive
5930,Sales,Trainer
5931,Sales,Trainer
5932,IT,Software Engineer
5933,Marketing,Data Analyst
5934,Sales,Manager
5935,Marketing,Marketing Executive
5936,IT,Software Engineer
5937,Sales,Software Engineer
5938,Finance,Marketing Executive
5939,Marketing,Trainer
5940,Marketing,Trainer
5941,Operations,Manager
5942,Finance,Trainer
5943,Sales,Data Analyst
5944,HR,Manager
5945,Finance,Data Analyst
5946,HR,Manager
5947,IT,Software Engineer
5948,IT,Trainer
5949,Marketing,Software Engineer
5950,Operations,Marketing Executive
5951,Operations,Software Engineer
5952,Operations,Software Engineer
5953,Operations,Data Analyst
5954,Marketing,Manager
5955,IT,Manager
5956,Finance,Manager
5957,HR,Marketing Executive
5958,HR,Data Analyst
5959,IT,Marketing Executive
5960,Operations,Trainer
5961,Sales,Software Engineer
5962,Marketing,Data Analyst
5963,Marketing,Trainer
5964,HR,Manager
5965,Sales,Trainer
5966,IT,Manager
5967,Operations,Trainer
5968,IT,Trainer
5969,Finance,Manager
5970,HR,Manager
5971,Sales,Manager
5972,Sales,Trainer
5973,Finance,Software Engineer
5974,IT,Data Analyst
5975,Sales,Software Engineer
5976,Sales,Data Analyst
5977,Finance,Software Engineer
5978,Operations,Marketing Executive
5979,Marketing,Marketing Executive
5980,Marketing,Trainer
5981,IT,Data Analyst
5982,Finance,Trainer
5983,Finance,Marketing Executive
5984,Marketing,Software Engineer
5985,Finance,Trainer
5986,Marketing,Marketing Executive
5987,Sales,Manager
5988,IT,Software Engineer
5989,HR,Software Engineer
5990,Operations,Marketing Executive
5991,Sales,Marketing Executive
5992,Marketing,Trainer
5993,Finance,Data Analyst
5994,HR,Trainer
5995,Sales,Software Engineer
5996,Finance,Manager
5997,HR,Manager
5998,Operations,Trainer
5999,Operations,Trainer
6000,IT,Manager
6001,IT,Data Analyst
6002,Finance,Manager
6003,HR,Manager
6004,IT,Marketing Executive
6005,Operations,Manager
6006,Sales,Manager
6007,Operations,Trainer
6008,Finance,Software Engineer
6009,HR,Software Engineer
6010,Sales,Manager
6011,Operations,Software Engineer
6012,Marketing,Manager
6013,HR,Manager
6014,Operations,Data Analyst
6015,Finance,Manager
6016,IT,Marketing Executive
6017,HR,Software Engineer
6018,IT,Marketing Executive
6019,Finance,Data Analyst
6020,Finance,Software Engineer
6021,Finance,Trainer
6022,HR,Trainer
6023,IT,Software Engineer
6024,HR,Trainer
6025,HR,Data Analyst
6026,Finance,Trainer
6027,Marketing,Manager
6028,Marketing,Data Analyst
6029,Sales,Marketing Executive
6030,HR,Manager
6031,Finance,Data Analyst
6032,Marketing,Software Engineer
6033,IT,Data Analyst
6034,Operations,Marketing Executive
6035,Sales,Software Engineer
6036,Marketing,Trainer
6037,Finance,Software Engineer
6038,HR,Trainer
6039,Finance,Manager
6040,Finance,Software Engineer
6041,Marketing,Marketing Executive
6042,Marketing,Trainer
6043,HR,Software Engineer
6044,Sales,Software Engineer
6045,Operations,Software Engineer
6046,Marketing,Trainer
6047,Finance,Software Engineer
6048,HR,Software Engineer
6049,Marketing,Software Engineer
6050,Marketing,Software Engineer
6051,IT,Software Engineer
6052,Marketing,Data Analyst
6053,IT,Marketing Executive
6054,Operations,Software Engineer
6055,Operations,Manager
6056,Sales,Marketing Executive
6057,Marketing,Manager
6058,Sales,Data Analyst
6059,Finance,Trainer
6060,Marketing,Manager
6061,Marketing,Software Engineer
6062,Sales,Marketing Executive
6063,Sales,Manager
6064,Operations,Software Engineer
6065,IT,Marketing Executive
6066,Operations,Software Engineer
6067,Finance,Manager
6068,IT,Software Engineer
6069,HR,Software Engineer
6070,HR,Marketing Executive
6071,Sales,Manager
6072,Marketing,Data Analyst
6073,IT,Software Engineer
6074,Marketing,Marketing Executive
6075,Marketing,Software Engineer
6076,Operations,Data Analyst
6077,Operations,Data Analyst
6078,Finance,Software Engineer
6079,HR,Software Engineer
6080,Finance,Marketing Executive
6081,Operations,Manager
6082,Operations,Data Analyst
6083,IT,Marketing Executive
6084,Sales,Software Engineer
6085,IT,Manager
6086,IT,Data Analyst
6087,IT,Manager
6088,Operations,Manager
6089,Sales,Data Analyst
6090,Marketing,Manager
6091,Marketing,Data Analyst
6092,Finance,Manager
6093,IT,Software Engineer
6094,IT,Software Engineer
6095,IT,Data Analyst
6096,Finance,Software Engineer
6097,Sales,Trainer
6098,Operations,Data Analyst
6099,Sales,Data Analyst
6100,IT,Data Analyst
6101,Operations,Data Analyst
6102,Operations,Marketing Executive
6103,Sales,Data Analyst
6104,Operations,Data Analyst
6105,Marketing,Marketing Executive
6106,HR,Manager
6107,Marketing,Data Analyst
6108,Finance,Software Engineer
6109,Finance,Trainer
6110,Operations,Data Analyst
6111,Sales,Data Analyst
6112,Operations,Manager
6113,HR,Marketing Executive
6114,Marketing,Manager
6115,Finance,Manager
6116,HR,Data Analyst
6117,HR,Marketing Executive
6118,Sales,Data Analyst
6119,Finance,Data Analyst
6120,Finance,Data Analyst
6121,Operations,Marketing Executive
6122,Finance,Data Analyst
6123,Operations,Data Analyst
6124,Finance,Manager
6125,IT,Manager
6126,IT,Trainer
6127,Operations,Software Engineer
6128,Finance,Marketing Executive
6129,IT,Marketing Executive
6130,Marketing,Marketing Executive
6131,Marketing,Marketing Executive
6132,Marketing,Data Analyst
6133,HR,Manager
6134,Sales,Software Engineer
6135,Sales,Manager
6136,HR,Marketing Executive
6137,Operations,Trainer
6138,IT,Marketing Executive
6139,Finance,Data Analyst
6140,HR,Software Engineer
6141,IT,Trainer
6142,Finance,Trainer
6143,HR,Marketing Executive
6144,Operations,Manager
6145,Operations,Manager
6146,IT,Software Engineer
6147,Finance,Manager
6148,Finance,Trainer
6149,Finance,Manager
6150,Finance,Data Analyst
6151,IT,Data Analyst
6152,IT,Manager
6153,Sales,Data Analyst
6154,Operations,Data Analyst
6155,Sales,Trainer
6156,Finance,Manager
6157,Finance,Manager
6158,Finance,Manager
6159,HR,Manager
6160,HR,Manager
6161,IT,Marketing Executive
6162,HR,Trainer
6163,Operations,Software Engineer
6164,Marketing,Marketing Executive
6165,HR,Marketing Executive
6166,Operations,Data Analyst
6167,HR,Software Engineer
6168,Sales,Software Engineer
6169,Operations,Trainer
6170,IT,Trainer
6171,HR,Manager
6172,Sales,Marketing Executive
6173,HR,Manager
6174,Operations,Data Analyst
6175,IT,Data Analyst
6176,Marketing,Marketing Executive
6177,Operations,Marketing Executive
6178,Marketing,Marketing Executive
6179,IT,Marketing Executive
6180,Operations,Marketing Executive
6181,HR,Data Analyst
6182,Sales,Data Analyst
6183,HR,Trainer
6184,HR,Data Analyst
6185,Marketing,Marketing Executive
6186,HR,Data Analyst
6187,IT,Trainer
6188,Sales,Trainer
6189,IT,Software Engineer
6190,HR,Software Engineer
6191,IT,Software Engineer
6192,Marketing,Marketing Executive
6193,HR,Software Engineer
6194,IT,Software Engineer
6195,IT,Trainer
6196,HR,Manager
6197,Finance,Marketing Executive
6198,HR,Data Analyst
6199,Operations,Data Analyst
6200,HR,Software Engineer
6201,HR,Trainer
6202,HR,Manager
6203,IT,Trainer
6204,HR,Manager
6205,HR,Data Analyst
6206,Finance,Software Engineer
6207,HR,Trainer
6208,Marketing,Marketing Executive
6209,HR,Marketing Executive
6210,Sales,Data Analyst
6211,Sales,Software Engineer
6212,Marketing,Trainer
6213,Operations,Marketing Executive
6214,Marketing,Marketing Executive
6215,Marketing,Software Engineer
6216,IT,Trainer
6217,Finance,Software Engineer
6218,Operations,Trainer
6219,Sales,Trainer
6220,Finance,Software Engineer
6221,IT,Software Engineer
6222,Marketing,Trainer
6223,Finance,Marketing Executive
6224,Sales,Manager
6225,HR,Data Analyst
6226,Operations,Manager
6227,Operations,Trainer
6228,Marketing,Data Analyst
6229,Finance,Marketing Executive
6230,Marketing,Manager
6231,IT,Trainer
6232,Finance,Trainer
6233,Marketing,Marketing Executive
6234,Sales,Trainer
6235,Sales,Trainer
6236,Sales,Manager
6237,Operations,Software Engineer
6238,Finance,Trainer
6239,Marketing,Manager
6240,Sales,Trainer
6241,HR,Data Analyst
6242,HR,Manager
6243,Operations,Marketing Executive
6244,HR,Software Engineer
6245,IT,Trainer
6246,Marketing,Manager
6247,Sales,Software Engineer
6248,Finance,Marketing Executive
6249,Operations,Manager
6250,Sales,Software Engineer
6251,Marketing,Data Analyst
6252,IT,Marketing Executive
6253,HR,Trainer
6254,Marketing,Manager
6255,Sales,Software Engineer
6256,Finance,Marketing Executive
6257,Finance,Manager
6258,Finance,Marketing Executive
6259,Finance,Trainer
6260,Sales,Marketing Executive
6261,Sales,Manager
6262,HR,Software Engineer
6263,Sales,Trainer
6264,Sales,Data Analyst
6265,Marketing,Manager
6266,Finance,Marketing Executive
6267,Marketing,Trainer
6268,IT,Software Engineer
6269,HR,Marketing Executive
6270,HR,Data Analyst
6271,Sales,Software Engineer
6272,IT,Trainer
6273,Operations,Trainer
6274,Finance,Marketing Executive
6275,Sales,Marketing Executive
6276,Finance,Software Engineer
6277,Marketing,Trainer
6278,Operations,Data Analyst
6279,Operations,Trainer
6280,Marketing,Data Analyst
6281,Sales,Marketing Executive
6282,Marketing,Trainer
6283,Operations,Trainer
6284,IT,Marketing Executive
6285,Sales,Software Engineer
6286,Finance,Software Engineer
6287,IT,Manager
6288,Operations,Software Engineer
6289,Operations,Manager
6290,IT,Software Engineer
6291,HR,Trainer
6292,IT,Marketing Executive
6293,Sales,Manager
6294,IT,Data Analyst
6295,Sales,Marketing Executive
6296,Finance,Manager
6297,HR,Software Engineer
6298,Operations,Manager
6299,Operations,Trainer
6300,Finance,Manager
6301,HR,Manager
6302,Sales,Manager
6303,IT,Marketing Executive
6304,IT,Trainer
6305,Finance,Data Analyst
6306,Operations,Software Engineer
6307,IT,Data Analyst
6308,HR,Marketing Executive
6309,Operations,Trainer
6310,Marketing,Trainer
6311,IT,Data Analyst
6312,Marketing,Trainer
6313,Finance,Trainer
6314,Finance,Software Engineer
6315,HR,Trainer
6316,Operations,Data Analyst
6317,Marketing,Trainer
6318,HR,Software Engineer
6319,IT,Manager
6320,IT,Data Analyst
6321,Sales,Marketing Executive
6322,Sales,Manager
6323,Operations,Manager
6324,HR,Trainer
6325,HR,Data Analyst
6326,Operations,Data Analyst
6327,IT,Data Analyst
6328,IT,Data Analyst
6329,HR,Software Engineer
6330,Marketing,Trainer
6331,IT,Data Analyst
6332,Sales,Trainer
6333,Marketing,Software Engineer
6334,Marketing,Data Analyst
6335,Finance,Software Engineer
6336,Marketing,Trainer
6337,Sales,Manager
6338,Marketing,Data Analyst
6339,Sales,Marketing Executive
6340,Sales,Manager
6341,Sales,Manager
6342,HR,Software Engineer
6343,Sales,Manager
6344,Finance,Software Engineer
6345,Sales,Marketing Executive
6346,Sales,Software Engineer
6347,HR,Trainer
6348,Finance,Marketing Executive
6349,Finance,Marketing Executive
6350,HR,Marketing Executive
6351,Marketing,Software Engineer
6352,HR,Data Analyst
6353,Finance,Marketing Executive
6354,Operations,Marketing Executive
6355,Sales,Software Engineer
6356,Finance,Manager
6357,HR,Marketing Executive
6358,Marketing,Marketing Executive
6359,Finance,Marketing Executive
6360,Finance,Marketing Executive
6361,IT,Trainer
6362,Sales,Trainer
6363,Operations,Manager
6364,IT,Software Engineer
6365,IT,Trainer
6366,Operations,Marketing Executive
6367,IT,Marketing Executive
6368,HR,Trainer
6369,HR,Data Analyst
6370,Finance,Marketing Executive
6371,Marketing,Software Engineer
6372,IT,Trainer
6373,Sales,Trainer
6374,Operations,Trainer
6375,HR,Software Engineer
6376,IT,Marketing Executive
6377,Sales,Software Engineer
6378,HR,Software Engineer
6379,Finance,Trainer
6380,Sales,Marketing Executive
6381,Finance,Manager
6382,HR,Trainer
6383,Finance,Marketing Executive
6384,Operations,Data Analyst
6385,Marketing,Data Analyst
6386,HR,Marketing Executive
6387,Operations,Marketing Executive
6388,Marketing,Marketing Executive
6389,Operations,Marketing Executive
6390,Sales,Trainer
6391,Sales,Software Engineer
6392,Operations,Data Analyst
6393,IT,Trainer
6394,Sales,Trainer
6395,Finance,Manager
6396,Finance,Data Analyst
6397,Operations,Trainer
6398,IT,Data Analyst
6399,Marketing,Software Engineer
6400,IT,Software Engineer
6401,HR,Marketing Executive
6402,Marketing,Manager
6403,HR,Software Engineer
6404,Operations,Marketing Executive
6405,Operations,Marketing Executive
6406,HR,Manager
6407,HR,Trainer
6408,Operations,Data Analyst
6409,IT,Trainer
6410,Operations,Trainer
6411,Marketing,Manager
6412,IT,Trainer
6413,HR,Marketing Executive
6414,Sales,Manager
6415,HR,Manager
6416,Finance,Marketing Executive
6417,HR,Manager
6418,Sales,Manager
6419,Operations,Marketing Executive
6420,IT,Software Engineer
6421,Marketing,Manager
6422,Marketing,Trainer
6423,Sales,Marketing Executive
6424,Sales,Trainer
6425,Operations,Manager
6426,Marketing,Software Engineer
6427,Finance,Trainer
6428,Operations,Trainer
6429,IT,Software Engineer
6430,Operations,Manager
6431,Operations,Data Analyst
6432,Operations,Trainer
6433,IT,Software Engineer
6434,IT,Data Analyst
6435,Sales,Data Analyst
6436,HR,Data Analyst
6437,Operations,Data Analyst
6438,Finance,Marketing Executive
6439,Operations,Trainer
6440,Operations,Trainer
6441,Operations,Manager
6442,Marketing,Marketing Executive
6443,HR,Data Analyst
6444,Operations,Data Analyst
6445,Sales,Data Analyst
6446,Finance,Trainer
6447,IT,Manager
6448,Finance,Manager
6449,Operations,Software Engineer
6450,IT,Data Analyst
6451,Operations,Marketing Executive
6452,Operations,Manager
6453,HR,Trainer
6454,Sales,Trainer
6455,HR,Data Analyst
6456,Operations,Data Analyst
6457,Operations,Manager
6458,Finance,Trainer
6459,IT,Software Engineer
6460,HR,Trainer
6461,IT,Data Analyst
6462,HR,Software Engineer
6463,Finance,Software Engineer
6464,Operations,Trainer
6465,IT,Software Engineer
6466,Sales,Data Analyst
6467,Finance,Marketing Executive
6468,IT,Marketing Executive
6469,IT,Trainer
6470,IT,Manager
6471,Operations,Data Analyst
6472,Operations,Manager
6473,IT,Software Engineer
6474,Marketing,Manager
6475,Sales,Manager
6476,Marketing,Manager
6477,IT,Trainer
6478,Operations,Manager
6479,Operations,Data Analyst
6480,IT,Software Engineer
6481,Finance,Trainer
6482,Operations,Manager
6483,Sales,Marketing Executive
6484,IT,Software Engineer
6485,IT,Marketing Executive
6486,HR,Trainer
6487,Marketing,Marketing Executive
6488,Operations,Manager
6489,Sales,Software Engineer
6490,HR,Data Analyst
6491,Operations,Marketing Executive
6492,Operations,Software Engineer
6493,IT,Software Engineer
6494,Sales,Software Engineer
6495,HR,Data Analyst
6496,Marketing,Manager
6497,IT,Manager
6498,HR,Marketing Executive
6499,IT,Software Engineer
6500,HR,Software Engineer
6501,IT,Manager
6502,HR,Marketing Executive
6503,Marketing,Manager
6504,Operations,Software Engineer
6505,HR,Software Engineer
6506,Operations,Manager
6507,HR,Software Engineer
6508,Operations,Marketing Executive
6509,Finance,Software Engineer
6510,IT,Manager
6511,IT,Software Engineer
6512,Operations,Manager
6513,Finance,Software Engineer
6514,Finance,Data Analyst
6515,IT,Trainer
6516,Sales,Manager
6517,IT,Data Analyst
6518,HR,Marketing Executive
6519,HR,Trainer
6520,Operations,Manager
6521,HR,Data Analyst
6522,Sales,Data Analyst
6523,HR,Data Analyst
6524,Marketing,Data Analyst
6525,Marketing,Trainer
6526,Finance,Marketing Executive
6527,Marketing,Data Analyst
6528,Operations,Trainer
6529,Finance,Manager
6530,Sales,Manager
6531,Operations,Marketing Executive
6532,Sales,Marketing Executive
6533,Operations,Manager
6534,HR,Marketing Executive
6535,Finance,Software Engineer
6536,Operations,Data Analyst
6537,Marketing,Data Analyst
6538,Sales,Manager
6539,HR,Software Engineer
6540,Marketing,Marketing Executive
6541,IT,Trainer
6542,HR,Trainer
6543,Sales,Data Analyst
6544,Marketing,Marketing Executive
6545,Finance,Data Analyst
6546,Sales,Software Engineer
6547,HR,Data Analyst
6548,Finance,Software Engineer
6549,Operations,Manager
6550,IT,Trainer
6551,Sales,Marketing Executive
6552,Marketing,Manager
6553,Sales,Marketing Executive
6554,Marketing,Trainer
6555,Finance,Manager
6556,IT,Trainer
6557,Finance,Trainer
6558,HR,Data Analyst
6559,HR,Marketing Executive
6560,Sales,Trainer
6561,Marketing,Manager
6562,HR,Marketing Executive
6563,HR,Data Analyst
6564,IT,Trainer
6565,Finance,Manager
6566,IT,Manager
6567,Operations,Marketing Executive
6568,IT,Trainer
6569,IT,Data Analyst
6570,IT,Data Analyst
6571,HR,Software Engineer
6572,Marketing,Marketing Executive
6573,HR,Marketing Executive
6574,HR,Trainer
6575,Finance,Trainer
6576,IT,Manager
6577,IT,Software Engineer
6578,Sales,Marketing Executive
6579,Finance,Software Engineer
6580,IT,Software Engineer
6581,Sales,Trainer
6582,IT,Software Engineer
6583,Marketing,Trainer
6584,Finance,Software Engineer
6585,Operations,Manager
6586,Sales,Marketing Executive
6587,Finance,Manager
6588,IT,Software Engineer
6589,IT,Marketing Executive
6590,HR,Trainer
6591,IT,Data Analyst
6592,Sales,Marketing Executive
6593,IT,Manager
6594,IT,Data Analyst
6595,HR,Trainer
6596,Finance,Software Engineer
6597,HR,Manager
6598,HR,Manager
6599,Sales,Trainer
6600,IT,Trainer
6601,IT,Marketing Executive
6602,Finance,Software Engineer
6603,Marketing,Data Analyst
6604,Operations,Trainer
6605,Marketing,Data Analyst
6606,HR,Trainer
6607,Sales,Trainer
6608,IT,Data Analyst
6609,Sales,Software Engineer
6610,Operations,Marketing Executive
6611,Operations,Marketing Executive
6612,Marketing,Trainer
6613,Marketing,Marketing Executive
6614,IT,Marketing Executive
6615,Finance,Software Engineer
6616,HR,Software Engineer
6617,Sales,Trainer
6618,Operations,Manager
6619,Finance,Marketing Executive
6620,IT,Trainer
6621,IT,Trainer
6622,Finance,Marketing Executive
6623,Marketing,Marketing Executive
6624,Marketing,Software Engineer
6625,Finance,Data Analyst
6626,Finance,Trainer
6627,Finance,Software Engineer
6628,Finance,Trainer
6629,Sales,Trainer
6630,Operations,Manager
6631,Marketing,Trainer
6632,Marketing,Trainer
6633,IT,Trainer
6634,IT,Software Engineer
6635,Operations,Trainer
6636,Sales,Trainer
6637,Finance,Software Engineer
6638,Sales,Trainer
6639,Marketing,Marketing Executive
6640,Marketing,Software Engineer
6641,IT,Trainer
6642,Sales,Marketing Executive
6643,Sales,Data Analyst
6644,Sales,Software Engineer
6645,Sales,Marketing Executive
6646,HR,Trainer
6647,Marketing,Trainer
6648,Marketing,Manager
6649,Finance,Marketing Executive
6650,Operations,Marketing Executive
6651,IT,Marketing Executive
6652,Marketing,Trainer
6653,Sales,Trainer
6654,Operations,Software Engineer
6655,IT,Trainer
6656,Operations,Data Analyst
6657,IT,Manager
6658,Marketing,Manager
6659,Operations,Trainer
6660,IT,Marketing Executive
6661,HR,Manager
6662,Finance,Marketing Executive
6663,Sales,Marketing Executive
6664,Sales,Trainer
6665,Finance,Marketing Executive
6666,Operations,Software Engineer
6667,Operations,Marketing Executive
6668,Finance,Data Analyst
6669,IT,Manager
6670,IT,Marketing Executive
6671,IT,Data Analyst
6672,IT,Manager
6673,Operations,Trainer
6674,HR,Manager
6675,Operations,Software Engineer
6676,Finance,Trainer
6677,Sales,Manager
6678,Sales,Trainer
6679,Finance,Software Engineer
6680,Marketing,Data Analyst
6681,IT,Marketing Executive
6682,Marketing,Software Engineer
6683,Finance,Marketing Executive
6684,Finance,Data Analyst
6685,Finance,Marketing Executive
6686,Finance,Manager
6687,Operations,Software Engineer
6688,Finance,Data Analyst
6689,HR,Data Analyst
6690,IT,Data Analyst
6691,IT,Data Analyst
6692,Operations,Software Engineer
6693,Sales,Marketing Executive
6694,IT,Data Analyst
6695,HR,Trainer
6696,Finance,Marketing Executive
6697,Finance,Software Engineer
6698,Operations,Software Engineer
6699,Marketing,Marketing Executive
6700,HR,Software Engineer
6701,Sales,Software Engineer
6702,IT,Software Engineer
6703,Operations,Marketing Executive
6704,Sales,Manager
6705,Operations,Manager
6706,HR,Data Analyst
6707,Marketing,Software Engineer
6708,HR,Marketing Executive
6709,Finance,Marketing Executive
6710,IT,Marketing Executive
6711,HR,Manager
6712,Sales,Marketing Executive
6713,Finance,Marketing Executive
6714,IT,Manager
6715,IT,Data Analyst
6716,HR,Manager
6717,Sales,Software Engineer
6718,Finance,Data Analyst
6719,Finance,Data Analyst
6720,HR,Trainer
6721,Sales,Software Engineer
6722,IT,Marketing Executive
6723,Finance,Manager
6724,Marketing,Software Engineer
6725,HR,Manager
6726,Operations,Manager
6727,Operations,Software Engineer
6728,IT,Marketing Executive
6729,Operations,Data Analyst
6730,Sales,Data Analyst
6731,Sales,Data Analyst
6732,Sales,Software Engineer
6733,HR,Manager
6734,IT,Manager
6735,Finance,Trainer
6736,Operations,Trainer
6737,Finance,Manager
6738,HR,Trainer
6739,Operations,Marketing Executive
6740,Sales,Trainer
6741,Marketing,Trainer
6742,Sales,Manager
6743,Sales,Manager
6744,Marketing,Trainer
6745,Sales,Trainer
6746,IT,Marketing Executive
6747,Finance,Trainer
6748,Operations,Manager
6749,Marketing,Data Analyst
6750,Marketing,Software Engineer
6751,HR,Software Engineer
6752,Finance,Manager
6753,Operations,Trainer
6754,Finance,Data Analyst
6755,HR,Data Analyst
6756,Sales,Marketing Executive
6757,Finance,Software Engineer
6758,IT,Marketing Executive
6759,HR,Data Analyst
6760,IT,Data Analyst
6761,Marketing,Data Analyst
6762,Sales,Marketing Executive
6763,Finance,Software Engineer
6764,Finance,Software Engineer
6765,Marketing,Software Engineer
6766,IT,Data Analyst
6767,Operations,Manager
6768,Marketing,Data Analyst
6769,HR,Manager
6770,IT,Marketing Executive
6771,HR,Software Engineer
6772,Sales,Trainer
6773,Sales,Software Engineer
6774,Sales,Software Engineer
6775,Sales,Trainer
6776,HR,Manager
6777,Finance,Manager
6778,Finance,Marketing Executive
6779,Marketing,Manager
6780,Finance,Manager
6781,IT,Manager
6782,Operations,Software Engineer
6783,Sales,Trainer
6784,Sales,Software Engineer
6785,Marketing,Software Engineer
6786,Sales,Software Engineer
6787,Finance,Trainer
6788,HR,Software Engineer
6789,Operations,Marketing Executive
6790,Sales,Marketing Executive
6791,IT,Manager
6792,HR,Manager
6793,HR,Trainer
6794,IT,Trainer
6795,IT,Software Engineer
6796,HR,Trainer
6797,Finance,Marketing Executive
6798,HR,Software Engineer
6799,IT,Software Engineer
6800,Operations,Trainer
6801,Marketing,Data Analyst
6802,Operations,Data Analyst
6803,Marketing,Trainer
6804,IT,Trainer
6805,Marketing,Data Analyst
6806,Finance,Marketing Executive
6807,Operations,Data Analyst
6808,Finance,Marketing Executive
6809,HR,Data Analyst
6810,IT,Manager
6811,Operations,Marketing Executive
6812,Operations,Manager
6813,HR,Software Engineer
6814,HR,Software Engineer
6815,Finance,Trainer
6816,Marketing,Data Analyst
6817,Sales,Marketing Executive
6818,HR,Manager
6819,Marketing,Marketing Executive
6820,IT,Marketing Executive
6821,Operations,Marketing Executive
6822,IT,Data Analyst
6823,IT,Trainer
6824,IT,Trainer
6825,Finance,Manager
6826,IT,Data Analyst
6827,IT,Marketing Executive
6828,HR,Trainer
6829,Finance,Software Engineer
6830,Operations,Trainer
6831,Sales,Data Analyst
6832,Sales,Data Analyst
6833,Marketing,Manager
6834,Operations,Marketing Executive
6835,Operations,Data Analyst
6836,HR,Software Engineer
6837,Marketing,Trainer
6838,IT,Manager
6839,HR,Manager
6840,Marketing,Software Engineer
6841,Finance,Data Analyst
6842,IT,Data Analyst
6843,Operations,Data Analyst
6844,Marketing,Data Analyst
6845,Finance,Manager
6846,HR,Trainer
6847,Operations,Data Analyst
6848,Marketing,Trainer
6849,IT,Manager
6850,IT,Trainer
6851,HR,Trainer
6852,Operations,Software Engineer
6853,Finance,Data Analyst
6854,Marketing,Data Analyst
6855,Sales,Manager
6856,Finance,Data Analyst
6857,Operations,Data Analyst
6858,HR,Trainer
6859,Finance,Marketing Executive
6860,IT,Marketing Executive
6861,Finance,Software Engineer
6862,HR,Manager
6863,HR,Trainer
6864,Marketing,Manager
6865,IT,Trainer
6866,Sales,Trainer
6867,IT,Software Engineer
6868,Sales,Manager
6869,Operations,Software Engineer
6870,HR,Marketing Executive
6871,IT,Data Analyst
6872,Finance,Data Analyst
6873,Sales,Software Engineer
6874,Sales,Data Analyst
6875,Marketing,Software Engineer
6876,IT,Manager
6877,Marketing,Manager
6878,Operations,Manager
6879,Finance,Trainer
6880,Operations,Marketing Executive
6881,IT,Manager
6882,Operations,Data Analyst
6883,Finance,Software Engineer
6884,Operations,Software Engineer
6885,Operations,Data Analyst
6886,Operations,Data Analyst
6887,Finance,Data Analyst
6888,Sales,Trainer
6889,Sales,Manager
6890,IT,Trainer
6891,IT,Manager
6892,Sales,Trainer
6893,Operations,Data Analyst
6894,IT,Software Engineer
6895,Finance,Data Analyst
6896,Sales,Marketing Executive
6897,Marketing,Software Engineer
6898,Operations,Data Analyst
6899,Marketing,Marketing Executive
6900,Marketing,Marketing Executive
6901,Finance,Software Engineer
6902,HR,Marketing Executive
6903,Sales,Trainer
6904,Sales,Trainer
6905,IT,Manager
6906,HR,Marketing Executive
6907,Finance,Trainer
6908,IT,Data Analyst
6909,Finance,Trainer
6910,Sales,Marketing Executive
6911,HR,Marketing Executive
6912,IT,Software Engineer
6913,Sales,Software Engineer
6914,IT,Software Engineer
6915,Sales,Trainer
6916,Sales,Manager
6917,Finance,Marketing Executive
6918,Marketing,Data Analyst
6919,IT,Manager
6920,HR,Marketing Executive
6921,Marketing,Software Engineer
6922,IT,Trainer
6923,Sales,Data Analyst
6924,IT,Marketing Executive
6925,HR,Trainer
6926,IT,Software Engineer
6927,HR,Data Analyst
6928,Sales,Marketing Executive
6929,HR,Marketing Executive
6930,Sales,Marketing Executive
6931,Finance,Trainer
6932,Operations,Software Engineer
6933,Operations,Trainer
6934,IT,Manager
6935,IT,Manager
6936,HR,Marketing Executive
6937,HR,Data Analyst
6938,Marketing,Data Analyst
6939,Finance,Trainer
6940,Sales,Data Analyst
6941,IT,Trainer
6942,Finance,Trainer
6943,Sales,Marketing Executive
6944,HR,Marketing Executive
6945,Operations,Data Analyst
6946,Marketing,Manager
6947,IT,Trainer
6948,Operations,Data Analyst
6949,Operations,Marketing Executive
6950,Operations,Marketing Executive
6951,IT,Data Analyst
6952,IT,Software Engineer
6953,Sales,Data Analyst
6954,Finance,Trainer
6955,Operations,Trainer
6956,IT,Data Analyst
6957,IT,Software Engineer
6958,Operations,Trainer
6959,HR,Trainer
6960,Marketing,Manager
6961,Sales,Manager
6962,Operations,Software Engineer
6963,Marketing,Manager
6964,Sales,Marketing Executive
6965,IT,Marketing Executive
6966,Operations,Software Engineer
6967,IT,Marketing Executive
6968,HR,Trainer
6969,Marketing,Trainer
6970,Sales,Software Engineer
6971,IT,Manager
6972,IT,Software Engineer
6973,Finance,Software Engineer
6974,Finance,Trainer
6975,Operations,Manager
6976,Marketing,Trainer
6977,Finance,Software Engineer
6978,Marketing,Data Analyst
6979,Operations,Manager
6980,Marketing,Marketing Executive
6981,Finance,Trainer
6982,Sales,Manager
6983,HR,Data Analyst
6984,Sales,Manager
6985,IT,Data Analyst
6986,IT,Software Engineer
6987,IT,Software Engineer
6988,HR,Software Engineer
6989,Sales,Data Analyst
6990,Operations,Manager
6991,IT,Data Analyst
6992,IT,Manager
6993,Sales,Software Engineer
6994,Operations,Software Engineer
6995,HR,Data Analyst
6996,Marketing,Manager
6997,Marketing,Software Engineer
6998,IT,Marketing Executive
6999,Finance,Manager
7000,Finance,Software Engineer
7001,Finance,Trainer
7002,Marketing,Data Analyst
7003,Finance,Trainer
7004,Finance,Software Engineer
7005,Operations,Software Engineer
7006,Sales,Marketing Executive
7007,IT,Software Engineer
7008,Sales,Trainer
7009,HR,Marketing Executive
7010,Marketing,Software Engineer
7011,IT,Software Engineer
7012,Operations,Trainer
7013,Operations,Marketing Executive
7014,Finance,Software Engineer
7015,HR,Data Analyst
7016,Sales,Marketing Executive
7017,Sales,Marketing Executive
7018,Sales,Trainer
7019,Operations,Manager
7020,Finance,Marketing Executive
7021,IT,Manager
7022,IT,Marketing Executive
7023,Operations,Software Engineer
7024,Operations,Software Engineer
7025,Marketing,Data Analyst
7026,Operations,Manager
7027,HR,Manager
7028,Operations,Marketing Executive
7029,Finance,Software Engineer
7030,Marketing,Software Engineer
7031,IT,Manager
7032,Marketing,Software Engineer
7033,Marketing,Trainer
7034,IT,Trainer
7035,Finance,Trainer
7036,Finance,Trainer
7037,Finance,Software Engineer
7038,Marketing,Software Engineer
7039,Finance,Trainer
7040,Operations,Software Engineer
7041,Operations,Data Analyst
7042,Sales,Data Analyst
7043,HR,Software Engineer
7044,HR,Software Engineer
7045,IT,Data Analyst
7046,Operations,Marketing Executive
7047,Finance,Software Engineer
7048,Sales,Manager
7049,Operations,Data Analyst
7050,Operations,Manager
7051,Marketing,Marketing Executive
7052,Operations,Data Analyst
7053,IT,Manager
7054,Marketing,Software Engineer
7055,IT,Software Engineer
7056,Sales,Manager
7057,Operations,Manager
7058,Operations,Marketing Executive
7059,IT,Data Analyst
7060,IT,Marketing Executive
7061,Operations,Data Analyst
7062,HR,Software Engineer
7063,Marketing,Data Analyst
7064,HR,Software Engineer
7065,HR,Marketing Executive
7066,IT,Trainer
7067,Marketing,Software Engineer
7068,HR,Software Engineer
7069,Finance,Marketing Executive
7070,Sales,Manager
7071,IT,Trainer
7072,Finance,Marketing Executive
7073,HR,Data Analyst
7074,HR,Trainer
7075,HR,Marketing Executive
7076,IT,Software Engineer
7077,Operations,Data Analyst
7078,HR,Data Analyst
7079,Operations,Data Analyst
7080,IT,Manager
7081,Finance,Manager
7082,Finance,Data Analyst
7083,IT,Manager
7084,Operations,Trainer
7085,Finance,Software Engineer
7086,Sales,Manager
7087,Operations,Data Analyst
7088,Marketing,Software Engineer
7089,Finance,Manager
7090,Sales,Data Analyst
7091,IT,Marketing Executive
7092,Sales,Data Analyst
7093,Sales,Manager
7094,Sales,Marketing Executive
7095,HR,Manager
7096,IT,Trainer
7097,Sales,Software Engineer
7098,Sales,Trainer
7099,Operations,Data Analyst
7100,Finance,Manager
7101,IT,Data Analyst
7102,Operations,Manager
7103,Sales,Manager
7104,HR,Trainer
7105,Marketing,Marketing Executive
7106,HR,Marketing Executive
7107,Finance,Marketing Executive
7108,Marketing,Software Engineer
7109,Marketing,Data Analyst
7110,Sales,Data Analyst
7111,HR,Software Engineer
7112,Operations,Data Analyst
7113,Operations,Software Engineer
7114,HR,Software Engineer
7115,HR,Marketing Executive
7116,Finance,Software Engineer
7117,IT,Marketing Executive
7118,Sales,Software Engineer
7119,IT,Data Analyst
7120,HR,Marketing Executive
7121,Sales,Data Analyst
7122,HR,Manager
7123,Sales,Trainer
7124,IT,Trainer
7125,Marketing,Software Engineer
7126,Operations,Software Engineer
7127,Sales,Trainer
7128,HR,Software Engineer
7129,IT,Data Analyst
7130,Sales,Trainer
7131,Marketing,Data Analyst
7132,HR,Data Analyst
7133,HR,Manager
7134,Finance,Manager
7135,Marketing,Trainer
7136,Marketing,Software Engineer
7137,Marketing,Software Engineer
7138,HR,Trainer
7139,Sales,Software Engineer
7140,HR,Marketing Executive
7141,Marketing,Trainer
7142,Marketing,Marketing Executive
7143,Operations,Trainer
7144,Sales,Marketing Executive
7145,Finance,Manager
7146,IT,Data Analyst
7147,IT,Trainer
7148,IT,Marketing Executive
7149,Finance,Software Engineer
7150,Marketing,Manager
7151,HR,Manager
7152,Sales,Trainer
7153,Marketing,Trainer
7154,Marketing,Manager
7155,IT,Trainer
7156,Sales,Data Analyst
7157,Marketing,Manager
7158,HR,Data Analyst
7159,Marketing,Trainer
7160,Marketing,Marketing Executive
7161,Marketing,Software Engineer
7162,Operations,Manager
7163,Finance,Marketing Executive
7164,IT,Manager
7165,Sales,Trainer
7166,Operations,Software Engineer
7167,IT,Data Analyst
7168,Marketing,Data Analyst
7169,Finance,Software Engineer
7170,HR,Marketing Executive
7171,Finance,Manager
7172,Operations,Software Engineer
7173,Marketing,Software Engineer
7174,Sales,Trainer
7175,HR,Data Analyst
7176,Sales,Trainer
7177,Finance,Trainer
7178,IT,Trainer
7179,Marketing,Marketing Executive
7180,Marketing,Software Engineer
7181,Finance,Manager
7182,Operations,Trainer
7183,HR,Data Analyst
7184,Sales,Data Analyst
7185,IT,Manager
7186,Marketing,Marketing Executive
7187,Finance,Software Engineer
7188,IT,Trainer
7189,Finance,Marketing Executive
7190,Marketing,Marketing Executive
7191,Operations,Manager
7192,Marketing,Manager
7193,Sales,Data Analyst
7194,Finance,Manager
7195,Finance,Marketing Executive
7196,Operations,Trainer
7197,Finance,Trainer
7198,HR,Data Analyst
7199,Finance,Software Engineer
7200,IT,Marketing Executive
7201,Operations,Manager
7202,HR,Software Engineer
7203,Finance,Software Engineer
7204,IT,Marketing Executive
7205,Operations,Marketing Executive
7206,Marketing,Data Analyst
7207,Sales,Trainer
7208,IT,Software Engineer
7209,Operations,Trainer
7210,Marketing,Marketing Executive
7211,HR,Marketing Executive
7212,Operations,Trainer
7213,HR,Manager
7214,Sales,Data Analyst
7215,HR,Marketing Executive
7216,Finance,Software Engineer
7217,Marketing,Trainer
7218,Marketing,Data Analyst
7219,HR,Software Engineer
7220,Marketing,Software Engineer
7221,HR,Marketing Executive
7222,IT,Marketing Executive
7223,Operations,Software Engineer
7224,Marketing,Data Analyst
7225,HR,Software Engineer
7226,HR,Trainer
7227,Finance,Marketing Executive
7228,IT,Marketing Executive
7229,Operations,Manager
7230,IT,Software Engineer
7231,Operations,Data Analyst
7232,Sales,Marketing Executive
7233,Finance,Software Engineer
7234,Sales,Marketing Executive
7235,Marketing,Software Engineer
7236,Finance,Manager
7237,Operations,Trainer
7238,IT,Manager
7239,HR,Trainer
7240,Sales,Data Analyst
7241,Sales,Manager
7242,HR,Data Analyst
7243,IT,Data Analyst
7244,Operations,Software Engineer
7245,HR,Trainer
7246,Finance,Data Analyst
7247,IT,Data Analyst
7248,HR,Software Engineer
7249,Operations,Trainer
7250,Marketing,Marketing Executive
7251,Finance,Trainer
7252,Marketing,Marketing Executive
7253,Marketing,Software Engineer
7254,Finance,Trainer
7255,IT,Software Engineer
7256,Operations,Data Analyst
7257,Sales,Marketing Executive
7258,Finance,Software Engineer
7259,Finance,Marketing Executive
7260,HR,Marketing Executive
7261,Finance,Trainer
7262,Marketing,Marketing Executive
7263,Operations,Manager
7264,IT,Data Analyst
7265,HR,Software Engineer
7266,Finance,Trainer
7267,HR,Marketing Executive
7268,Sales,Software Engineer
7269,HR,Data Analyst
7270,Sales,Marketing Executive
7271,HR,Data Analyst
7272,Marketing,Software Engineer
7273,Marketing,Software Engineer
7274,IT,Trainer
7275,Marketing,Software Engineer
7276,Sales,Marketing Executive
7277,Finance,Software Engineer
7278,Marketing,Marketing Executive
7279,IT,Manager
7280,Finance,Manager
7281,HR,Manager
7282,Sales,Trainer
7283,Operations,Marketing Executive
7284,Finance,Marketing Executive
7285,HR,Software Engineer
7286,Finance,Marketing Executive
7287,Sales,Software Engineer
7288,IT,Marketing Executive
7289,HR,Software Engineer
7290,Marketing,Manager
7291,IT,Trainer
7292,HR,Trainer
7293,Sales,Manager
7294,Marketing,Marketing Executive
7295,Operations,Data Analyst
7296,IT,Software Engineer
7297,IT,Marketing Executive
7298,Finance,Software Engineer
7299,HR,Marketing Executive
7300,Finance,Software Engineer
7301,Marketing,Data Analyst
7302,Sales,Marketing Executive
7303,HR,Data Analyst
7304,Finance,Marketing Executive
7305,HR,Trainer
7306,Marketing,Manager
7307,IT,Manager
7308,IT,Manager
7309,Operations,Data Analyst
7310,Marketing,Trainer
7311,Finance,Manager
7312,Finance,Manager
7313,HR,Marketing Executive
7314,IT,Software Engineer
7315,Sales,Data Analyst
7316,Marketing,Manager
7317,HR,Manager
7318,Sales,Marketing Executive
7319,Finance,Marketing Executive
7320,Finance,Marketing Executive
7321,HR,Manager
7322,IT,Marketing Executive
7323,IT,Data Analyst
7324,IT,Manager
7325,Sales,Software Engineer
7326,IT,Marketing Executive
7327,Finance,Marketing Executive
7328,Sales,Data Analyst
7329,Sales,Manager
7330,Sales,Data Analyst
7331,Operations,Data Analyst
7332,Operations,Software Engineer
7333,Sales,Data Analyst
7334,Sales,Data Analyst
7335,Operations,Trainer
7336,Sales,Manager
7337,IT,Manager
7338,Operations,Manager
7339,Operations,Manager
7340,Marketing,Trainer
7341,Sales,Manager
7342,Sales,Marketing Executive
7343,HR,Marketing Executive
7344,Operations,Data Analyst
7345,Sales,Marketing Executive
7346,IT,Data Analyst
7347,Marketing,Software Engineer
7348,IT,Software Engineer
7349,Finance,Data Analyst
7350,Sales,Software Engineer
7351,IT,Data Analyst
7352,Finance,Manager
7353,Operations,Data Analyst
7354,Finance,Marketing Executive
7355,Marketing,Marketing Executive
7356,Operations,Marketing Executive
7357,Marketing,Manager
7358,HR,Data Analyst
7359,Marketing,Trainer
7360,HR,Marketing Executive
7361,IT,Marketing Executive
7362,Finance,Software Engineer
7363,Sales,Trainer
7364,Operations,Trainer
7365,Marketing,Trainer
7366,IT,Data Analyst
7367,HR,Manager
7368,HR,Trainer
7369,Sales,Software Engineer
7370,Finance,Software Engineer
7371,Sales,Software Engineer
7372,Operations,Software Engineer
7373,HR,Manager
7374,HR,Data Analyst
7375,Marketing,Marketing Executive
7376,Finance,Trainer
7377,HR,Software Engineer
7378,Marketing,Marketing Executive
7379,Operations,Data Analyst
7380,HR,Trainer
7381,IT,Trainer
7382,HR,Data Analyst
7383,Marketing,Data Analyst
7384,Sales,Manager
7385,IT,Marketing Executive
7386,HR,Manager
7387,Sales,Marketing Executive
7388,Sales,Data Analyst
7389,Marketing,Manager
7390,IT,Manager
7391,Operations,Software Engineer
7392,HR,Marketing Executive
7393,Marketing,Software Engineer
7394,Marketing,Data Analyst
7395,Marketing,Manager
7396,Finance,Marketing Executive
7397,Operations,Marketing Executive
7398,Operations,Software Engineer
7399,HR,Marketing Executive
7400,Finance,Trainer
7401,Marketing,Trainer
7402,Sales,Trainer
7403,Sales,Trainer
7404,Sales,Software Engineer
7405,Operations,Marketing Executive
7406,Operations,Software Engineer
7407,Sales,Trainer
7408,Operations,Software Engineer
7409,Sales,Data Analyst
7410,Sales,Trainer
7411,Sales,Data Analyst
7412,Finance,Software Engineer
7413,Sales,Data Analyst
7414,HR,Data Analyst
7415,Sales,Manager
7416,Marketing,Manager
7417,Marketing,Manager
7418,Sales,Manager
7419,Finance,Manager
7420,Operations,Data Analyst
7421,Marketing,Marketing Executive
7422,Sales,Marketing Executive
7423,Operations,Manager
7424,Marketing,Software Engineer
7425,HR,Manager
7426,IT,Marketing Executive
7427,HR,Data Analyst
7428,HR,Trainer
7429,Sales,Software Engineer
7430,IT,Software Engineer
7431,Sales,Trainer
7432,Sales,Software Engineer
7433,IT,Manager
7434,HR,Data Analyst
7435,IT,Software Engineer
7436,HR,Software Engineer
7437,HR,Marketing Executive
7438,IT,Software Engineer
7439,Sales,Data Analyst
7440,Operations,Data Analyst
7441,HR,Data Analyst
7442,HR,Manager
7443,Finance,Manager
7444,Marketing,Manager
7445,Operations,Trainer
7446,IT,Manager
7447,Finance,Software Engineer
7448,HR,Manager
7449,Operations,Manager
7450,Marketing,Data Analyst
7451,Sales,Software Engineer
7452,Finance,Manager
7453,HR,Data Analyst
7454,HR,Marketing Executive
7455,HR,Marketing Executive
7456,Operations,Software Engineer
7457,Operations,Software Engineer
7458,Sales,Data Analyst
7459,Operations,Trainer
7460,Finance,Manager
7461,Marketing,Trainer
7462,Sales,Data Analyst
7463,Operations,Manager
7464,Sales,Data Analyst
7465,HR,Software Engineer
7466,Operations,Trainer
7467,Operations,Marketing Executive
7468,Sales,Manager
7469,Sales,Data Analyst
7470,Sales,Software Engineer
7471,Sales,Software Engineer
7472,Operations,Marketing Executive
7473,Finance,Manager
7474,HR,Manager
7475,Operations,Marketing Executive
7476,Sales,Trainer
7477,IT,Software Engineer
7478,Operations,Marketing Executive
7479,Sales,Marketing Executive
7480,Finance,Data Analyst
7481,Marketing,Software Engineer
7482,Finance,Software Engineer
7483,IT,Data Analyst
7484,HR,Software Engineer
7485,Sales,Data Analyst
7486,Sales,Software Engineer
7487,HR,Software Engineer
7488,Finance,Trainer
7489,Finance,Marketing Executive
7490,Marketing,Manager
7491,Sales,Manager
7492,Operations,Software Engineer
7493,Finance,Trainer
7494,Finance,Manager
7495,Marketing,Data Analyst
7496,IT,Software Engineer
7497,Marketing,Software Engineer
7498,HR,Marketing Executive
7499,Marketing,Software Engineer
7500,Sales,Trainer
7501,Finance,Trainer
7502,Sales,Trainer
7503,Finance,Manager
7504,Operations,Marketing Executive
7505,Sales,Manager
7506,Operations,Software Engineer
7507,HR,Marketing Executive
7508,Marketing,Software Engineer
7509,Marketing,Manager
7510,Sales,Trainer
7511,IT,Data Analyst
7512,Operations,Trainer
7513,Sales,Marketing Executive
7514,Operations,Marketing Executive
7515,Marketing,Data Analyst
7516,Operations,Manager
7517,Sales,Marketing Executive
7518,Sales,Trainer
7519,HR,Software Engineer
7520,Operations,Manager
7521,Sales,Trainer
7522,IT,Marketing Executive
7523,Marketing,Data Analyst
7524,HR,Data Analyst
7525,Marketing,Marketing Executive
7526,Operations,Manager
7527,Sales,Marketing Executive
7528,HR,Marketing Executive
7529,HR,Software Engineer
7530,Finance,Data Analyst
7531,Operations,Data Analyst
7532,Marketing,Marketing Executive
7533,HR,Manager
7534,Operations,Marketing Executive
7535,Marketing,Data Analyst
7536,Sales,Manager
7537,HR,Marketing Executive
7538,Marketing,Trainer
7539,IT,Manager
7540,IT,Marketing Executive
7541,Operations,Marketing Executive
7542,Operations,Trainer
7543,Sales,Software Engineer
7544,HR,Software Engineer
7545,Finance,Data Analyst
7546,Operations,Software Engineer
7547,Operations,Manager
7548,HR,Software Engineer
7549,Sales,Software Engineer
7550,Marketing,Data Analyst
7551,HR,Marketing Executive
7552,Operations,Trainer
7553,IT,Software Engineer
7554,HR,Software Engineer
7555,Marketing,Trainer
7556,HR,Software Engineer
7557,Marketing,Software Engineer
7558,Marketing,Trainer
7559,Sales,Manager
7560,IT,Trainer
7561,Marketing,Data Analyst
7562,Operations,Trainer
7563,Sales,Manager
7564,Marketing,Data Analyst
7565,Finance,Software Engineer
7566,HR,Trainer
7567,Marketing,Data Analyst
7568,Finance,Manager
7569,HR,Software Engineer
7570,Finance,Software Engineer
7571,Marketing,Software Engineer
7572,Marketing,Data Analyst
7573,Marketing,Data Analyst
7574,IT,Software Engineer
7575,Sales,Manager
7576,IT,Trainer
7577,Operations,Data Analyst
7578,Marketing,Software Engineer
7579,HR,Data Analyst
7580,Finance,Trainer
7581,Marketing,Software Engineer
7582,Operations,Marketing Executive
7583,Sales,Software Engineer
7584,HR,Trainer
7585,Finance,Data Analyst
7586,HR,Trainer
7587,IT,Software Engineer
7588,Marketing,Data Analyst
7589,Finance,Marketing Executive
7590,Finance,Trainer
7591,Finance,Marketing Executive
7592,Operations,Trainer
7593,Operations,Marketing Executive
7594,HR,Data Analyst
7595,Operations,Trainer
7596,HR,Manager
7597,Sales,Data Analyst
7598,HR,Manager
7599,Marketing,Software Engineer
7600,Sales,Software Engineer
7601,Sales,Data Analyst
7602,Marketing,Data Analyst
7603,Operations,Manager
7604,HR,Marketing Executive
7605,Marketing,Trainer
7606,HR,Software Engineer
7607,Finance,Software Engineer
7608,IT,Data Analyst
7609,Operations,Marketing Executive
7610,HR,Data Analyst
7611,Sales,Manager
7612,HR,Marketing Executive
7613,Finance,Software Engineer
7614,Marketing,Trainer
7615,Operations,Manager
7616,Operations,Manager
7617,HR,Marketing Executive
7618,IT,Manager
7619,HR,Trainer
7620,Marketing,Trainer
7621,HR,Marketing Executive
7622,Operations,Software Engineer
7623,Operations,Software Engineer
7624,Operations,Software Engineer
7625,IT,Marketing Executive
7626,Finance,Data Analyst
7627,Sales,Software Engineer
7628,Finance,Marketing Executive
7629,Finance,Trainer
7630,IT,Trainer
7631,Sales,Data Analyst
7632,Finance,Marketing Executive
7633,Marketing,Software Engineer
7634,Sales,Marketing Executive
7635,HR,Marketing Executive
7636,Finance,Data Analyst
7637,Sales,Trainer
7638,HR,Data Analyst
7639,HR,Trainer
7640,Operations,Data Analyst
7641,Marketing,Software Engineer
7642,Operations,Marketing Executive
7643,Operations,Trainer
7644,Marketing,Data Analyst
7645,Operations,Data Analyst
7646,Marketing,Manager
7647,IT,Data Analyst
7648,HR,Marketing Executive
7649,Operations,Marketing Executive
7650,Finance,Software Engineer
7651,Finance,Trainer
7652,IT,Trainer
7653,Operations,Trainer
7654,IT,Trainer
7655,Operations,Manager
7656,Finance,Trainer
7657,IT,Manager
7658,Sales,Trainer
7659,Marketing,Marketing Executive
7660,Operations,Manager
7661,Finance,Manager
7662,Operations,Manager
7663,Operations,Data Analyst
7664,Marketing,Software Engineer
7665,Finance,Software Engineer
7666,Finance,Manager
7667,Marketing,Data Analyst
7668,Marketing,Software Engineer
7669,IT,Marketing Executive
7670,Sales,Software Engineer
7671,Marketing,Trainer
7672,Marketing,Data Analyst
7673,Sales,Software Engineer
7674,Marketing,Manager
7675,Operations,Manager
7676,Sales,Marketing Executive
7677,Marketing,Trainer
7678,Operations,Trainer
7679,HR,Trainer
7680,HR,Manager
7681,Operations,Data Analyst
7682,IT,Trainer
7683,Operations,Manager
7684,IT,Marketing Executive
7685,Marketing,Trainer
7686,Finance,Trainer
7687,HR,Trainer
7688,Sales,Software Engineer
7689,Operations,Data Analyst
7690,Sales,Trainer
7691,IT,Software Engineer
7692,HR,Data Analyst
7693,IT,Data Analyst
7694,Operations,Manager
7695,Operations,Data Analyst
7696,Marketing,Manager
7697,Finance,Manager
7698,Finance,Trainer
7699,HR,Marketing Executive
7700,Operations,Marketing Executive
7701,IT,Manager
7702,Operations,Software Engineer
7703,Sales,Data Analyst
7704,Sales,Marketing Executive
7705,Sales,Trainer
7706,Marketing,Data Analyst
7707,HR,Software Engineer
7708,HR,Marketing Executive
7709,IT,Trainer
7710,Finance,Data Analyst
7711,IT,Software Engineer
7712,Operations,Marketing Executive
7713,IT,Data Analyst
7714,Sales,Software Engineer
7715,Operations,Manager
7716,Finance,Marketing Executive
7717,HR,Trainer
7718,Operations,Marketing Executive
7719,Operations,Manager
7720,Operations,Data Analyst
7721,Marketing,Data Analyst
7722,Operations,Software Engineer
7723,HR,Manager
7724,Sales,Manager
7725,IT,Manager
7726,HR,Data Analyst
7727,Marketing,Marketing Executive
7728,Operations,Manager
7729,Marketing,Software Engineer
7730,HR,Marketing Executive
7731,Operations,Software Engineer
7732,Marketing,Data Analyst
7733,Finance,Manager
7734,HR,Marketing Executive
7735,Sales,Data Analyst
7736,Marketing,Marketing Executive
7737,Operations,Marketing Executive
7738,Finance,Manager
7739,Finance,Trainer
7740,HR,Trainer
7741,IT,Marketing Executive
7742,HR,Software Engineer
7743,HR,Trainer
7744,Marketing,Marketing Executive
7745,Sales,Trainer
7746,Finance,Marketing Executive
7747,HR,Trainer
7748,Finance,Trainer
7749,Marketing,Marketing Executive
7750,Marketing,Manager
7751,Finance,Trainer
7752,HR,Manager
7753,Operations,Marketing Executive
7754,Marketing,Software Engineer
7755,Operations,Software Engineer
7756,Operations,Trainer
7757,HR,Manager
7758,Sales,Data Analyst
7759,Finance,Data Analyst
7760,Marketing,Marketing Executive
7761,IT,Marketing Executive
7762,Sales,Manager
7763,Sales,Manager
7764,IT,Software Engineer
7765,Marketing,Marketing Executive
7766,IT,Trainer
7767,IT,Data Analyst
7768,Sales,Data Analyst
7769,IT,Data Analyst
7770,Operations,Trainer
7771,Operations,Data Analyst
7772,IT,Data Analyst
7773,Sales,Marketing Executive
7774,Finance,Manager
7775,HR,Marketing Executive
7776,HR,Manager
7777,Operations,Data Analyst
7778,HR,Data Analyst
7779,IT,Marketing Executive
7780,Finance,Marketing Executive
7781,Sales,Trainer
7782,HR,Data Analyst
7783,Operations,Marketing Executive
7784,Finance,Marketing Executive
7785,HR,Software Engineer
7786,Sales,Software Engineer
7787,HR,Software Engineer
7788,IT,Manager
7789,HR,Software Engineer
7790,Operations,Marketing Executive
7791,Sales,Data Analyst
7792,IT,Data Analyst
7793,HR,Software Engineer
7794,Operations,Marketing Executive
7795,Finance,Trainer
7796,Operations,Trainer
7797,HR,Data Analyst
7798,Finance,Manager
7799,IT,Software Engineer
7800,IT,Data Analyst
7801,Sales,Trainer
7802,IT,Marketing Executive
7803,Marketing,Software Engineer
7804,Sales,Trainer
7805,Finance,Data Analyst
7806,Operations,Software Engineer
7807,Operations,Manager
7808,IT,Trainer
7809,Sales,Data Analyst
7810,Finance,Marketing Executive
7811,HR,Data Analyst
7812,HR,Manager
7813,Finance,Marketing Executive
7814,HR,Software Engineer
7815,Marketing,Trainer
7816,Finance,Data Analyst
7817,Marketing,Software Engineer
7818,HR,Trainer
7819,Finance,Manager
7820,Marketing,Marketing Executive
7821,Marketing,Marketing Executive
7822,HR,Manager
7823,Marketing,Trainer
7824,Sales,Manager
7825,Finance,Data Analyst
7826,Finance,Marketing Executive
7827,Finance,Trainer
7828,Sales,Data Analyst
7829,IT,Manager
7830,Operations,Software Engineer
7831,Marketing,Manager
7832,Operations,Data Analyst
7833,HR,Trainer
7834,Marketing,Software Engineer
7835,IT,Software Engineer
7836,Operations,Trainer
7837,HR,Software Engineer
7838,IT,Marketing Executive
7839,Finance,Trainer
7840,IT,Marketing Executive
7841,Finance,Data Analyst
7842,Sales,Trainer
7843,Marketing,Manager
7844,Sales,Data Analyst
7845,IT,Manager
7846,Operations,Data Analyst
7847,Operations,Manager
7848,Marketing,Marketing Executive
7849,Finance,Software Engineer
7850,HR,Marketing Executive
7851,Finance,Data Analyst
7852,Finance,Data Analyst
7853,Marketing,Data Analyst
7854,HR,Manager
7855,Operations,Manager
7856,Sales,Data Analyst
7857,IT,Marketing Executive
7858,Sales,Marketing Executive
7859,HR,Marketing Executive
7860,IT,Marketing Executive
7861,Sales,Software Engineer
7862,Sales,Data Analyst
7863,Finance,Software Engineer
7864,IT,Software Engineer
7865,HR,Trainer
7866,IT,Trainer
7867,IT,Software Engineer
7868,Finance,Trainer
7869,HR,Software Engineer
7870,IT,Software Engineer
7871,IT,Data Analyst
7872,Sales,Data Analyst
7873,HR,Marketing Executive
7874,HR,Data Analyst
7875,IT,Manager
7876,Finance,Trainer
7877,Finance,Data Analyst
7878,Finance,Manager
7879,Marketing,Trainer
7880,Finance,Data Analyst
7881,IT,Data Analyst
7882,IT,Manager
7883,HR,Trainer
7884,Finance,Trainer
7885,Sales,Trainer
7886,Operations,Manager
7887,Sales,Trainer
7888,Sales,Manager
7889,Finance,Software Engineer
7890,Marketing,Manager
7891,Marketing,Data Analyst
7892,Operations,Trainer
7893,HR,Manager
7894,Sales,Software Engineer
7895,Sales,Marketing Executive
7896,Finance,Data Analyst
7897,Operations,Trainer
7898,HR,Trainer
7899,Marketing,Software Engineer
7900,Operations,Manager
7901,Finance,Data Analyst
7902,IT,Marketing Executive
7903,Operations,Data Analyst
7904,Marketing,Data Analyst
7905,Sales,Trainer
7906,Finance,Trainer
7907,Marketing,Manager
7908,Marketing,Manager
7909,Marketing,Marketing Executive
7910,Sales,Data Analyst
7911,Operations,Software Engineer
7912,Operations,Trainer
7913,Finance,Software Engineer
7914,Marketing,Trainer
7915,Sales,Data Analyst
7916,Marketing,Manager
7917,Sales,Manager
7918,Marketing,Data Analyst
7919,HR,Manager
7920,Marketing,Data Analyst
7921,Sales,Data Analyst
7922,Finance,Trainer
7923,Sales,Trainer
7924,IT,Software Engineer
7925,Marketing,Software Engineer
7926,Marketing,Trainer
7927,Finance,Data Analyst
7928,IT,Trainer
7929,Finance,Trainer
7930,Operations,Marketing Executive
7931,Finance,Manager
7932,Finance,Data Analyst
7933,Operations,Software Engineer
7934,Operations,Manager
7935,IT,Manager
7936,Finance,Trainer
7937,Marketing,Marketing Executive
7938,Marketing,Manager
7939,HR,Marketing Executive
7940,HR,Trainer
7941,Marketing,Trainer
7942,Marketing,Trainer
7943,HR,Marketing Executive
7944,Operations,Marketing Executive
7945,Marketing,Software Engineer
7946,Finance,Data Analyst
7947,Operations,Marketing Executive
7948,Marketing,Data Analyst
7949,IT,Manager
7950,IT,Data Analyst
7951,IT,Data Analyst
7952,Marketing,Software Engineer
7953,IT,Data Analyst
7954,Marketing,Data Analyst
7955,HR,Software Engineer
7956,Operations,Trainer
7957,Finance,Data Analyst
7958,IT,Manager
7959,IT,Marketing Executive
7960,IT,Manager
7961,Finance,Software Engineer
7962,Sales,Data Analyst
7963,Marketing,Software Engineer
7964,HR,Trainer
7965,Sales,Trainer
7966,Operations,Software Engineer
7967,HR,Trainer
7968,Marketing,Manager
7969,IT,Software Engineer
7970,HR,Trainer
7971,HR,Software Engineer
7972,HR,Data Analyst
7973,Marketing,Software Engineer
7974,HR,Manager
7975,Finance,Manager
7976,Operations,Data Analyst
7977,Marketing,Manager
7978,HR,Data Analyst
7979,Sales,Software Engineer
7980,HR,Software Engineer
7981,Marketing,Data Analyst
7982,Operations,Data Analyst
7983,Operations,Software Engineer
7984,Marketing,Manager
7985,IT,Marketing Executive
7986,HR,Software Engineer
7987,IT,Software Engineer
7988,Operations,Trainer
7989,Marketing,Software Engineer
7990,Sales,Software Engineer
7991,HR,Marketing Executive
7992,Operations,Trainer
7993,HR,Manager
7994,Finance,Trainer
7995,Operations,Trainer
7996,Sales,Manager
7997,Operations,Software Engineer
7998,Operations,Marketing Executive
7999,Finance,Manager
8000,Marketing,Software Engineer
8001,HR,Marketing Executive
8002,IT,Data Analyst
8003,HR,Data Analyst
8004,Sales,Software Engineer
8005,IT,Trainer
8006,Finance,Software Engineer
8007,Operations,Marketing Executive
8008,Marketing,Manager
8009,Marketing,Software Engineer
8010,IT,Marketing Executive
8011,Finance,Marketing Executive
8012,Finance,Marketing Executive
8013,Finance,Marketing Executive
8014,Finance,Software Engineer
8015,Marketing,Software Engineer
8016,Operations,Data Analyst
8017,Finance,Manager
8018,Sales,Marketing Executive
8019,Finance,Trainer
8020,Finance,Software Engineer
8021,Operations,Software Engineer
8022,Operations,Trainer
8023,Sales,Data Analyst
8024,HR,Software Engineer
8025,Marketing,Trainer
8026,HR,Software Engineer
8027,IT,Marketing Executive
8028,Marketing,Manager
8029,HR,Data Analyst
8030,IT,Data Analyst
8031,Marketing,Data Analyst
8032,IT,Manager
8033,IT,Marketing Executive
8034,Operations,Manager
8035,IT,Software Engineer
8036,Marketing,Trainer
8037,Finance,Data Analyst
8038,Operations,Marketing Executive
8039,Operations,Data Analyst
8040,Finance,Software Engineer
8041,Sales,Trainer
8042,Finance,Manager
8043,IT,Trainer
8044,IT,Manager
8045,Operations,Marketing Executive
8046,Marketing,Software Engineer
8047,IT,Software Engineer
8048,Operations,Software Engineer
8049,Sales,Trainer
8050,Finance,Marketing Executive
8051,Sales,Software Engineer
8052,HR,Software Engineer
8053,Finance,Software Engineer
8054,Sales,Manager
8055,HR,Trainer
8056,Sales,Data Analyst
8057,IT,Manager
8058,HR,Data Analyst
8059,HR,Marketing Executive
8060,Operations,Software Engineer
8061,Sales,Software Engineer
8062,Finance,Software Engineer
8063,IT,Data Analyst
8064,HR,Manager
8065,IT,Trainer
8066,HR,Marketing Executive
8067,Finance,Marketing Executive
8068,HR,Marketing Executive
8069,HR,Marketing Executive
8070,IT,Data Analyst
8071,Marketing,Data Analyst
8072,HR,Software Engineer
8073,Operations,Software Engineer
8074,Sales,Marketing Executive
8075,IT,Software Engineer
8076,Marketing,Software Engineer
8077,Finance,Marketing Executive
8078,IT,Manager
8079,Marketing,Data Analyst
8080,Sales,Data Analyst
8081,Operations,Software Engineer
8082,Marketing,Trainer
8083,Marketing,Marketing Executive
8084,IT,Trainer
8085,Finance,Manager
8086,Marketing,Marketing Executive
8087,Sales,Trainer
8088,Finance,Data Analyst
8089,Finance,Data Analyst
8090,Sales,Marketing Executive
8091,IT,Data Analyst
8092,Sales,Marketing Executive
8093,Finance,Software Engineer
8094,Sales,Marketing Executive
8095,Operations,Data Analyst
8096,Marketing,Trainer
8097,Marketing,Software Engineer
8098,Finance,Software Engineer
8099,Operations,Trainer
8100,Marketing,Manager
8101,Marketing,Data Analyst
8102,HR,Software Engineer
8103,Finance,Data Analyst
8104,HR,Software Engineer
8105,HR,Manager
8106,Operations,Marketing Executive
8107,Finance,Manager
8108,Marketing,Trainer
8109,Sales,Software Engineer
8110,Sales,Data Analyst
8111,HR,Software Engineer
8112,HR,Marketing Executive
8113,Sales,Data Analyst
8114,Sales,Trainer
8115,HR,Manager
8116,HR,Data Analyst
8117,Sales,Manager
8118,Operations,Data Analyst
8119,IT,Data Analyst
8120,Finance,Trainer
8121,Finance,Data Analyst
8122,HR,Marketing Executive
8123,HR,Trainer
8124,HR,Trainer
8125,Operations,Manager
8126,Finance,Trainer
8127,Operations,Manager
8128,IT,Software Engineer
8129,IT,Marketing Executive
8130,IT,Software Engineer
8131,Marketing,Marketing Executive
8132,Operations,Software Engineer
8133,Marketing,Data Analyst
8134,Sales,Software Engineer
8135,Sales,Software Engineer
8136,Marketing,Data Analyst
8137,HR,Trainer
8138,Finance,Trainer
8139,Operations,Trainer
8140,Sales,Marketing Executive
8141,Marketing,Software Engineer
8142,Operations,Data Analyst
8143,Marketing,Manager
8144,Finance,Software Engineer
8145,Marketing,Trainer
8146,HR,Marketing Executive
8147,Sales,Data Analyst
8148,HR,Marketing Executive
8149,Operations,Data Analyst
8150,Finance,Data Analyst
8151,Sales,Software Engineer
8152,Sales,Data Analyst
8153,Operations,Trainer
8154,Marketing,Data Analyst
8155,Marketing,Data Analyst
8156,HR,Data Analyst
8157,Finance,Software Engineer
8158,Marketing,Data Analyst
8159,Finance,Software Engineer
8160,Operations,Marketing Executive
8161,HR,Trainer
8162,Marketing,Marketing Executive
8163,Sales,Trainer
8164,Operations,Manager
8165,Marketing,Marketing Executive
8166,HR,Trainer
8167,Operations,Manager
8168,Finance,Software Engineer
8169,Sales,Trainer
8170,Sales,Data Analyst
8171,Sales,Data Analyst
8172,Operations,Marketing Executive
8173,Marketing,Software Engineer
8174,HR,Manager
8175,Marketing,Software Engineer
8176,Marketing,Manager
8177,HR,Software Engineer
8178,Sales,Software Engineer
8179,Operations,Manager
8180,IT,Data Analyst
8181,IT,Software Engineer
8182,Marketing,Software Engineer
8183,Marketing,Marketing Executive
8184,IT,Trainer
8185,HR,Marketing Executive
8186,Finance,Marketing Executive
8187,Finance,Trainer
8188,Marketing,Trainer
8189,Marketing,Software Engineer
8190,Marketing,Manager
8191,Operations,Software Engineer
8192,Finance,Trainer
8193,IT,Data Analyst
8194,Operations,Trainer
8195,IT,Marketing Executive
8196,Sales,Trainer
8197,Sales,Marketing Executive
8198,Operations,Data Analyst
8199,HR,Manager
8200,Marketing,Data Analyst
8201,HR,Marketing Executive
8202,IT,Data Analyst
8203,Finance,Software Engineer
8204,HR,Data Analyst
8205,Sales,Trainer
8206,Marketing,Marketing Executive
8207,HR,Marketing Executive
8208,IT,Manager
8209,IT,Trainer
8210,Sales,Trainer
8211,Marketing,Trainer
8212,Sales,Data Analyst
8213,Sales,Manager
8214,Finance,Software Engineer
8215,HR,Marketing Executive
8216,Marketing,Marketing Executive
8217,HR,Data Analyst
8218,Marketing,Data Analyst
8219,Marketing,Manager
8220,Operations,Data Analyst
8221,HR,Marketing Executive
8222,Operations,Data Analyst
8223,Marketing,Software Engineer
8224,Finance,Data Analyst
8225,IT,Trainer
8226,IT,Marketing Executive
8227,Sales,Marketing Executive
8228,Marketing,Software Engineer
8229,Marketing,Marketing Executive
8230,Finance,Data Analyst
8231,Sales,Manager
8232,HR,Software Engineer
8233,Finance,Data Analyst
8234,Marketing,Manager
8235,Marketing,Marketing Executive
8236,HR,Software Engineer
8237,HR,Manager
8238,Operations,Marketing Executive
8239,IT,Software Engineer
8240,Marketing,Manager
8241,Marketing,Manager
8242,Finance,Data Analyst
8243,IT,Software Engineer
8244,Marketing,Manager
8245,Finance,Marketing Executive
8246,Sales,Software Engineer
8247,Sales,Data Analyst
8248,Marketing,Marketing Executive
8249,Finance,Software Engineer
8250,HR,Data Analyst
8251,Finance,Data Analyst
8252,Operations,Marketing Executive
8253,Operations,Software Engineer
8254,Finance,Data Analyst
8255,IT,Trainer
8256,Operations,Trainer
8257,HR,Trainer
8258,Finance,Software Engineer
8259,HR,Marketing Executive
8260,Operations,Trainer
8261,Sales,Marketing Executive
8262,Marketing,Marketing Executive
8263,Operations,Manager
8264,IT,Trainer
8265,Marketing,Manager
8266,IT,Trainer
8267,Operations,Data Analyst
8268,IT,Manager
8269,Sales,Software Engineer
8270,Operations,Software Engineer
8271,Finance,Trainer
8272,Marketing,Trainer
8273,IT,Software Engineer
8274,Operations,Manager
8275,HR,Trainer
8276,Finance,Manager
8277,Sales,Data Analyst
8278,Operations,Manager
8279,IT,Data Analyst
8280,Marketing,Trainer
8281,IT,Software Engineer
8282,Sales,Trainer
8283,HR,Marketing Executive
8284,HR,Trainer
8285,HR,Trainer
8286,HR,Data Analyst
8287,IT,Software Engineer
8288,IT,Manager
8289,HR,Software Engineer
8290,IT,Software Engineer
8291,HR,Data Analyst
8292,Finance,Trainer
8293,Operations,Software Engineer
8294,Sales,Data Analyst
8295,Finance,Software Engineer
8296,HR,Software Engineer
8297,Finance,Marketing Executive
8298,HR,Manager
8299,Finance,Data Analyst
8300,Marketing,Trainer
8301,Sales,Data Analyst
8302,IT,Data Analyst
8303,Marketing,Manager
8304,Finance,Software Engineer
8305,Operations,Data Analyst
8306,HR,Trainer
8307,Marketing,Manager
8308,Finance,Data Analyst
8309,IT,Data Analyst
8310,Marketing,Software Engineer
8311,Sales,Software Engineer
8312,Sales,Manager
8313,Marketing,Software Engineer
8314,IT,Manager
8315,HR,Software Engineer
8316,Sales,Manager
8317,HR,Manager
8318,IT,Marketing Executive
8319,Operations,Data Analyst
8320,Sales,Trainer
8321,Marketing,Trainer
8322,Finance,Manager
8323,Finance,Data Analyst
8324,HR,Data Analyst
8325,Finance,Trainer
8326,Operations,Data Analyst
8327,Marketing,Marketing Executive
8328,HR,Software Engineer
8329,Finance,Data Analyst
8330,HR,Trainer
8331,Operations,Software Engineer
8332,Marketing,Trainer
8333,Finance,Trainer
8334,IT,Trainer
8335,Finance,Manager
8336,HR,Trainer
8337,IT,Marketing Executive
8338,Sales,Manager
8339,Marketing,Trainer
8340,Sales,Data Analyst
8341,Sales,Trainer
8342,Sales,Data Analyst
8343,Operations,Data Analyst
8344,Finance,Software Engineer
8345,HR,Trainer
8346,Marketing,Software Engineer
8347,Sales,Data Analyst
8348,Sales,Trainer
8349,Operations,Manager
8350,Marketing,Marketing Executive
8351,IT,Data Analyst
8352,Finance,Software Engineer
8353,Sales,Software Engineer
8354,Sales,Data Analyst
8355,Finance,Software Engineer
8356,Operations,Software Engineer
8357,HR,Marketing Executive
8358,Marketing,Trainer
8359,Marketing,Data Analyst
8360,Sales,Manager
8361,Operations,Trainer
8362,Sales,Trainer
8363,HR,Manager
8364,Sales,Data Analyst
8365,IT,Software Engineer
8366,HR,Marketing Executive
8367,Marketing,Software Engineer
8368,Sales,Manager
8369,IT,Data Analyst
8370,IT,Data Analyst
8371,Finance,Manager
8372,Operations,Software Engineer
8373,IT,Data Analyst
8374,HR,Manager
8375,Marketing,Manager
8376,Finance,Trainer
8377,Marketing,Software Engineer
8378,Marketing,Manager
8379,Finance,Marketing Executive
8380,IT,Trainer
8381,Operations,Manager
8382,Finance,Trainer
8383,HR,Trainer
8384,Finance,Trainer
8385,Operations,Software Engineer
8386,Operations,Software Engineer
8387,IT,Software Engineer
8388,IT,Software Engineer
8389,Finance,Manager
8390,Marketing,Trainer
8391,Finance,Manager
8392,Operations,Marketing Executive
8393,HR,Data Analyst
8394,HR,Trainer
8395,Marketing,Marketing Executive
8396,Marketing,Software Engineer
8397,Operations,Software Engineer
8398,HR,Data Analyst
8399,Operations,Software Engineer
8400,IT,Manager
8401,HR,Trainer
8402,IT,Marketing Executive
8403,Marketing,Marketing Executive
8404,IT,Manager
8405,Operations,Manager
8406,Sales,Software Engineer
8407,Operations,Marketing Executive
8408,Marketing,Manager
8409,Operations,Trainer
8410,HR,Manager
8411,Marketing,Trainer
8412,Sales,Data Analyst
8413,Marketing,Trainer
8414,IT,Data Analyst
8415,IT,Manager
8416,Sales,Marketing Executive
8417,Sales,Marketing Executive
8418,Marketing,Trainer
8419,Finance,Trainer
8420,HR,Trainer
8421,Sales,Manager
8422,HR,Data Analyst
8423,HR,Marketing Executive
8424,Marketing,Manager
8425,Operations,Software Engineer
8426,IT,Manager
8427,IT,Manager
8428,IT,Marketing Executive
8429,HR,Data Analyst
8430,Finance,Manager
8431,IT,Software Engineer
8432,Marketing,Marketing Executive
8433,IT,Data Analyst
8434,Finance,Data Analyst
8435,HR,Marketing Executive
8436,IT,Manager
8437,Finance,Software Engineer
8438,HR,Data Analyst
8439,HR,Data Analyst
8440,Finance,Data Analyst
8441,Finance,Trainer
8442,HR,Software Engineer
8443,IT,Software Engineer
8444,Marketing,Manager
8445,Finance,Software Engineer
8446,Finance,Software Engineer
8447,IT,Data Analyst
8448,Sales,Data Analyst
8449,IT,Data Analyst
8450,Sales,Marketing Executive
8451,Sales,Software Engineer
8452,Sales,Software Engineer
8453,Finance,Manager
8454,IT,Data Analyst
8455,Marketing,Manager
8456,Finance,Data Analyst
8457,Sales,Manager
8458,Marketing,Marketing Executive
8459,HR,Trainer
8460,Sales,Trainer
8461,IT,Trainer
8462,Operations,Trainer
8463,Sales,Marketing Executive
8464,Operations,Software Engineer
8465,IT,Manager
8466,Sales,Marketing Executive
8467,Sales,Manager
8468,HR,Trainer
8469,IT,Marketing Executive
8470,Sales,Software Engineer
8471,HR,Manager
8472,Sales,Software Engineer
8473,Sales,Data Analyst
8474,IT,Manager
8475,HR,Manager
8476,HR,Manager
8477,Operations,Data Analyst
8478,Sales,Trainer
8479,Operations,Data Analyst
8480,Finance,Data Analyst
8481,IT,Marketing Executive
8482,Marketing,Manager
8483,Sales,Manager
8484,Finance,Marketing Executive
8485,Operations,Marketing Executive
8486,Operations,Manager
8487,Marketing,Trainer
8488,Marketing,Software Engineer
8489,HR,Trainer
8490,Sales,Manager
8491,Sales,Data Analyst
8492,Sales,Trainer
8493,IT,Software Engineer
8494,Operations,Data Analyst
8495,Sales,Trainer
8496,HR,Data Analyst
8497,Finance,Trainer
8498,HR,Software Engineer
8499,IT,Software Engineer
8500,Operations,Manager
8501,Marketing,Manager
8502,Marketing,Marketing Executive
8503,Sales,Software Engineer
8504,Operations,Manager
8505,Marketing,Manager
8506,HR,Software Engineer
8507,Sales,Trainer
8508,Operations,Trainer
8509,Finance,Marketing Executive
8510,Marketing,Marketing Executive
8511,IT,Marketing Executive
8512,Operations,Manager
8513,Marketing,Marketing Executive
8514,Finance,Trainer
8515,Sales,Trainer
8516,IT,Manager
8517,HR,Manager
8518,Sales,Manager
8519,IT,Data Analyst
8520,Marketing,Manager
8521,IT,Manager
8522,HR,Software Engineer
8523,Sales,Data Analyst
8524,Marketing,Marketing Executive
8525,Sales,Marketing Executive
8526,Marketing,Manager
8527,IT,Data Analyst
8528,Finance,Manager
8529,IT,Data Analyst
8530,Finance,Trainer
8531,HR,Data Analyst
8532,Finance,Software Engineer
8533,Sales,Software Engineer
8534,Marketing,Data Analyst
8535,HR,Data Analyst
8536,Finance,Manager
8537,Finance,Marketing Executive
8538,HR,Manager
8539,IT,Data Analyst
8540,Marketing,Software Engineer
8541,Operations,Manager
8542,Operations,Manager
8543,Operations,Trainer
8544,IT,Trainer
8545,Sales,Marketing Executive
8546,HR,Manager
8547,Finance,Software Engineer
8548,Operations,Data Analyst
8549,Operations,Marketing Executive
8550,IT,Trainer
8551,Marketing,Manager
8552,HR,Data Analyst
8553,HR,Software Engineer
8554,IT,Trainer
8555,Sales,Marketing Executive
8556,Sales,Data Analyst
8557,Sales,Marketing Executive
8558,Operations,Trainer
8559,Operations,Software Engineer
8560,Sales,Data Analyst
8561,Marketing,Software Engineer
8562,HR,Data Analyst
8563,HR,Marketing Executive
8564,Finance,Trainer
8565,HR,Marketing Executive
8566,Marketing,Software Engineer
8567,IT,Software Engineer
8568,IT,Software Engineer
8569,Finance,Software Engineer
8570,Finance,Marketing Executive
8571,HR,Trainer
8572,Marketing,Manager
8573,IT,Trainer
8574,IT,Manager
8575,HR,Marketing Executive
8576,Finance,Marketing Executive
8577,Operations,Marketing Executive
8578,Marketing,Trainer
8579,Marketing,Software Engineer
8580,IT,Marketing Executive
8581,Finance,Trainer
8582,Finance,Data Analyst
8583,IT,Marketing Executive
8584,HR,Marketing Executive
8585,Operations,Manager
8586,Sales,Manager
8587,Finance,Marketing Executive
8588,IT,Data Analyst
8589,Sales,Trainer
8590,Finance,Data Analyst
8591,Marketing,Marketing Executive
8592,Marketing,Marketing Executive
8593,Finance,Trainer
8594,Finance,Manager
8595,Operations,Data Analyst
8596,Marketing,Data Analyst
8597,IT,Marketing Executive
8598,Finance,Marketing Executive
8599,Finance,Trainer
8600,Finance,Data Analyst
8601,Operations,Marketing Executive
8602,Finance,Trainer
8603,Sales,Marketing Executive
8604,Sales,Software Engineer
8605,IT,Software Engineer
8606,Marketing,Manager
8607,HR,Marketing Executive
8608,Sales,Software Engineer
8609,HR,Data Analyst
8610,Finance,Manager
8611,HR,Marketing Executive
8612,Marketing,Manager
8613,Finance,Data Analyst
8614,Marketing,Software Engineer
8615,HR,Software Engineer
8616,Marketing,Marketing Executive
8617,Operations,Trainer
8618,Sales,Trainer
8619,IT,Software Engineer
8620,Marketing,Data Analyst
8621,IT,Software Engineer
8622,Finance,Trainer
8623,Sales,Data Analyst
8624,Operations,Software Engineer
8625,Operations,Manager
8626,IT,Software Engineer
8627,Operations,Data Analyst
8628,Marketing,Software Engineer
8629,HR,Marketing Executive
8630,Sales,Manager
8631,HR,Data Analyst
8632,Finance,Software Engineer
8633,Operations,Software Engineer
8634,Marketing,Manager
8635,Marketing,Data Analyst
8636,Operations,Marketing Executive
8637,Finance,Manager
8638,HR,Data Analyst
8639,Marketing,Trainer
8640,HR,Data Analyst
8641,IT,Data Analyst
8642,Sales,Software Engineer
8643,Marketing,Marketing Executive
8644,HR,Data Analyst
8645,Finance,Trainer
8646,IT,Marketing Executive
8647,IT,Software Engineer
8648,IT,Trainer
8649,Marketing,Marketing Executive
8650,IT,Data Analyst
8651,Finance,Manager
8652,Operations,Marketing Executive
8653,Operations,Data Analyst
8654,IT,Manager
8655,Sales,Trainer
8656,IT,Data Analyst
8657,Sales,Software Engineer
8658,Marketing,Software Engineer
8659,Finance,Software Engineer
8660,Marketing,Data Analyst
8661,Marketing,Trainer
8662,IT,Data Analyst
8663,Operations,Software Engineer
8664,HR,Trainer
8665,HR,Trainer
8666,Marketing,Marketing Executive
8667,IT,Manager
8668,Marketing,Manager
8669,Operations,Trainer
8670,Marketing,Marketing Executive
8671,Marketing,Software Engineer
8672,Sales,Marketing Executive
8673,IT,Software Engineer
8674,Marketing,Manager
8675,HR,Manager
8676,Operations,Trainer
8677,IT,Manager
8678,Sales,Trainer
8679,Sales,Manager
8680,IT,Manager
8681,Finance,Data Analyst
8682,HR,Data Analyst
8683,Marketing,Marketing Executive
8684,Operations,Marketing Executive
8685,HR,Data Analyst
8686,Sales,Marketing Executive
8687,Sales,Data Analyst
8688,Marketing,Manager
8689,Marketing,Marketing Executive
8690,Operations,Software Engineer
8691,Finance,Trainer
8692,Sales,Trainer
8693,Operations,Data Analyst
8694,Sales,Software Engineer
8695,HR,Trainer
8696,Marketing,Manager
8697,HR,Trainer
8698,HR,Manager
8699,HR,Software Engineer
8700,HR,Software Engineer
8701,HR,Manager
8702,Sales,Marketing Executive
8703,Operations,Data Analyst
8704,Operations,Marketing Executive
8705,HR,Trainer
8706,Operations,Trainer
8707,Marketing,Data Analyst
8708,IT,Marketing Executive
8709,HR,Manager
8710,Marketing,Software Engineer
8711,HR,Data Analyst
8712,HR,Trainer
8713,Sales,Data Analyst
8714,Sales,Software Engineer
8715,Sales,Software Engineer
8716,IT,Marketing Executive
8717,Finance,Marketing Executive
8718,HR,Trainer
8719,HR,Software Engineer
8720,Marketing,Manager
8721,IT,Software Engineer
8722,HR,Marketing Executive
8723,Operations,Data Analyst
8724,Marketing,Marketing Executive
8725,Finance,Marketing Executive
8726,Sales,Marketing Executive
8727,Operations,Marketing Executive
8728,Marketing,Manager
8729,Operations,Marketing Executive
8730,Marketing,Manager
8731,IT,Trainer
8732,HR,Software Engineer
8733,Sales,Data Analyst
8734,Operations,Software Engineer
8735,Finance,Trainer
8736,Finance,Marketing Executive
8737,IT,Trainer
8738,IT,Trainer
8739,Operations,Data Analyst
8740,Finance,Marketing Executive
8741,Sales,Data Analyst
8742,Sales,Software Engineer
8743,Sales,Software Engineer
8744,HR,Trainer
8745,HR,Software Engineer
8746,Finance,Trainer
8747,IT,Software Engineer
8748,IT,Data Analyst
8749,Sales,Trainer
8750,IT,Marketing Executive
8751,HR,Software Engineer
8752,HR,Software Engineer
8753,Marketing,Trainer
8754,IT,Software Engineer
8755,IT,Software Engineer
8756,HR,Trainer
8757,Finance,Marketing Executive
8758,IT,Marketing Executive
8759,Finance,Data Analyst
8760,Finance,Software Engineer
8761,Operations,Manager
8762,IT,Marketing Executive
8763,IT,Software Engineer
8764,IT,Trainer
8765,Marketing,Trainer
8766,Marketing,Manager
8767,Marketing,Trainer
8768,Sales,Software Engineer
8769,IT,Trainer
8770,HR,Marketing Executive
8771,Marketing,Manager
8772,Marketing,Software Engineer
8773,Finance,Manager
8774,HR,Manager
8775,IT,Data Analyst
8776,Operations,Data Analyst
8777,HR,Manager
8778,Operations,Manager
8779,Sales,Marketing Executive
8780,Operations,Trainer
8781,Finance,Manager
8782,IT,Trainer
8783,IT,Trainer
8784,IT,Manager
8785,HR,Trainer
8786,IT,Software Engineer
8787,Sales,Software Engineer
8788,IT,Data Analyst
8789,Finance,Manager
8790,Sales,Marketing Executive
8791,Finance,Trainer
8792,Finance,Trainer
8793,Finance,Data Analyst
8794,Operations,Manager
8795,IT,Marketing Executive
8796,HR,Manager
8797,Finance,Software Engineer
8798,IT,Trainer
8799,Sales,Software Engineer
8800,Finance,Marketing Executive
8801,Operations,Marketing Executive
8802,HR,Manager
8803,Finance,Software Engineer
8804,Marketing,Marketing Executive
8805,Operations,Marketing Executive
8806,Operations,Software Engineer
8807,Finance,Data Analyst
8808,HR,Software Engineer
8809,IT,Data Analyst
8810,HR,Trainer
8811,Finance,Software Engineer
8812,Marketing,Manager
8813,Sales,Marketing Executive
8814,IT,Marketing Executive
8815,IT,Trainer
8816,Marketing,Data Analyst
8817,Sales,Marketing Executive
8818,Operations,Manager
8819,Finance,Software Engineer
8820,Sales,Trainer
8821,Operations,Manager
8822,Sales,Trainer
8823,Marketing,Data Analyst
8824,HR,Trainer
8825,Marketing,Software Engineer
8826,HR,Data Analyst
8827,IT,Data Analyst
8828,Sales,Trainer
8829,HR,Software Engineer
8830,Finance,Data Analyst
8831,HR,Data Analyst
8832,Sales,Data Analyst
8833,Sales,Marketing Executive
8834,HR,Data Analyst
8835,Operations,Marketing Executive
8836,Finance,Software Engineer
8837,HR,Trainer
8838,HR,Data Analyst
8839,HR,Marketing Executive
8840,Marketing,Marketing Executive
8841,Sales,Data Analyst
8842,Sales,Data Analyst
8843,Operations,Data Analyst
8844,IT,Software Engineer
8845,Marketing,Trainer
8846,HR,Trainer
8847,Finance,Software Engineer
8848,Marketing,Manager
8849,IT,Trainer
8850,HR,Marketing Executive
8851,IT,Software Engineer
8852,Sales,Data Analyst
8853,IT,Manager
8854,Finance,Marketing Executive
8855,HR,Software Engineer
8856,HR,Manager
8857,Operations,Manager
8858,Marketing,Data Analyst
8859,HR,Trainer
8860,IT,Software Engineer
8861,Marketing,Data Analyst
8862,Sales,Manager
8863,Finance,Marketing Executive
8864,HR,Software Engineer
8865,IT,Marketing Executive
8866,HR,Trainer
8867,Operations,Data Analyst
8868,HR,Trainer
8869,HR,Trainer
8870,HR,Trainer
8871,Operations,Trainer
8872,Finance,Manager
8873,Marketing,Trainer
8874,HR,Trainer
8875,Sales,Marketing Executive
8876,IT,Manager
8877,Operations,Marketing Executive
8878,IT,Software Engineer
8879,Finance,Data Analyst
8880,Marketing,Data Analyst
8881,HR,Software Engineer
8882,Marketing,Trainer
8883,Operations,Software Engineer
8884,Marketing,Marketing Executive
8885,Marketing,Manager
8886,Sales,Manager
8887,Operations,Manager
8888,Operations,Manager
8889,Operations,Data Analyst
8890,HR,Marketing Executive
8891,IT,Data Analyst
8892,HR,Software Engineer
8893,Sales,Marketing Executive
8894,Finance,Software Engineer
8895,HR,Software Engineer
8896,Finance,Trainer
8897,IT,Marketing Executive
8898,HR,Data Analyst
8899,Marketing,Manager
8900,IT,Manager
8901,Operations,Data Analyst
8902,Marketing,Marketing Executive
8903,Finance,Trainer
8904,Operations,Marketing Executive
8905,IT,Data Analyst
8906,Finance,Manager
8907,Operations,Trainer
8908,Finance,Software Engineer
8909,IT,Manager
8910,Operations,Manager
8911,Sales,Trainer
8912,HR,Manager
8913,Sales,Software Engineer
8914,Finance,Trainer
8915,Finance,Trainer
8916,Operations,Trainer
8917,Operations,Trainer
8918,Marketing,Marketing Executive
8919,Finance,Data Analyst
8920,Sales,Data Analyst
8921,Finance,Manager
8922,IT,Software Engineer
8923,Marketing,Marketing Executive
8924,Marketing,Manager
8925,IT,Trainer
8926,Operations,Manager
8927,Operations,Trainer
8928,Operations,Data Analyst
8929,Finance,Trainer
8930,Finance,Trainer
8931,Operations,Manager
8932,Marketing,Trainer
8933,IT,Trainer
8934,HR,Data Analyst
8935,Marketing,Manager
8936,Marketing,Data Analyst
8937,Marketing,Trainer
8938,Marketing,Marketing Executive
8939,Operations,Data Analyst
8940,HR,Data Analyst
8941,Sales,Trainer
8942,HR,Software Engineer
8943,Sales,Data Analyst
8944,IT,Manager
8945,Sales,Trainer
8946,Marketing,Manager
8947,Operations,Software Engineer
8948,Finance,Software Engineer
8949,Marketing,Software Engineer
8950,Marketing,Marketing Executive
8951,IT,Trainer
8952,Sales,Manager
8953,IT,Manager
8954,Finance,Software Engineer
8955,Operations,Trainer
8956,Operations,Marketing Executive
8957,Operations,Trainer
8958,Marketing,Marketing Executive
8959,Operations,Software Engineer
8960,Sales,Data Analyst
8961,IT,Software Engineer
8962,IT,Software Engineer
8963,Marketing,Marketing Executive
8964,HR,Trainer
8965,Marketing,Software Engineer
8966,Marketing,Data Analyst
8967,Finance,Marketing Executive
8968,Finance,Marketing Executive
8969,Sales,Manager
8970,Finance,Software Engineer
8971,Marketing,Marketing Executive
8972,HR,Manager
8973,Marketing,Marketing Executive
8974,Sales,Software Engineer
8975,Marketing,Data Analyst
8976,Sales,Marketing Executive
8977,Marketing,Marketing Executive
8978,IT,Software Engineer
8979,IT,Data Analyst
8980,IT,Manager
8981,Marketing,Software Engineer
8982,HR,Marketing Executive
8983,Finance,Marketing Executive
8984,Marketing,Trainer
8985,HR,Software Engineer
8986,Operations,Data Analyst
8987,HR,Marketing Executive
8988,Sales,Software Engineer
8989,Sales,Trainer
8990,IT,Manager
8991,Finance,Trainer
8992,Sales,Data Analyst
8993,Operations,Software Engineer
8994,Sales,Software Engineer
8995,IT,Data Analyst
8996,Sales,Marketing Executive
8997,Finance,Software Engineer
8998,Operations,Manager
8999,Finance,Data Analyst
9000,HR,Trainer
9001,IT,Manager
9002,HR,Manager
9003,Sales,Data Analyst
9004,Sales,Software Engineer
9005,Finance,Manager
9006,HR,Data Analyst
9007,Finance,Marketing Executive
9008,Operations,Data Analyst
9009,Operations,Trainer
9010,HR,Software Engineer
9011,Marketing,Trainer
9012,HR,Marketing Executive
9013,Marketing,Trainer
9014,Finance,Manager
9015,HR,Software Engineer
9016,Finance,Data Analyst
9017,Sales,Marketing Executive
9018,Marketing,Software Engineer
9019,Operations,Marketing Executive
9020,IT,Software Engineer
9021,Sales,Data Analyst
9022,Sales,Software Engineer
9023,Sales,Data Analyst
9024,HR,Software Engineer
9025,Operations,Manager
9026,IT,Data Analyst
9027,IT,Manager
9028,IT,Manager
9029,HR,Manager
9030,Finance,Trainer
9031,Operations,Software Engineer
9032,Sales,Data Analyst
9033,Finance,Trainer
9034,Sales,Marketing Executive
9035,HR,Data Analyst
9036,IT,Data Analyst
9037,Operations,Software Engineer
9038,IT,Trainer
9039,Sales,Software Engineer
9040,HR,Data Analyst
9041,Sales,Trainer
9042,IT,Marketing Executive
9043,HR,Marketing Executive
9044,Finance,Manager
9045,Marketing,Trainer
9046,IT,Manager
9047,IT,Marketing Executive
9048,Finance,Trainer
9049,HR,Trainer
9050,Operations,Trainer
9051,HR,Data Analyst
9052,HR,Software Engineer
9053,Marketing,Data Analyst
9054,Marketing,Manager
9055,IT,Trainer
9056,IT,Trainer
9057,HR,Trainer
9058,IT,Software Engineer
9059,HR,Manager
9060,Marketing,Marketing Executive
9061,Marketing,Marketing Executive
9062,Operations,Marketing Executive
9063,HR,Manager
9064,Finance,Data Analyst
9065,Sales,Manager
9066,Operations,Data Analyst
9067,Operations,Marketing Executive
9068,IT,Trainer
9069,IT,Trainer
9070,HR,Trainer
9071,Sales,Manager
9072,HR,Manager
9073,Operations,Marketing Executive
9074,HR,Marketing Executive
9075,Finance,Marketing Executive
9076,Marketing,Manager
9077,IT,Trainer
9078,HR,Marketing Executive
9079,Operations,Marketing Executive
9080,Operations,Manager
9081,Operations,Software Engineer
9082,IT,Trainer
9083,Marketing,Marketing Executive
9084,HR,Software Engineer
9085,HR,Trainer
9086,IT,Marketing Executive
9087,Marketing,Marketing Executive
9088,IT,Manager
9089,Operations,Trainer
9090,Marketing,Data Analyst
9091,Finance,Trainer
9092,Marketing,Manager
9093,Finance,Data Analyst
9094,IT,Trainer
9095,IT,Data Analyst
9096,HR,Software Engineer
9097,Operations,Manager
9098,Sales,Software Engineer
9099,Finance,Manager
9100,Operations,Software Engineer
9101,Marketing,Manager
9102,Operations,Trainer
9103,HR,Trainer
9104,Finance,Data Analyst
9105,Marketing,Software Engineer
9106,IT,Software Engineer
9107,Marketing,Data Analyst
9108,HR,Data Analyst
9109,Sales,Data Analyst
9110,HR,Manager
9111,Finance,Manager
9112,Finance,Marketing Executive
9113,Operations,Marketing Executive
9114,Operations,Trainer
9115,Sales,Data Analyst
9116,Finance,Trainer
9117,Marketing,Software Engineer
9118,Sales,Data Analyst
9119,Operations,Software Engineer
9120,Sales,Marketing Executive
9121,Marketing,Trainer
9122,IT,Data Analyst
9123,Sales,Manager
9124,HR,Data Analyst
9125,Sales,Software Engineer
9126,IT,Marketing Executive
9127,Operations,Data Analyst
9128,Finance,Marketing Executive
9129,Finance,Trainer
9130,IT,Data Analyst
9131,HR,Data Analyst
9132,Sales,Marketing Executive
9133,Marketing,Manager
9134,IT,Trainer
9135,Sales,Data Analyst
9136,Finance,Data Analyst
9137,HR,Manager
9138,IT,Trainer
9139,Operations,Data Analyst
9140,Marketing,Data Analyst
9141,Finance,Manager
9142,IT,Trainer
9143,Marketing,Marketing Executive
9144,HR,Software Engineer
9145,Marketing,Trainer
9146,Finance,Trainer
9147,Finance,Marketing Executive
9148,IT,Manager
9149,HR,Marketing Executive
9150,IT,Manager
9151,Sales,Marketing Executive
9152,HR,Marketing Executive
9153,IT,Software Engineer
9154,IT,Manager
9155,Operations,Manager
9156,Finance,Data Analyst
9157,IT,Trainer
9158,Sales,Trainer
9159,IT,Manager
9160,Operations,Marketing Executive
9161,Marketing,Data Analyst
9162,Finance,Software Engineer
9163,Operations,Software Engineer
9164,Operations,Software Engineer
9165,HR,Software Engineer
9166,IT,Data Analyst
9167,Operations,Software Engineer
9168,Operations,Software Engineer
9169,IT,Manager
9170,Operations,Data Analyst
9171,Finance,Software Engineer
9172,IT,Data Analyst
9173,Operations,Trainer
9174,IT,Manager
9175,HR,Trainer
9176,IT,Trainer
9177,HR,Manager
9178,Operations,Marketing Executive
9179,Operations,Marketing Executive
9180,Marketing,Trainer
9181,Sales,Software Engineer
9182,HR,Marketing Executive
9183,HR,Software Engineer
9184,Operations,Trainer
9185,HR,Data Analyst
9186,IT,Data Analyst
9187,HR,Trainer
9188,Marketing,Software Engineer
9189,Sales,Trainer
9190,Marketing,Trainer
9191,IT,Software Engineer
9192,HR,Marketing Executive
9193,HR,Marketing Executive
9194,Finance,Marketing Executive
9195,HR,Marketing Executive
9196,Operations,Marketing Executive
9197,Operations,Trainer
9198,Operations,Marketing Executive
9199,Finance,Manager
9200,Sales,Software Engineer
9201,Operations,Software Engineer
9202,Sales,Marketing Executive
9203,Marketing,Software Engineer
9204,Finance,Manager
9205,HR,Data Analyst
9206,Finance,Data Analyst
9207,Finance,Marketing Executive
9208,Sales,Trainer
9209,Marketing,Manager
9210,IT,Data Analyst
9211,Operations,Data Analyst
9212,Finance,Data Analyst
9213,HR,Software Engineer
9214,IT,Manager
9215,Marketing,Manager
9216,Operations,Trainer
9217,Operations,Trainer
9218,Operations,Software Engineer
9219,HR,Data Analyst
9220,HR,Software Engineer
9221,Finance,Software Engineer
9222,HR,Software Engineer
9223,Finance,Marketing Executive
9224,Sales,Trainer
9225,Marketing,Marketing Executive
9226,HR,Manager
9227,Finance,Software Engineer
9228,Marketing,Manager
9229,IT,Marketing Executive
9230,Operations,Trainer
9231,Marketing,Manager
9232,HR,Trainer
9233,Marketing,Trainer
9234,Finance,Manager
9235,IT,Trainer
9236,Operations,Software Engineer
9237,Sales,Marketing Executive
9238,Sales,Marketing Executive
9239,HR,Trainer
9240,Operations,Manager
9241,HR,Data Analyst
9242,Marketing,Manager
9243,Finance,Software Engineer
9244,Finance,Software Engineer
9245,Sales,Manager
9246,Operations,Trainer
9247,HR,Marketing Executive
9248,Sales,Trainer
9249,HR,Trainer
9250,Operations,Marketing Executive
9251,IT,Marketing Executive
9252,Marketing,Software Engineer
9253,IT,Data Analyst
9254,Finance,Data Analyst
9255,IT,Data Analyst
9256,Marketing,Manager
9257,Sales,Data Analyst
9258,IT,Software Engineer
9259,HR,Software Engineer
9260,Finance,Software Engineer
9261,IT,Marketing Executive
9262,HR,Trainer
9263,Operations,Software Engineer
9264,Finance,Manager
9265,Sales,Manager
9266,IT,Manager
9267,IT,Manager
9268,Operations,Software Engineer
9269,Sales,Software Engineer
9270,Marketing,Marketing Executive
9271,IT,Manager
9272,Operations,Trainer
9273,Marketing,Software Engineer
9274,Operations,Trainer
9275,IT,Manager
9276,Finance,Trainer
9277,Finance,Trainer
9278,Sales,Software Engineer
9279,IT,Data Analyst
9280,Sales,Manager
9281,Sales,Software Engineer
9282,Sales,Marketing Executive
9283,IT,Trainer
9284,Operations,Marketing Executive
9285,Sales,Marketing Executive
9286,HR,Marketing Executive
9287,IT,Trainer
9288,HR,Trainer
9289,IT,Marketing Executive
9290,Operations,Marketing Executive
9291,Sales,Marketing Executive
9292,Marketing,Marketing Executive
9293,Operations,Software Engineer
9294,Operations,Marketing Executive
9295,HR,Marketing Executive
9296,Operations,Manager
9297,Marketing,Marketing Executive
9298,Sales,Trainer
9299,Operations,Marketing Executive
9300,IT,Data Analyst
9301,Operations,Manager
9302,IT,Marketing Executive
9303,Sales,Trainer
9304,Marketing,Data Analyst
9305,Finance,Marketing Executive
9306,IT,Manager
9307,Marketing,Marketing Executive
9308,Sales,Trainer
9309,Finance,Manager
9310,HR,Software Engineer
9311,IT,Trainer
9312,IT,Trainer
9313,HR,Trainer
9314,IT,Software Engineer
9315,IT,Software Engineer
9316,Marketing,Data Analyst
9317,Operations,Manager
9318,IT,Marketing Executive
9319,Sales,Trainer
9320,Finance,Marketing Executive
9321,Marketing,Marketing Executive
9322,Sales,Trainer
9323,HR,Marketing Executive
9324,HR,Software Engineer
9325,Marketing,Data Analyst
9326,HR,Manager
9327,Finance,Software Engineer
9328,Operations,Trainer
9329,Operations,Data Analyst
9330,Operations,Trainer
9331,Finance,Software Engineer
9332,HR,Marketing Executive
9333,IT,Software Engineer
9334,HR,Manager
9335,Operations,Software Engineer
9336,Finance,Data Analyst
9337,Operations,Manager
9338,IT,Data Analyst
9339,Finance,Marketing Executive
9340,HR,Data Analyst
9341,Marketing,Software Engineer
9342,HR,Marketing Executive
9343,Operations,Marketing Executive
9344,IT,Trainer
9345,Finance,Data Analyst
9346,Finance,Marketing Executive
9347,Sales,Manager
9348,HR,Data Analyst
9349,HR,Manager
9350,HR,Marketing Executive
9351,Sales,Marketing Executive
9352,Sales,Software Engineer
9353,Operations,Data Analyst
9354,HR,Manager
9355,HR,Trainer
9356,Finance,Data Analyst
9357,IT,Software Engineer
9358,IT,Trainer
9359,Marketing,Data Analyst
9360,Finance,Marketing Executive
9361,Finance,Trainer
9362,Finance,Data Analyst
9363,Marketing,Marketing Executive
9364,HR,Manager
9365,Sales,Data Analyst
9366,Marketing,Manager
9367,Marketing,Trainer
9368,Sales,Marketing Executive
9369,HR,Software Engineer
9370,Finance,Marketing Executive
9371,HR,Manager
9372,Operations,Software Engineer
9373,Marketing,Data Analyst
9374,Sales,Marketing Executive
9375,Operations,Manager
9376,IT,Trainer
9377,Finance,Software Engineer
9378,Sales,Trainer
9379,HR,Trainer
9380,Finance,Manager
9381,Marketing,Trainer
9382,Finance,Trainer
9383,Sales,Trainer
9384,IT,Trainer
9385,Marketing,Trainer
9386,Sales,Marketing Executive
9387,Finance,Marketing Executive
9388,IT,Trainer
9389,HR,Manager
9390,Operations,Manager
9391,HR,Trainer
9392,IT,Trainer
9393,Marketing,Software Engineer
9394,Marketing,Manager
9395,Sales,Data Analyst
9396,IT,Software Engineer
9397,Finance,Marketing Executive
9398,HR,Manager
9399,Operations,Marketing Executive
9400,IT,Trainer
9401,Sales,Manager
9402,Finance,Marketing Executive
9403,Marketing,Marketing Executive
9404,Finance,Software Engineer
9405,Operations,Marketing Executive
9406,Operations,Trainer
9407,Sales,Software Engineer
9408,Operations,Marketing Executive
9409,Marketing,Marketing Executive
9410,Sales,Trainer
9411,Marketing,Data Analyst
9412,Finance,Manager
9413,Marketing,Software Engineer
9414,Finance,Marketing Executive
9415,IT,Software Engineer
9416,HR,Manager
9417,IT,Data Analyst
9418,HR,Marketing Executive
9419,Finance,Marketing Executive
9420,Finance,Data Analyst
9421,HR,Software Engineer
9422,HR,Trainer
9423,Operations,Trainer
9424,Marketing,Trainer
9425,Marketing,Trainer
9426,Operations,Manager
9427,HR,Data Analyst
9428,IT,Marketing Executive
9429,IT,Data Analyst
9430,Operations,Software Engineer
9431,Sales,Manager
9432,Sales,Data Analyst
9433,Finance,Manager
9434,Sales,Data Analyst
9435,IT,Manager
9436,HR,Software Engineer
9437,Finance,Manager
9438,Finance,Software Engineer
9439,Marketing,Software Engineer
9440,IT,Software Engineer
9441,Finance,Marketing Executive
9442,HR,Marketing Executive
9443,Operations,Marketing Executive
9444,HR,Marketing Executive
9445,Finance,Marketing Executive
9446,Finance,Trainer
9447,Operations,Marketing Executive
9448,HR,Marketing Executive
9449,Marketing,Trainer
9450,Sales,Data Analyst
9451,Sales,Software Engineer
9452,Sales,Marketing Executive
9453,Sales,Software Engineer
9454,Operations,Manager
9455,Operations,Software Engineer
9456,Finance,Manager
9457,Marketing,Data Analyst
9458,IT,Manager
9459,IT,Data Analyst
9460,Sales,Manager
9461,Sales,Manager
9462,Operations,Software Engineer
9463,IT,Manager
9464,Sales,Trainer
9465,Sales,Marketing Executive
9466,HR,Data Analyst
9467,HR,Software Engineer
9468,HR,Software Engineer
9469,HR,Trainer
9470,Sales,Trainer
9471,HR,Manager
9472,HR,Trainer
9473,Sales,Manager
9474,IT,Marketing Executive
9475,Operations,Manager
9476,Finance,Manager
9477,HR,Software Engineer
9478,IT,Software Engineer
9479,Finance,Trainer
9480,Sales,Manager
9481,HR,Software Engineer
9482,Finance,Manager
9483,IT,Marketing Executive
9484,Marketing,Data Analyst
9485,Marketing,Data Analyst
9486,Operations,Trainer
9487,IT,Manager
9488,Operations,Software Engineer
9489,Operations,Data Analyst
9490,Finance,Software Engineer
9491,Finance,Data Analyst
9492,Finance,Data Analyst
9493,IT,Data Analyst
9494,Sales,Software Engineer
9495,Finance,Software Engineer
9496,Operations,Manager
9497,Marketing,Marketing Executive
9498,Finance,Manager
9499,Sales,Manager
9500,Marketing,Marketing Executive
9501,Operations,Trainer
9502,HR,Marketing Executive
9503,Finance,Data Analyst
9504,Marketing,Trainer
9505,Sales,Data Analyst
9506,Sales,Trainer
9507,IT,Manager
9508,Finance,Software Engineer
9509,Sales,Trainer
9510,Sales,Trainer
9511,IT,Data Analyst
9512,IT,Manager
9513,Finance,Marketing Executive
9514,Finance,Data Analyst
9515,Marketing,Manager
9516,HR,Trainer
9517,Sales,Data Analyst
9518,Marketing,Marketing Executive
9519,HR,Data Analyst
9520,Operations,Manager
9521,Finance,Manager
9522,Operations,Data Analyst
9523,Finance,Marketing Executive
9524,Sales,Software Engineer
9525,Operations,Trainer
9526,Finance,Data Analyst
9527,Sales,Data Analyst
9528,HR,Software Engineer
9529,IT,Trainer
9530,IT,Trainer
9531,IT,Marketing Executive
9532,Marketing,Software Engineer
9533,Finance,Data Analyst
9534,IT,Manager
9535,Sales,Marketing Executive
9536,Sales,Software Engineer
9537,Finance,Manager
9538,IT,Manager
9539,Operations,Manager
9540,HR,Manager
9541,Sales,Marketing Executive
9542,Finance,Marketing Executive
9543,Sales,Software Engineer
9544,IT,Software Engineer
9545,Sales,Data Analyst
9546,IT,Manager
9547,IT,Software Engineer
9548,IT,Marketing Executive
9549,Marketing,Marketing Executive
9550,IT,Marketing Executive
9551,Marketing,Marketing Executive
9552,Finance,Marketing Executive
9553,HR,Trainer
9554,Sales,Data Analyst
9555,HR,Data Analyst
9556,Operations,Trainer
9557,Sales,Software Engineer
9558,Sales,Manager
9559,Operations,Software Engineer
9560,IT,Trainer
9561,Marketing,Trainer
9562,IT,Marketing Executive
9563,Sales,Manager
9564,Finance,Data Analyst
9565,IT,Data Analyst
9566,Operations,Marketing Executive
9567,IT,Manager
9568,Operations,Manager
9569,IT,Trainer
9570,IT,Data Analyst
9571,IT,Manager
9572,Sales,Marketing Executive
9573,Operations,Data Analyst
9574,Finance,Marketing Executive
9575,Sales,Marketing Executive
9576,IT,Data Analyst
9577,Operations,Trainer
9578,Finance,Manager
9579,Marketing,Manager
9580,Sales,Manager
9581,Finance,Data Analyst
9582,Finance,Software Engineer
9583,Operations,Trainer
9584,Finance,Manager
9585,IT,Data Analyst
9586,Operations,Data Analyst
9587,Sales,Manager
9588,Sales,Manager
9589,HR,Marketing Executive
9590,IT,Software Engineer
9591,Operations,Manager
9592,HR,Manager
9593,HR,Trainer
9594,HR,Data Analyst
9595,Operations,Software Engineer
9596,Marketing,Software Engineer
9597,Marketing,Manager
9598,Marketing,Marketing Executive
9599,Finance,Data Analyst
9600,HR,Data Analyst
9601,Finance,Trainer
9602,IT,Trainer
9603,HR,Manager
9604,Operations,Data Analyst
9605,Sales,Data Analyst
9606,Sales,Marketing Executive
9607,IT,Marketing Executive
9608,Operations,Trainer
9609,Finance,Data Analyst
9610,Operations,Marketing Executive
9611,Sales,Data Analyst
9612,HR,Software Engineer
9613,Operations,Manager
9614,IT,Software Engineer
9615,Marketing,Trainer
9616,IT,Manager
9617,Finance,Marketing Executive
9618,Sales,Marketing Executive
9619,HR,Software Engineer
9620,Sales,Data Analyst
9621,Operations,Marketing Executive
9622,Operations,Marketing Executive
9623,Operations,Marketing Executive
9624,Marketing,Software Engineer
9625,Marketing,Trainer
9626,IT,Software Engineer
9627,HR,Manager
9628,Finance,Software Engineer
9629,Marketing,Data Analyst
9630,HR,Manager
9631,IT,Marketing Executive
9632,Marketing,Manager
9633,IT,Trainer
9634,Sales,Data Analyst
9635,Sales,Manager
9636,Marketing,Manager
9637,Marketing,Trainer
9638,HR,Software Engineer
9639,Marketing,Data Analyst
9640,IT,Manager
9641,Marketing,Manager
9642,Finance,Trainer
9643,IT,Data Analyst
9644,Finance,Manager
9645,Finance,Trainer
9646,Finance,Manager
9647,HR,Data Analyst
9648,Marketing,Software Engineer
9649,Marketing,Manager
9650,HR,Manager
9651,Marketing,Software Engineer
9652,Operations,Trainer
9653,IT,Trainer
9654,IT,Manager
9655,Operations,Manager
9656,Finance,Marketing Executive
9657,Finance,Software Engineer
9658,HR,Manager
9659,HR,Manager
9660,Finance,Manager
9661,HR,Data Analyst
9662,HR,Marketing Executive
9663,Operations,Trainer
9664,Finance,Data Analyst
9665,Finance,Marketing Executive
9666,IT,Marketing Executive
9667,Operations,Data Analyst
9668,HR,Trainer
9669,Finance,Manager
9670,Sales,Trainer
9671,IT,Data Analyst
9672,IT,Data Analyst
9673,HR,Manager
9674,Operations,Manager
9675,Sales,Marketing Executive
9676,IT,Data Analyst
9677,Finance,Software Engineer
9678,Finance,Marketing Executive
9679,HR,Manager
9680,Marketing,Software Engineer
9681,HR,Manager
9682,HR,Trainer
9683,IT,Marketing Executive
9684,Finance,Manager
9685,IT,Trainer
9686,Sales,Software Engineer
9687,Finance,Software Engineer
9688,Operations,Data Analyst
9689,IT,Trainer
9690,Finance,Manager
9691,IT,Software Engineer
9692,Finance,Manager
9693,IT,Marketing Executive
9694,IT,Trainer
9695,Operations,Trainer
9696,Operations,Software Engineer
9697,Marketing,Manager
9698,HR,Data Analyst
9699,Sales,Manager
9700,Finance,Data Analyst
9701,Sales,Manager
9702,Finance,Manager
9703,Sales,Manager
9704,HR,Manager
9705,Operations,Marketing Executive
9706,Marketing,Marketing Executive
9707,Marketing,Data Analyst
9708,IT,Marketing Executive
9709,HR,Software Engineer
9710,HR,Software Engineer
9711,Operations,Software Engineer
9712,IT,Marketing Executive
9713,Finance,Data Analyst
9714,Sales,Manager
9715,Sales,Data Analyst
9716,Finance,Marketing Executive
9717,Operations,Software Engineer
9718,HR,Marketing Executive
9719,IT,Manager
9720,IT,Manager
9721,Finance,Trainer
9722,Finance,Trainer
9723,Sales,Data Analyst
9724,HR,Manager
9725,IT,Manager
9726,IT,Manager
9727,Marketing,Marketing Executive
9728,HR,Trainer
9729,IT,Data Analyst
9730,HR,Marketing Executive
9731,Sales,Trainer
9732,Sales,Trainer
9733,Sales,Data Analyst
9734,Operations,Software Engineer
9735,Finance,Trainer
9736,Sales,Marketing Executive
9737,Sales,Manager
9738,HR,Software Engineer
9739,Marketing,Trainer
9740,IT,Data Analyst
9741,Marketing,Manager
9742,Finance,Trainer
9743,HR,Data Analyst
9744,Operations,Trainer
9745,Sales,Marketing Executive
9746,HR,Marketing Executive
9747,HR,Trainer
9748,Marketing,Manager
9749,IT,Software Engineer
9750,Marketing,Trainer
9751,Finance,Data Analyst
9752,Marketing,Manager
9753,IT,Manager
9754,HR,Data Analyst
9755,Operations,Software Engineer
9756,Finance,Software Engineer
9757,Operations,Trainer
9758,IT,Data Analyst
9759,IT,Software Engineer
9760,Sales,Data Analyst
9761,Sales,Marketing Executive
9762,Operations,Trainer
9763,Finance,Trainer
9764,Marketing,Marketing Executive
9765,Operations,Manager
9766,Finance,Data Analyst
9767,Marketing,Data Analyst
9768,Sales,Data Analyst
9769,IT,Manager
9770,Finance,Manager
9771,Sales,Marketing Executive
9772,HR,Manager
9773,Finance,Manager
9774,Finance,Marketing Executive
9775,HR,Software Engineer
9776,Operations,Trainer
9777,IT,Trainer
9778,Finance,Trainer
9779,Operations,Software Engineer
9780,Marketing,Data Analyst
9781,Sales,Trainer
9782,IT,Data Analyst
9783,Operations,Data Analyst
9784,Finance,Manager
9785,Marketing,Marketing Executive
9786,Operations,Marketing Executive
9787,Operations,Data Analyst
9788,Sales,Trainer
9789,IT,Trainer
9790,Operations,Marketing Executive
9791,HR,Data Analyst
9792,Sales,Manager
9793,Marketing,Trainer
9794,Marketing,Marketing Executive
9795,Finance,Data Analyst
9796,HR,Manager
9797,Sales,Trainer
9798,Sales,Manager
9799,Marketing,Data Analyst
9800,HR,Software Engineer
9801,Operations,Software Engineer
9802,IT,Manager
9803,IT,Marketing Executive
9804,HR,Software Engineer
9805,Operations,Manager
9806,IT,Marketing Executive
9807,HR,Trainer
9808,Sales,Manager
9809,HR,Software Engineer
9810,Sales,Software Engineer
9811,IT,Data Analyst
9812,HR,Manager
9813,Sales,Marketing Executive
9814,Sales,Trainer
9815,Sales,Trainer
9816,IT,Data Analyst
9817,HR,Data Analyst
9818,Marketing,Software Engineer
9819,Sales,Data Analyst
9820,HR,Software Engineer
9821,Sales,Data Analyst
9822,Marketing,Manager
9823,Marketing,Data Analyst
9824,HR,Data Analyst
9825,HR,Trainer
9826,Finance,Software Engineer
9827,Operations,Software Engineer
9828,IT,Trainer
9829,IT,Trainer
9830,IT,Data Analyst
9831,HR,Marketing Executive
9832,Finance,Marketing Executive
9833,Marketing,Trainer
9834,Marketing,Trainer
9835,HR,Marketing Executive
9836,Operations,Manager
9837,Operations,Data Analyst
9838,Finance,Data Analyst
9839,Marketing,Data Analyst
9840,Finance,Trainer
9841,Sales,Manager
9842,HR,Software Engineer
9843,HR,Manager
9844,IT,Trainer
9845,Marketing,Trainer
9846,Marketing,Trainer
9847,HR,Marketing Executive
9848,IT,Data Analyst
9849,Sales,Data Analyst
9850,Marketing,Marketing Executive
9851,Sales,Software Engineer
9852,Marketing,Trainer
9853,Sales,Manager
9854,Marketing,Software Engineer
9855,HR,Software Engineer
9856,Marketing,Software Engineer
9857,Operations,Manager
9858,IT,Manager
9859,HR,Marketing Executive
9860,Sales,Marketing Executive
9861,Marketing,Software Engineer
9862,IT,Manager
9863,HR,Trainer
9864,HR,Marketing Executive
9865,Finance,Software Engineer
9866,Operations,Trainer
9867,HR,Data Analyst
9868,HR,Data Analyst
9869,HR,Marketing Executive
9870,Finance,Data Analyst
9871,Sales,Data Analyst
9872,Finance,Marketing Executive
9873,Sales,Manager
9874,IT,Data Analyst
9875,Marketing,Trainer
9876,HR,Software Engineer
9877,Marketing,Data Analyst
9878,IT,Manager
9879,Operations,Marketing Executive
9880,Operations,Trainer
9881,Sales,Manager
9882,Operations,Marketing Executive
9883,Finance,Data Analyst
9884,IT,Data Analyst
9885,Finance,Marketing Executive
9886,IT,Software Engineer
9887,IT,Trainer
9888,Operations,Trainer
9889,Operations,Data Analyst
9890,Sales,Software Engineer
9891,Sales,Marketing Executive
9892,HR,Data Analyst
9893,Sales,Trainer
9894,HR,Software Engineer
9895,Finance,Manager
9896,Sales,Trainer
9897,IT,Software Engineer
9898,HR,Manager
9899,HR,Trainer
9900,HR,Trainer
9901,Sales,Marketing Executive
9902,Operations,Manager
9903,Marketing,Manager
9904,Marketing,Data Analyst
9905,Marketing,Marketing Executive
9906,Sales,Marketing Executive
9907,Sales,Software Engineer
9908,HR,Software Engineer
9909,Operations,Trainer
9910,HR,Data Analyst
9911,Sales,Marketing Executive
9912,Finance,Data Analyst
9913,Sales,Trainer
9914,Operations,Data Analyst
9915,HR,Manager
9916,Operations,Trainer
9917,Operations,Manager
9918,Finance,Data Analyst
9919,Operations,Data Analyst
9920,Sales,Trainer
9921,Marketing,Software Engineer
9922,Operations,Marketing Executive
9923,Finance,Trainer
9924,Operations,Marketing Executive
9925,Operations,Marketing Executive
9926,HR,Software Engineer
9927,Operations,Software Engineer
9928,HR,Data Analyst
9929,Operations,Data Analyst
9930,IT,Marketing Executive
9931,Sales,Marketing Executive
9932,Operations,Manager
9933,Marketing,Marketing Executive
9934,IT,Software Engineer
9935,Operations,Trainer
9936,Marketing,Data Analyst
9937,Finance,Marketing Executive
9938,Operations,Manager
9939,Sales,Marketing Executive
9940,IT,Marketing Executive
9941,Sales,Trainer
9942,Sales,Marketing Executive
9943,Operations,Trainer
9944,HR,Trainer
9945,Marketing,Trainer
9946,Operations,Manager
9947,IT,Marketing Executive
9948,Finance,Marketing Executive
9949,IT,Marketing Executive
9950,Operations,Manager
9951,Operations,Trainer
9952,Sales,Marketing Executive
9953,IT,Software Engineer
9954,Operations,Marketing Executive
9955,Sales,Marketing Executive
9956,Finance,Data Analyst
9957,HR,Data Analyst
9958,HR,Manager
9959,Finance,Trainer
9960,Finance,Software Engineer
9961,Finance,Manager
9962,Sales,Trainer
9963,Operations,Data Analyst
9964,Sales,Marketing Executive
9965,Sales,Manager
9966,Sales,Manager
9967,Marketing,Software Engineer
9968,Sales,Manager
9969,Finance,Marketing Executive
9970,Finance,Data Analyst
9971,Operations,Manager
9972,Operations,Marketing Executive
9973,Marketing,Data Analyst
9974,Operations,Data Analyst
9975,Sales,Software Engineer
9976,IT,Trainer
9977,Sales,Manager
9978,Operations,Marketing Executive
9979,Marketing,Trainer
9980,HR,Software Engineer
9981,Sales,Marketing Executive
9982,IT,Manager
9983,Operations,Software Engineer
9984,Finance,Trainer
9985,Marketing,Software Engineer
9986,Marketing,Manager
9987,Operations,Marketing Executive
9988,IT,Manager
9989,IT,Marketing Executive
9990,HR,Trainer
9991,HR,Trainer
9992,Marketing,Manager
9993,Sales,Software Engineer
9994,HR,Manager
9995,Sales,Marketing Executive
9996,Operations,Data Analyst
9997,Operations,Manager
9998,IT,Marketing Executive
9999,IT,Data Analyst
10000,Operations,Manager
10001,Finance,Trainer
10002,HR,Manager
10003,Operations,Software Engineer
10004,Sales,Software Engineer
10005,Finance,Marketing Executive
10006,Operations,Manager
10007,Sales,Software Engineer
10008,HR,Manager
10009,Finance,Data Analyst
10010,Operations,Manager
10011,Marketing,Manager
10012,Sales,Software Engineer
10013,Finance,Data Analyst
10014,IT,Marketing Executive
10015,Sales,Software Engineer
10016,HR,Manager
10017,IT,Manager
10018,Sales,Marketing Executive
10019,HR,Marketing Executive
10020,IT,Trainer
10021,IT,Trainer
10022,IT,Software Engineer
10023,HR,Marketing Executive
10024,HR,Marketing Executive
10025,Sales,Software Engineer
10026,Sales,Software Engineer
10027,Marketing,Software Engineer
10028,Finance,Manager
10029,Sales,Manager
10030,Operations,Data Analyst
10031,Marketing,Trainer
10032,Sales,Manager
10033,Sales,Manager
10034,IT,Data Analyst
10035,Marketing,Manager
10036,Marketing,Trainer
10037,HR,Manager
10038,Operations,Manager
10039,Marketing,Manager
10040,Operations,Trainer
10041,IT,Trainer
10042,Operations,Trainer
10043,Operations,Trainer
10044,IT,Trainer
10045,Operations,Data Analyst
10046,Sales,Software Engineer
10047,Sales,Data Analyst
10048,IT,Marketing Executive
10049,Sales,Trainer
10050,HR,Trainer
10051,IT,Trainer
10052,IT,Marketing Executive
10053,Finance,Trainer
10054,HR,Marketing Executive
10055,Operations,Marketing Executive
10056,Sales,Software Engineer
10057,Marketing,Manager
10058,Marketing,Trainer
10059,Marketing,Data Analyst
10060,Sales,Data Analyst
10061,HR,Marketing Executive
10062,IT,Data Analyst
10063,Operations,Software Engineer
10064,Sales,Software Engineer
10065,Marketing,Marketing Executive
10066,Operations,Marketing Executive
10067,HR,Marketing Executive
10068,IT,Software Engineer
10069,Sales,Manager
10070,Finance,Software Engineer
10071,Sales,Trainer
10072,Operations,Trainer
10073,Finance,Marketing Executive
10074,IT,Trainer
10075,HR,Trainer
10076,HR,Software Engineer
10077,IT,Marketing Executive
10078,Marketing,Data Analyst
10079,Operations,Manager
10080,HR,Software Engineer
10081,Marketing,Manager
10082,Sales,Data Analyst
10083,Finance,Trainer
10084,Operations,Marketing Executive
10085,Sales,Data Analyst
10086,Sales,Data Analyst
10087,IT,Trainer
10088,IT,Trainer
10089,HR,Manager
10090,Marketing,Trainer
10091,Operations,Trainer
10092,IT,Manager
10093,Finance,Software Engineer
10094,Marketing,Trainer
10095,IT,Data Analyst
10096,IT,Software Engineer
10097,HR,Marketing Executive
10098,Marketing,Manager
10099,IT,Marketing Executive
10100,Marketing,Marketing Executive
10101,Marketing,Trainer
10102,Sales,Software Engineer
10103,Marketing,Marketing Executive
10104,Marketing,Software Engineer
10105,IT,Manager
10106,HR,Marketing Executive
10107,IT,Trainer
10108,HR,Trainer
10109,Operations,Data Analyst
10110,Operations,Marketing Executive
10111,Sales,Manager
10112,Operations,Data Analyst
10113,Sales,Software Engineer
10114,Marketing,Trainer
10115,Marketing,Trainer
10116,HR,Marketing Executive
10117,Sales,Marketing Executive
10118,Marketing,Trainer
10119,Finance,Software Engineer
10120,Marketing,Software Engineer
10121,Marketing,Data Analyst
10122,Sales,Trainer
10123,Marketing,Software Engineer
10124,IT,Trainer
10125,HR,Manager
10126,Marketing,Software Engineer
10127,Sales,Manager
10128,Marketing,Marketing Executive
10129,Operations,Software Engineer
10130,Marketing,Trainer
10131,Marketing,Marketing Executive
10132,Marketing,Marketing Executive
10133,Finance,Data Analyst
10134,Finance,Data Analyst
10135,Operations,Software Engineer
10136,Operations,Trainer
10137,HR,Marketing Executive
10138,IT,Software Engineer
10139,Operations,Software Engineer
10140,Finance,Manager
10141,Operations,Software Engineer
10142,HR,Software Engineer
10143,Finance,Marketing Executive
10144,Operations,Trainer
10145,Marketing,Software Engineer
10146,Operations,Software Engineer
10147,Operations,Data Analyst
10148,Operations,Data Analyst
10149,Marketing,Software Engineer
10150,Operations,Data Analyst
10151,HR,Marketing Executive
10152,HR,Manager
10153,Finance,Trainer
10154,IT,Data Analyst
10155,IT,Manager
10156,Operations,Marketing Executive
10157,Finance,Marketing Executive
10158,Marketing,Manager
10159,Operations,Manager
10160,Operations,Manager
10161,HR,Data Analyst
10162,IT,Marketing Executive
10163,HR,Data Analyst
10164,IT,Manager
10165,Sales,Marketing Executive
10166,IT,Manager
10167,Finance,Data Analyst
10168,Finance,Manager
10169,Finance,Trainer
10170,Sales,Marketing Executive
10171,IT,Trainer
10172,Finance,Marketing Executive
10173,HR,Software Engineer
10174,IT,Data Analyst
10175,Sales,Marketing Executive
10176,Sales,Data Analyst
10177,HR,Manager
10178,HR,Data Analyst
10179,Finance,Trainer
10180,Finance,Data Analyst
10181,IT,Manager
10182,HR,Marketing Executive
10183,HR,Data Analyst
10184,Sales,Manager
10185,Finance,Software Engineer
10186,Operations,Manager
10187,Finance,Trainer
10188,Sales,Data Analyst
10189,Finance,Manager
10190,HR,Software Engineer
10191,Sales,Software Engineer
10192,Marketing,Software Engineer
10193,Sales,Software Engineer
10194,Finance,Software Engineer
10195,IT,Manager
10196,Sales,Marketing Executive
10197,Sales,Marketing Executive
10198,Marketing,Software Engineer
10199,Operations,Marketing Executive
10200,IT,Trainer
10201,HR,Software Engineer
10202,HR,Software Engineer
10203,Finance,Data Analyst
10204,Finance,Manager
10205,Operations,Software Engineer
10206,Sales,Software Engineer
10207,Sales,Manager
10208,Finance,Marketing Executive
10209,Operations,Manager
10210,Sales,Trainer
10211,Sales,Data Analyst
10212,Operations,Manager
10213,Sales,Trainer
10214,Operations,Data Analyst
10215,Operations,Manager
10216,Sales,Manager
10217,HR,Manager
10218,Operations,Trainer
10219,Marketing,Trainer
10220,Marketing,Trainer
10221,IT,Trainer
10222,Finance,Trainer
10223,Marketing,Marketing Executive
10224,IT,Data Analyst
10225,HR,Marketing Executive
10226,Sales,Software Engineer
10227,Finance,Data Analyst
10228,Sales,Software Engineer
10229,Sales,Trainer
10230,Finance,Data Analyst
10231,Sales,Marketing Executive
10232,Operations,Trainer
10233,Sales,Marketing Executive
10234,Operations,Marketing Executive
10235,HR,Software Engineer
10236,IT,Software Engineer
10237,Marketing,Marketing Executive
10238,IT,Data Analyst
10239,Sales,Manager
10240,HR,Software Engineer
10241,Finance,Data Analyst
10242,IT,Manager
10243,Marketing,Marketing Executive
10244,IT,Software Engineer
10245,Sales,Marketing Executive
10246,IT,Software Engineer
10247,Marketing,Manager
10248,IT,Software Engineer
10249,Operations,Marketing Executive
10250,Finance,Trainer
10251,Marketing,Software Engineer
10252,IT,Manager
10253,Finance,Manager
10254,Marketing,Data Analyst
10255,Marketing,Data Analyst
10256,Sales,Manager
10257,IT,Software Engineer
10258,Finance,Data Analyst
10259,Finance,Manager
10260,Finance,Marketing Executive
10261,Finance,Marketing Executive
10262,Marketing,Marketing Executive
10263,Finance,Trainer
10264,Sales,Software Engineer
10265,IT,Software Engineer
10266,Finance,Manager
10267,Marketing,Manager
10268,IT,Trainer
10269,Marketing,Manager
10270,Sales,Software Engineer
10271,IT,Manager
10272,HR,Marketing Executive
10273,Finance,Data Analyst
10274,IT,Software Engineer
10275,HR,Data Analyst
10276,Sales,Manager
10277,Operations,Manager
10278,IT,Trainer
10279,Finance,Marketing Executive
10280,IT,Data Analyst
10281,Finance,Trainer
10282,Operations,Marketing Executive
10283,Finance,Trainer
10284,Marketing,Trainer
10285,Operations,Data Analyst
10286,Marketing,Marketing Executive
10287,Sales,Marketing Executive
10288,IT,Trainer
10289,Finance,Manager
10290,HR,Software Engineer
10291,Marketing,Marketing Executive
10292,Finance,Marketing Executive
10293,Operations,Marketing Executive
10294,Marketing,Data Analyst
10295,HR,Manager
10296,IT,Data Analyst
10297,Finance,Data Analyst
10298,Sales,Marketing Executive
10299,Finance,Manager
10300,HR,Trainer
10301,IT,Manager
10302,IT,Trainer
10303,Marketing,Marketing Executive
10304,Sales,Marketing Executive
10305,IT,Manager
10306,Operations,Marketing Executive
10307,HR,Software Engineer
10308,Finance,Data Analyst
10309,Sales,Manager
10310,HR,Manager
10311,Marketing,Marketing Executive
10312,Marketing,Software Engineer
10313,IT,Trainer
10314,Finance,Marketing Executive
10315,Marketing,Trainer
10316,Finance,Manager
10317,Sales,Software Engineer
10318,Finance,Marketing Executive
10319,HR,Software Engineer
10320,IT,Data Analyst
10321,Marketing,Marketing Executive
10322,Operations,Marketing Executive
10323,Finance,Manager
10324,Marketing,Trainer
10325,Sales,Manager
10326,HR,Data Analyst
10327,Operations,Manager
10328,Sales,Trainer
10329,HR,Data Analyst
10330,Finance,Data Analyst
10331,Finance,Trainer
10332,Sales,Trainer
10333,Sales,Data Analyst
10334,Operations,Marketing Executive
10335,Operations,Software Engineer
10336,Sales,Manager
10337,Sales,Manager
10338,Operations,Software Engineer
10339,Sales,Manager
10340,HR,Manager
10341,Sales,Manager
10342,IT,Trainer
10343,Finance,Marketing Executive
10344,Marketing,Marketing Executive
10345,Marketing,Trainer
10346,Operations,Data Analyst
10347,Marketing,Data Analyst
10348,IT,Data Analyst
10349,Sales,Data Analyst
10350,Operations,Software Engineer
10351,Finance,Marketing Executive
10352,Finance,Marketing Executive
10353,Finance,Software Engineer
10354,IT,Manager
10355,HR,Manager
10356,Finance,Software Engineer
10357,IT,Software Engineer
10358,Sales,Trainer
10359,IT,Data Analyst
10360,IT,Manager
10361,Sales,Manager
10362,Finance,Trainer
10363,HR,Software Engineer
10364,Operations,Marketing Executive
10365,Sales,Manager
10366,Finance,Trainer
10367,Marketing,Manager
10368,Marketing,Trainer
10369,Operations,Manager
10370,Marketing,Data Analyst
10371,Operations,Trainer
10372,Marketing,Marketing Executive
10373,Sales,Data Analyst
10374,Operations,Trainer
10375,Operations,Trainer
10376,Marketing,Manager
10377,HR,Software Engineer
10378,HR,Software Engineer
10379,IT,Marketing Executive
10380,Operations,Manager
10381,Sales,Software Engineer
10382,HR,Manager
10383,Sales,Data Analyst
10384,Finance,Marketing Executive
10385,HR,Marketing Executive
10386,Sales,Marketing Executive
10387,Finance,Manager
10388,Operations,Data Analyst
10389,Operations,Manager
10390,Marketing,Manager
10391,Sales,Trainer
10392,Marketing,Data Analyst
10393,IT,Data Analyst
10394,Finance,Data Analyst
10395,Sales,Marketing Executive
10396,HR,Data Analyst
10397,HR,Software Engineer
10398,IT,Marketing Executive
10399,Sales,Manager
10400,IT,Manager
10401,IT,Trainer
10402,Sales,Trainer
10403,Finance,Marketing Executive
10404,HR,Software Engineer
10405,Finance,Data Analyst
10406,IT,Data Analyst
10407,Finance,Data Analyst
10408,Operations,Manager
10409,HR,Trainer
10410,Marketing,Software Engineer
10411,IT,Marketing Executive
10412,Finance,Trainer
10413,Sales,Software Engineer
10414,Finance,Marketing Executive
10415,Sales,Software Engineer
10416,Finance,Marketing Executive
10417,Marketing,Data Analyst
10418,Sales,Software Engineer
10419,Marketing,Marketing Executive
10420,Finance,Trainer
10421,Sales,Software Engineer
10422,Sales,Marketing Executive
10423,Sales,Trainer
10424,Sales,Manager
10425,Finance,Data Analyst
10426,Finance,Manager
10427,Operations,Trainer
10428,Operations,Manager
10429,IT,Data Analyst
10430,HR,Manager
10431,Finance,Manager
10432,Marketing,Data Analyst
10433,IT,Trainer
10434,IT,Marketing Executive
10435,Finance,Manager
10436,HR,Data Analyst
10437,IT,Data Analyst
10438,Finance,Manager
10439,Sales,Trainer
10440,IT,Manager
10441,Marketing,Manager
10442,HR,Data Analyst
10443,Operations,Marketing Executive
10444,Sales,Trainer
10445,Operations,Marketing Executive
10446,Finance,Manager
10447,Sales,Marketing Executive
10448,HR,Marketing Executive
10449,Sales,Trainer
10450,Marketing,Data Analyst
10451,IT,Data Analyst
10452,Finance,Data Analyst
10453,Operations,Trainer
10454,Sales,Software Engineer
10455,IT,Trainer
10456,IT,Marketing Executive
10457,Finance,Manager
10458,Sales,Trainer
10459,Finance,Manager
10460,HR,Marketing Executive
10461,Finance,Trainer
10462,IT,Manager
10463,HR,Data Analyst
10464,Operations,Trainer
10465,Marketing,Software Engineer
10466,Operations,Manager
10467,Marketing,Manager
10468,Finance,Software Engineer
10469,Sales,Trainer
10470,Operations,Data Analyst
10471,Marketing,Manager
10472,Finance,Trainer
10473,Operations,Data Analyst
10474,HR,Manager
10475,IT,Data Analyst
10476,Sales,Data Analyst
10477,IT,Data Analyst
10478,Operations,Trainer
10479,Sales,Trainer
10480,IT,Trainer
10481,Sales,Data Analyst
10482,HR,Data Analyst
10483,HR,Marketing Executive
10484,Finance,Marketing Executive
10485,Sales,Data Analyst
10486,Sales,Data Analyst
10487,IT,Software Engineer
10488,Marketing,Data Analyst
10489,Operations,Software Engineer
10490,IT,Marketing Executive
10491,Marketing,Data Analyst
10492,HR,Manager
10493,Operations,Manager
10494,Operations,Trainer
10495,IT,Manager
10496,Sales,Software Engineer
10497,Finance,Trainer
10498,IT,Marketing Executive
10499,HR,Trainer
10500,Sales,Software Engineer
10501,Marketing,Marketing Executive
10502,IT,Marketing Executive
10503,Finance,Manager
10504,Operations,Trainer
10505,Finance,Trainer
10506,IT,Manager
10507,HR,Data Analyst
10508,IT,Manager
10509,Sales,Data Analyst
10510,Sales,Marketing Executive
10511,HR,Data Analyst
10512,HR,Data Analyst
10513,Marketing,Software Engineer
10514,Finance,Manager
10515,HR,Marketing Executive
10516,Operations,Data Analyst
10517,HR,Data Analyst
10518,Finance,Manager
10519,Finance,Marketing Executive
10520,HR,Software Engineer
10521,Operations,Trainer
10522,Marketing,Manager
10523,HR,Data Analyst
10524,IT,Manager
10525,Finance,Trainer
10526,Marketing,Data Analyst
10527,Sales,Trainer
10528,Finance,Trainer
10529,IT,Trainer
10530,Sales,Trainer
10531,Sales,Manager
10532,Finance,Data Analyst
10533,HR,Marketing Executive
10534,Operations,Trainer
10535,Sales,Trainer
10536,Sales,Software Engineer
10537,Finance,Manager
10538,Sales,Software Engineer
10539,Finance,Software Engineer
10540,Operations,Marketing Executive
10541,Finance,Software Engineer
10542,Operations,Manager
10543,HR,Trainer
10544,Operations,Software Engineer
10545,Marketing,Manager
10546,Operations,Marketing Executive
10547,Sales,Manager
10548,IT,Trainer
10549,Operations,Manager
10550,Operations,Software Engineer
10551,Sales,Trainer
10552,IT,Marketing Executive
10553,HR,Data Analyst
10554,Finance,Data Analyst
10555,HR,Trainer
10556,Finance,Software Engineer
10557,Sales,Data Analyst
10558,Operations,Marketing Executive
10559,HR,Trainer
10560,Finance,Trainer
10561,Finance,Marketing Executive
10562,Sales,Manager
10563,IT,Trainer
10564,HR,Trainer
10565,Marketing,Manager
10566,Marketing,Manager
10567,IT,Marketing Executive
10568,IT,Data Analyst
10569,Marketing,Software Engineer
10570,HR,Software Engineer
10571,Operations,Software Engineer
10572,Sales,Manager
10573,HR,Data Analyst
10574,Sales,Trainer
10575,HR,Trainer
10576,IT,Software Engineer
10577,HR,Manager
10578,IT,Data Analyst
10579,Finance,Trainer
10580,HR,Software Engineer
10581,HR,Trainer
10582,Sales,Trainer
10583,Sales,Data Analyst
10584,Finance,Marketing Executive
10585,Finance,Data Analyst
10586,Finance,Software Engineer
10587,HR,Data Analyst
10588,Operations,Software Engineer
10589,Operations,Manager
10590,Sales,Marketing Executive
10591,Finance,Data Analyst
10592,Operations,Software Engineer
10593,IT,Data Analyst
10594,Operations,Manager
10595,IT,Manager
10596,Operations,Marketing Executive
10597,IT,Manager
10598,IT,Trainer
10599,Marketing,Marketing Executive
10600,HR,Software Engineer
10601,IT,Software Engineer
10602,IT,Trainer
10603,Marketing,Marketing Executive
10604,Sales,Software Engineer
10605,Finance,Marketing Executive
10606,IT,Data Analyst
10607,Operations,Software Engineer
10608,IT,Trainer
10609,Marketing,Software Engineer
10610,HR,Manager
10611,HR,Marketing Executive
10612,Finance,Trainer
10613,IT,Data Analyst
10614,Sales,Marketing Executive
10615,Finance,Data Analyst
10616,IT,Software Engineer
10617,IT,Data Analyst
10618,Finance,Trainer
10619,HR,Software Engineer
10620,HR,Marketing Executive
10621,Finance,Manager
10622,Finance,Software Engineer
10623,Sales,Trainer
10624,IT,Manager
10625,Finance,Marketing Executive
10626,Finance,Software Engineer
10627,Sales,Marketing Executive
10628,HR,Manager
10629,IT,Software Engineer
10630,Finance,Manager
10631,HR,Marketing Executive
10632,Operations,Manager
10633,Sales,Software Engineer
10634,IT,Software Engineer
10635,Operations,Software Engineer
10636,Marketing,Software Engineer
10637,IT,Data Analyst
10638,Operations,Software Engineer
10639,Finance,Software Engineer
10640,HR,Manager
10641,HR,Marketing Executive
10642,HR,Trainer
10643,HR,Data Analyst
10644,Operations,Trainer
10645,Marketing,Trainer
10646,IT,Trainer
10647,HR,Data Analyst
10648,Operations,Marketing Executive
10649,Marketing,Data Analyst
10650,HR,Software Engineer
10651,HR,Marketing Executive
10652,HR,Trainer
10653,IT,Data Analyst
10654,Marketing,Trainer
10655,IT,Marketing Executive
10656,Marketing,Trainer
10657,Sales,Trainer
10658,IT,Manager
10659,Operations,Software Engineer
10660,HR,Data Analyst
10661,Operations,Data Analyst
10662,IT,Data Analyst
10663,IT,Marketing Executive
10664,HR,Marketing Executive
10665,Finance,Trainer
10666,IT,Data Analyst
10667,Operations,Data Analyst
10668,Sales,Trainer
10669,Sales,Software Engineer
10670,Operations,Manager
10671,Finance,Data Analyst
10672,Marketing,Software Engineer
10673,Marketing,Software Engineer
10674,IT,Trainer
10675,Operations,Manager
10676,Operations,Manager
10677,IT,Software Engineer
10678,Finance,Trainer
10679,Marketing,Manager
10680,Operations,Manager
10681,Sales,Data Analyst
10682,HR,Manager
10683,Sales,Software Engineer
10684,IT,Software Engineer
10685,HR,Marketing Executive
10686,Sales,Trainer
10687,Finance,Trainer
10688,Sales,Data Analyst
10689,HR,Software Engineer
10690,Sales,Trainer
10691,Finance,Data Analyst
10692,IT,Marketing Executive
10693,IT,Trainer
10694,IT,Software Engineer
10695,Marketing,Data Analyst
10696,HR,Data Analyst
10697,HR,Data Analyst
10698,HR,Trainer
10699,Sales,Trainer
10700,Sales,Trainer
10701,HR,Marketing Executive
10702,Marketing,Manager
10703,Finance,Marketing Executive
10704,Operations,Trainer
10705,HR,Marketing Executive
10706,IT,Manager
10707,Operations,Marketing Executive
10708,Sales,Manager
10709,IT,Manager
10710,Finance,Manager
10711,Sales,Software Engineer
10712,Marketing,Trainer
10713,HR,Data Analyst
10714,Sales,Manager
10715,Marketing,Marketing Executive
10716,Marketing,Manager
10717,Sales,Marketing Executive
10718,Finance,Software Engineer
10719,Sales,Data Analyst
10720,Marketing,Software Engineer
10721,Operations,Trainer
10722,Sales,Data Analyst
10723,Finance,Trainer
10724,HR,Data Analyst
10725,Sales,Data Analyst
10726,IT,Trainer
10727,IT,Marketing Executive
10728,Marketing,Marketing Executive
10729,HR,Marketing Executive
10730,HR,Manager
10731,Operations,Trainer
10732,Operations,Manager
10733,Finance,Data Analyst
10734,IT,Trainer
10735,Marketing,Manager
10736,Finance,Manager
10737,HR,Trainer
10738,Marketing,Data Analyst
10739,Marketing,Software Engineer
10740,Finance,Marketing Executive
10741,HR,Software Engineer
10742,HR,Software Engineer
10743,Marketing,Software Engineer
10744,Operations,Manager
10745,Sales,Manager
10746,IT,Manager
10747,Operations,Manager
10748,IT,Manager
10749,HR,Manager
10750,Marketing,Manager
10751,Marketing,Data Analyst
10752,Sales,Software Engineer
10753,Finance,Trainer
10754,Operations,Data Analyst
10755,Finance,Data Analyst
10756,IT,Trainer
10757,Finance,Data Analyst
10758,Sales,Marketing Executive
10759,Sales,Data Analyst
10760,HR,Marketing Executive
10761,HR,Manager
10762,Sales,Marketing Executive
10763,IT,Trainer
10764,IT,Marketing Executive
10765,IT,Trainer
10766,Sales,Software Engineer
10767,Sales,Software Engineer
10768,Sales,Software Engineer
10769,Sales,Data Analyst
10770,Marketing,Marketing Executive
10771,Marketing,Marketing Executive
10772,Operations,Manager
10773,Finance,Software Engineer
10774,IT,Marketing Executive
10775,Finance,Software Engineer
10776,Operations,Manager
10777,Finance,Trainer
10778,Marketing,Software Engineer
10779,Sales,Manager
10780,HR,Marketing Executive
10781,Marketing,Manager
10782,HR,Trainer
10783,Operations,Software Engineer
10784,IT,Data Analyst
10785,Sales,Software Engineer
10786,Finance,Trainer
10787,Operations,Software Engineer
10788,Operations,Marketing Executive
10789,HR,Trainer
10790,Finance,Software Engineer
10791,Finance,Data Analyst
10792,Marketing,Data Analyst
10793,HR,Data Analyst
10794,Marketing,Marketing Executive
10795,Sales,Marketing Executive
10796,IT,Software Engineer
10797,Finance,Manager
10798,Sales,Software Engineer
10799,Operations,Software Engineer
10800,IT,Manager
10801,HR,Marketing Executive
10802,IT,Manager
10803,Finance,Software Engineer
10804,Sales,Data Analyst
10805,Operations,Marketing Executive
10806,Marketing,Software Engineer
10807,Operations,Marketing Executive
10808,Finance,Manager
10809,Operations,Manager
10810,Sales,Marketing Executive
10811,Marketing,Manager
10812,Sales,Manager
10813,Operations,Manager
10814,Sales,Trainer
10815,Operations,Data Analyst
10816,Finance,Marketing Executive
10817,Sales,Trainer
10818,Operations,Marketing Executive
10819,Operations,Trainer
10820,Marketing,Trainer
10821,Sales,Software Engineer
10822,Finance,Data Analyst
10823,Finance,Marketing Executive
10824,Finance,Data Analyst
10825,Operations,Manager
10826,Finance,Data Analyst
10827,Marketing,Marketing Executive
10828,Sales,Trainer
10829,Operations,Manager
10830,Marketing,Trainer
10831,HR,Data Analyst
10832,Sales,Trainer
10833,Operations,Software Engineer
10834,Sales,Trainer
10835,Marketing,Manager
10836,Operations,Software Engineer
10837,IT,Marketing Executive
10838,Marketing,Marketing Executive
10839,Operations,Software Engineer
10840,Finance,Manager
10841,Sales,Trainer
10842,Finance,Software Engineer
10843,HR,Marketing Executive
10844,IT,Manager
10845,HR,Marketing Executive
10846,Sales,Data Analyst
10847,HR,Trainer
10848,Marketing,Trainer
10849,Operations,Marketing Executive
10850,Operations,Software Engineer
10851,HR,Manager
10852,Operations,Data Analyst
10853,HR,Software Engineer
10854,Sales,Marketing Executive
10855,Finance,Data Analyst
10856,Operations,Data Analyst
10857,IT,Software Engineer
10858,Operations,Marketing Executive
10859,Operations,Software Engineer
10860,Marketing,Software Engineer
10861,IT,Software Engineer
10862,Sales,Trainer
10863,Finance,Marketing Executive
10864,Sales,Software Engineer
10865,IT,Data Analyst
10866,Finance,Trainer
10867,HR,Data Analyst
10868,Sales,Manager
10869,Operations,Manager
10870,Sales,Marketing Executive
10871,Finance,Software Engineer
10872,IT,Software Engineer
10873,IT,Data Analyst
10874,Sales,Manager
10875,Sales,Manager
10876,Operations,Software Engineer
10877,Operations,Marketing Executive
10878,Operations,Marketing Executive
10879,Sales,Software Engineer
10880,IT,Trainer
10881,IT,Marketing Executive
10882,Sales,Data Analyst
10883,IT,Software Engineer
10884,Marketing,Marketing Executive
10885,Finance,Marketing Executive
10886,Operations,Trainer
10887,IT,Software Engineer
10888,Marketing,Software Engineer
10889,HR,Trainer
10890,Marketing,Manager
10891,Sales,Software Engineer
10892,Sales,Data Analyst
10893,Sales,Marketing Executive
10894,Sales,Marketing Executive
10895,IT,Trainer
10896,Marketing,Trainer
10897,IT,Software Engineer
10898,HR,Marketing Executive
10899,Marketing,Trainer
10900,IT,Trainer
10901,Marketing,Data Analyst
10902,HR,Data Analyst
10903,Operations,Marketing Executive
10904,HR,Software Engineer
10905,IT,Data Analyst
10906,IT,Manager
10907,IT,Software Engineer
10908,Sales,Trainer
10909,IT,Data Analyst
10910,Sales,Marketing Executive
10911,IT,Software Engineer
10912,Finance,Software Engineer
10913,Marketing,Trainer
10914,HR,Manager
10915,Operations,Manager
10916,Operations,Marketing Executive
10917,Operations,Data Analyst
10918,Marketing,Marketing Executive
10919,IT,Marketing Executive
10920,Finance,Software Engineer
10921,Operations,Marketing Executive
10922,IT,Software Engineer
10923,Sales,Data Analyst
10924,IT,Software Engineer
10925,IT,Manager
10926,Finance,Marketing Executive
10927,HR,Manager
10928,Marketing,Trainer
10929,Marketing,Software Engineer
10930,Marketing,Trainer
10931,Finance,Manager
10932,Operations,Manager
10933,IT,Software Engineer
10934,Sales,Trainer
10935,IT,Software Engineer
10936,Operations,Data Analyst
10937,Marketing,Manager
10938,Finance,Data Analyst
10939,IT,Marketing Executive
10940,HR,Data Analyst
10941,HR,Trainer
10942,Sales,Data Analyst
10943,Sales,Software Engineer
10944,Finance,Marketing Executive
10945,Sales,Marketing Executive
10946,Finance,Data Analyst
10947,Finance,Software Engineer
10948,Finance,Software Engineer
10949,Finance,Trainer
10950,Operations,Data Analyst
10951,Operations,Software Engineer
10952,Marketing,Software Engineer
10953,IT,Manager
10954,Finance,Marketing Executive
10955,Marketing,Data Analyst
10956,IT,Software Engineer
10957,Finance,Trainer
10958,IT,Trainer
10959,HR,Data Analyst
10960,IT,Manager
10961,HR,Marketing Executive
10962,HR,Marketing Executive
10963,HR,Trainer
10964,Operations,Trainer
10965,IT,Marketing Executive
10966,HR,Data Analyst
10967,HR,Data Analyst
10968,Sales,Software Engineer
10969,IT,Data Analyst
10970,Sales,Marketing Executive
10971,IT,Data Analyst
10972,HR,Software Engineer
10973,IT,Software Engineer
10974,Marketing,Marketing Executive
10975,HR,Trainer
10976,Operations,Trainer
10977,Operations,Marketing Executive
10978,IT,Manager
10979,Sales,Marketing Executive
10980,Marketing,Software Engineer
10981,Operations,Software Engineer
10982,Operations,Data Analyst
10983,Operations,Marketing Executive
10984,Sales,Data Analyst
10985,Operations,Manager
10986,HR,Manager
10987,Finance,Data Analyst
10988,HR,Trainer
10989,Marketing,Data Analyst
10990,Finance,Manager
10991,Operations,Manager
10992,HR,Manager
10993,HR,Marketing Executive
10994,Operations,Data Analyst
10995,Operations,Marketing Executive
10996,Finance,Software Engineer
10997,Finance,Marketing Executive
10998,IT,Marketing Executive
10999,Marketing,Marketing Executive
11000,Sales,Software Engineer
11001,HR,Trainer
11002,Sales,Manager
11003,Finance,Data Analyst
11004,Marketing,Manager
11005,Operations,Software Engineer
11006,IT,Trainer
11007,Operations,Trainer
11008,Sales,Marketing Executive
11009,HR,Marketing Executive
11010,Marketing,Trainer
11011,Operations,Trainer
11012,Operations,Data Analyst
11013,Operations,Trainer
11014,Marketing,Data Analyst
11015,Marketing,Software Engineer
11016,Operations,Data Analyst
11017,Marketing,Data Analyst
11018,Operations,Trainer
11019,Marketing,Data Analyst
11020,Operations,Data Analyst
11021,Finance,Data Analyst
11022,Operations,Software Engineer
11023,HR,Data Analyst
11024,Finance,Data Analyst
11025,Operations,Software Engineer
11026,Marketing,Marketing Executive
11027,Sales,Marketing Executive
11028,Sales,Marketing Executive
11029,HR,Software Engineer
11030,IT,Manager
11031,IT,Manager
11032,IT,Software Engineer
11033,IT,Trainer
11034,Sales,Software Engineer
11035,Marketing,Trainer
11036,HR,Manager
11037,Sales,Manager
11038,HR,Software Engineer
11039,Marketing,Manager
11040,Sales,Trainer
11041,HR,Software Engineer
11042,Marketing,Trainer
11043,IT,Software Engineer
11044,IT,Trainer
11045,IT,Software Engineer
11046,IT,Software Engineer
11047,HR,Trainer
11048,Operations,Data Analyst
11049,Operations,Trainer
11050,IT,Manager
11051,HR,Manager
11052,IT,Manager
11053,Sales,Marketing Executive
11054,Operations,Trainer
11055,Finance,Marketing Executive
11056,Marketing,Software Engineer
11057,Marketing,Trainer
11058,HR,Marketing Executive
11059,Sales,Trainer
11060,Operations,Manager
11061,Sales,Software Engineer
11062,Marketing,Trainer
11063,IT,Trainer
11064,Finance,Software Engineer
11065,HR,Manager
11066,Sales,Marketing Executive
11067,Sales,Trainer
11068,HR,Manager
11069,Finance,Software Engineer
11070,HR,Trainer
11071,Sales,Marketing Executive
11072,Sales,Data Analyst
11073,IT,Manager
11074,HR,Software Engineer
11075,IT,Software Engineer
11076,Finance,Data Analyst
11077,Operations,Trainer
11078,IT,Data Analyst
11079,Operations,Manager
11080,HR,Data Analyst
11081,HR,Trainer
11082,Sales,Marketing Executive
11083,Marketing,Trainer
11084,Operations,Manager
11085,Marketing,Data Analyst
11086,IT,Data Analyst
11087,IT,Software Engineer
11088,Sales,Marketing Executive
11089,HR,Software Engineer
11090,Finance,Marketing Executive
11091,IT,Manager
11092,Sales,Trainer
11093,HR,Manager
11094,IT,Software Engineer
11095,Operations,Manager
11096,Operations,Trainer
11097,Sales,Trainer
11098,Finance,Marketing Executive
11099,HR,Marketing Executive
11100,Marketing,Manager
11101,Sales,Trainer
11102,Marketing,Manager
11103,Operations,Manager
11104,Operations,Manager
11105,HR,Marketing Executive
11106,Marketing,Manager
11107,Marketing,Manager
11108,IT,Trainer
11109,Finance,Marketing Executive
11110,Finance,Data Analyst
11111,Operations,Trainer
11112,HR,Trainer
11113,Marketing,Marketing Executive
11114,IT,Marketing Executive
11115,Finance,Trainer
11116,Sales,Marketing Executive
11117,HR,Software Engineer
11118,IT,Trainer
11119,HR,Manager
11120,Sales,Software Engineer
11121,Operations,Data Analyst
11122,Operations,Manager
11123,HR,Marketing Executive
11124,Marketing,Software Engineer
11125,HR,Manager
11126,Operations,Software Engineer
11127,IT,Trainer
11128,IT,Data Analyst
11129,IT,Manager
11130,Finance,Software Engineer
11131,Sales,Data Analyst
11132,Sales,Trainer
11133,Finance,Data Analyst
11134,HR,Marketing Executive
11135,IT,Software Engineer
11136,IT,Software Engineer
11137,IT,Software Engineer
11138,Finance,Marketing Executive
11139,Finance,Trainer
11140,Finance,Software Engineer
11141,IT,Marketing Executive
11142,IT,Data Analyst
11143,IT,Marketing Executive
11144,IT,Software Engineer
11145,HR,Manager
11146,Sales,Trainer
11147,Sales,Marketing Executive
11148,Marketing,Data Analyst
11149,Sales,Marketing Executive
11150,Finance,Trainer
11151,HR,Manager
11152,Operations,Trainer
11153,Sales,Manager
11154,Finance,Data Analyst
11155,Sales,Marketing Executive
11156,Operations,Data Analyst
11157,Sales,Software Engineer
11158,Finance,Data Analyst
11159,Operations,Trainer
11160,Finance,Software Engineer
11161,Marketing,Software Engineer
11162,HR,Trainer
11163,Sales,Data Analyst
11164,HR,Marketing Executive
11165,IT,Marketing Executive
11166,Operations,Data Analyst
11167,Sales,Marketing Executive
11168,Marketing,Marketing Executive
11169,Finance,Software Engineer
11170,IT,Data Analyst
11171,Marketing,Marketing Executive
11172,Marketing,Data Analyst
11173,Finance,Trainer
11174,Finance,Manager
11175,Sales,Trainer
11176,HR,Trainer
11177,HR,Manager
11178,Operations,Software Engineer
11179,Marketing,Trainer
11180,IT,Trainer
11181,Finance,Data Analyst
11182,Finance,Marketing Executive
11183,Marketing,Software Engineer
11184,HR,Trainer
11185,Sales,Software Engineer
11186,IT,Manager
11187,Operations,Data Analyst
11188,Marketing,Software Engineer
11189,Operations,Manager
11190,Sales,Trainer
11191,Marketing,Data Analyst
11192,Marketing,Marketing Executive
11193,Marketing,Software Engineer
11194,IT,Manager
11195,Operations,Trainer
11196,Marketing,Marketing Executive
11197,Marketing,Software Engineer
11198,Finance,Trainer
11199,Operations,Marketing Executive
11200,Sales,Data Analyst
11201,Marketing,Manager
11202,Operations,Marketing Executive
11203,Finance,Software Engineer
11204,Marketing,Marketing Executive
11205,IT,Data Analyst
11206,Operations,Data Analyst
11207,HR,Manager
11208,Sales,Trainer
11209,Marketing,Trainer
11210,Marketing,Data Analyst
11211,HR,Software Engineer
11212,Finance,Manager
11213,HR,Marketing Executive
11214,Sales,Manager
11215,IT,Manager
11216,Finance,Manager
11217,IT,Trainer
11218,HR,Manager
11219,Operations,Software Engineer
11220,Marketing,Data Analyst
11221,Finance,Trainer
11222,IT,Marketing Executive
11223,Operations,Software Engineer
11224,Finance,Software Engineer
11225,HR,Marketing Executive
11226,Operations,Manager
11227,Sales,Marketing Executive
11228,Operations,Software Engineer
11229,Marketing,Data Analyst
11230,Marketing,Data Analyst
11231,Operations,Software Engineer
11232,IT,Data Analyst
11233,HR,Marketing Executive
11234,Finance,Manager
11235,Finance,Marketing Executive
11236,Operations,Manager
11237,Sales,Marketing Executive
11238,HR,Trainer
11239,IT,Manager
11240,Marketing,Marketing Executive
11241,Operations,Manager
11242,Sales,Manager
11243,Sales,Trainer
11244,Finance,Manager
11245,Finance,Marketing Executive
11246,HR,Data Analyst
11247,IT,Manager
11248,IT,Data Analyst
11249,HR,Marketing Executive
11250,Operations,Marketing Executive
11251,Finance,Manager
11252,Finance,Marketing Executive
11253,Finance,Software Engineer
11254,IT,Manager
11255,Finance,Marketing Executive
11256,HR,Software Engineer
11257,Finance,Software Engineer
11258,HR,Marketing Executive
11259,HR,Manager
11260,HR,Data Analyst
11261,IT,Manager
11262,Marketing,Trainer
11263,Marketing,Marketing Executive
11264,HR,Software Engineer
11265,IT,Marketing Executive
11266,IT,Trainer
11267,Marketing,Manager
11268,Finance,Trainer
11269,Operations,Software Engineer
11270,Operations,Marketing Executive
11271,HR,Trainer
11272,Marketing,Manager
11273,Operations,Manager
11274,Finance,Trainer
11275,Sales,Software Engineer
11276,Marketing,Data Analyst
11277,IT,Software Engineer
11278,Operations,Manager
11279,Operations,Trainer
11280,HR,Software Engineer
11281,Marketing,Trainer
11282,Operations,Data Analyst
11283,Operations,Data Analyst
11284,Operations,Marketing Executive
11285,Marketing,Trainer
11286,Sales,Marketing Executive
11287,Finance,Data Analyst
11288,Marketing,Manager
11289,Operations,Software Engineer
11290,Operations,Trainer
11291,Finance,Data Analyst
11292,Operations,Manager
11293,IT,Manager
11294,Operations,Marketing Executive
11295,Finance,Software Engineer
11296,Sales,Marketing Executive
11297,HR,Manager
11298,Finance,Data Analyst
11299,Finance,Marketing Executive
11300,Marketing,Marketing Executive
11301,Marketing,Trainer
11302,IT,Software Engineer
11303,Operations,Marketing Executive
11304,Finance,Marketing Executive
11305,IT,Manager
11306,Sales,Trainer
11307,Marketing,Marketing Executive
11308,HR,Software Engineer
11309,Marketing,Manager
11310,Operations,Data Analyst
11311,Marketing,Software Engineer
11312,Finance,Trainer
11313,Sales,Trainer
11314,Sales,Manager
11315,Operations,Data Analyst
11316,Sales,Data Analyst
11317,IT,Data Analyst
11318,Sales,Manager
11319,Marketing,Data Analyst
11320,Sales,Marketing Executive
11321,Operations,Manager
11322,IT,Marketing Executive
11323,Finance,Marketing Executive
11324,Finance,Data Analyst
11325,Operations,Marketing Executive
11326,Sales,Trainer
11327,IT,Manager
11328,HR,Trainer
11329,Sales,Manager
11330,Sales,Data Analyst
11331,Sales,Trainer
11332,Sales,Software Engineer
11333,IT,Marketing Executive
11334,Marketing,Trainer
11335,Operations,Software Engineer
11336,HR,Marketing Executive
11337,Finance,Trainer
11338,HR,Software Engineer
11339,HR,Data Analyst
11340,Finance,Marketing Executive
11341,Operations,Data Analyst
11342,Sales,Manager
11343,Operations,Data Analyst
11344,Operations,Marketing Executive
11345,Marketing,Trainer
11346,Finance,Data Analyst
11347,IT,Software Engineer
11348,HR,Software Engineer
11349,IT,Data Analyst
11350,IT,Software Engineer
11351,Sales,Trainer
11352,Marketing,Software Engineer
11353,Finance,Software Engineer
11354,Operations,Software Engineer
11355,Operations,Manager
11356,Marketing,Marketing Executive
11357,Operations,Trainer
11358,IT,Marketing Executive
11359,Finance,Data Analyst
11360,Marketing,Data Analyst
11361,HR,Data Analyst
11362,Sales,Trainer
11363,HR,Trainer
11364,HR,Data Analyst
11365,Marketing,Marketing Executive
11366,Finance,Marketing Executive
11367,Marketing,Data Analyst
11368,Operations,Manager
11369,Operations,Software Engineer
11370,Operations,Data Analyst
11371,Sales,Marketing Executive
11372,Sales,Manager
11373,Marketing,Marketing Executive
11374,Operations,Software Engineer
11375,Marketing,Manager
11376,IT,Marketing Executive
11377,Operations,Marketing Executive
11378,HR,Data Analyst
11379,Operations,Data Analyst
11380,Marketing,Manager
11381,Sales,Marketing Executive
11382,Operations,Trainer
11383,Marketing,Marketing Executive
11384,HR,Marketing Executive
11385,IT,Data Analyst
11386,HR,Manager
11387,Sales,Data Analyst
11388,IT,Trainer
11389,Sales,Marketing Executive
11390,Finance,Software Engineer
11391,Marketing,Marketing Executive
11392,IT,Marketing Executive
11393,IT,Manager
11394,Operations,Software Engineer
11395,IT,Manager
11396,Operations,Marketing Executive
11397,Operations,Manager
11398,HR,Software Engineer
11399,Operations,Marketing Executive
11400,Finance,Marketing Executive
11401,Operations,Data Analyst
11402,Marketing,Marketing Executive
11403,Sales,Manager
11404,Marketing,Manager
11405,Sales,Software Engineer
11406,IT,Data Analyst
11407,Sales,Manager
11408,Operations,Trainer
11409,Marketing,Manager
11410,HR,Data Analyst
11411,IT,Trainer
11412,Marketing,Marketing Executive
11413,HR,Data Analyst
11414,HR,Software Engineer
11415,IT,Data Analyst
11416,Finance,Manager
11417,HR,Marketing Executive
11418,IT,Trainer
11419,Sales,Trainer
11420,Operations,Marketing Executive
11421,IT,Marketing Executive
11422,Sales,Marketing Executive
11423,Operations,Software Engineer
11424,Sales,Manager
11425,Finance,Trainer
11426,Operations,Data Analyst
11427,Operations,Software Engineer
11428,Sales,Data Analyst
11429,IT,Software Engineer
11430,Operations,Data Analyst
11431,Sales,Manager
11432,HR,Data Analyst
11433,Marketing,Data Analyst
11434,Finance,Manager
11435,Operations,Data Analyst
11436,Marketing,Marketing Executive
11437,IT,Software Engineer
11438,HR,Software Engineer
11439,Sales,Manager
11440,HR,Manager
11441,IT,Manager
11442,Finance,Trainer
11443,Sales,Manager
11444,Sales,Manager
11445,Marketing,Trainer
11446,Finance,Data Analyst
11447,Operations,Manager
11448,Sales,Trainer
11449,IT,Trainer
11450,Operations,Marketing Executive
11451,Operations,Marketing Executive
11452,IT,Marketing Executive
11453,HR,Trainer
11454,Operations,Trainer
11455,Operations,Manager
11456,Marketing,Manager
11457,Finance,Manager
11458,Marketing,Marketing Executive
11459,Marketing,Trainer
11460,Finance,Marketing Executive
11461,HR,Data Analyst
11462,HR,Trainer
11463,IT,Marketing Executive
11464,HR,Manager
11465,Finance,Software Engineer
11466,HR,Marketing Executive
11467,IT,Data Analyst
11468,HR,Trainer
11469,IT,Marketing Executive
11470,Sales,Data Analyst
11471,IT,Software Engineer
11472,Finance,Trainer
11473,Finance,Marketing Executive
11474,Sales,Manager
11475,Operations,Data Analyst
11476,Finance,Software Engineer
11477,Marketing,Marketing Executive
11478,HR,Trainer
11479,Operations,Manager
11480,Finance,Marketing Executive
11481,Finance,Data Analyst
11482,IT,Manager
11483,Operations,Trainer
11484,IT,Trainer
11485,Sales,Software Engineer
11486,HR,Trainer
11487,Marketing,Marketing Executive
11488,Operations,Software Engineer
11489,Operations,Data Analyst
11490,Finance,Software Engineer
11491,Finance,Trainer
11492,Marketing,Manager
11493,Operations,Manager
11494,Operations,Trainer
11495,HR,Marketing Executive
11496,IT,Manager
11497,IT,Marketing Executive
11498,Marketing,Software Engineer
11499,Finance,Software Engineer
11500,Marketing,Data Analyst
11501,HR,Trainer
11502,Operations,Trainer
11503,HR,Manager
11504,Marketing,Software Engineer
11505,Finance,Manager
11506,HR,Software Engineer
11507,IT,Manager
11508,HR,Manager
11509,Marketing,Manager
11510,Finance,Data Analyst
11511,Marketing,Trainer
11512,Marketing,Manager
11513,Sales,Marketing Executive
11514,Finance,Manager
11515,Sales,Software Engineer
11516,IT,Trainer
11517,Operations,Marketing Executive
11518,Finance,Software Engineer
11519,Marketing,Data Analyst
11520,IT,Manager
11521,Marketing,Data Analyst
11522,IT,Software Engineer
11523,Finance,Marketing Executive
11524,Finance,Software Engineer
11525,Finance,Marketing Executive
11526,IT,Data Analyst
11527,Marketing,Marketing Executive
11528,Marketing,Software Engineer
11529,IT,Software Engineer
11530,Operations,Data Analyst
11531,Operations,Marketing Executive
11532,IT,Trainer
11533,HR,Manager
11534,Sales,Data Analyst
11535,Sales,Data Analyst
11536,IT,Trainer
11537,Operations,Trainer
11538,IT,Manager
11539,Sales,Software Engineer
11540,Finance,Software Engineer
11541,Marketing,Trainer
11542,Sales,Software Engineer
11543,Sales,Manager
11544,Marketing,Software Engineer
11545,Operations,Marketing Executive
11546,IT,Software Engineer
11547,HR,Data Analyst
11548,Finance,Data Analyst
11549,IT,Software Engineer
11550,Marketing,Trainer
11551,HR,Data Analyst
11552,IT,Marketing Executive
11553,Marketing,Manager
11554,Marketing,Marketing Executive
11555,Sales,Manager
11556,Sales,Manager
11557,Marketing,Trainer
11558,Finance,Data Analyst
11559,IT,Trainer
11560,Operations,Data Analyst
11561,Marketing,Manager
11562,Finance,Marketing Executive
11563,Marketing,Trainer
11564,Marketing,Marketing Executive
11565,Sales,Data Analyst
11566,Marketing,Data Analyst
11567,Sales,Marketing Executive
11568,HR,Marketing Executive
11569,Sales,Trainer
11570,Marketing,Software Engineer
11571,HR,Software Engineer
11572,Sales,Trainer
11573,Finance,Trainer
11574,Operations,Trainer
11575,Sales,Manager
11576,IT,Marketing Executive
11577,Finance,Trainer
11578,Operations,Trainer
11579,Operations,Data Analyst
11580,Finance,Manager
11581,Finance,Marketing Executive
11582,IT,Data Analyst
11583,Finance,Manager
11584,Finance,Manager
11585,IT,Data Analyst
11586,Marketing,Trainer
11587,HR,Marketing Executive
11588,Operations,Software Engineer
11589,HR,Manager
11590,Marketing,Manager
11591,HR,Manager
11592,Finance,Data Analyst
11593,IT,Manager
11594,Operations,Manager
11595,IT,Software Engineer
11596,Marketing,Data Analyst
11597,Sales,Marketing Executive
11598,Marketing,Manager
11599,Operations,Data Analyst
11600,IT,Trainer
11601,Operations,Data Analyst
11602,Sales,Manager
11603,Marketing,Marketing Executive
11604,HR,Trainer
11605,HR,Marketing Executive
11606,IT,Marketing Executive
11607,HR,Manager
11608,Finance,Trainer
11609,Operations,Software Engineer
11610,HR,Software Engineer
11611,Operations,Marketing Executive
11612,Marketing,Trainer
11613,Operations,Marketing Executive
11614,Marketing,Marketing Executive
11615,Marketing,Data Analyst
11616,Sales,Trainer
11617,Operations,Manager
11618,HR,Data Analyst
11619,Marketing,Data Analyst
11620,IT,Manager
11621,HR,Software Engineer
11622,Sales,Software Engineer
11623,Finance,Data Analyst
11624,IT,Trainer
11625,HR,Software Engineer
11626,Operations,Marketing Executive
11627,Marketing,Manager
11628,Sales,Data Analyst
11629,HR,Marketing Executive
11630,HR,Data Analyst
11631,Marketing,Manager
11632,IT,Software Engineer
11633,IT,Trainer
11634,Finance,Trainer
11635,Marketing,Trainer
11636,IT,Manager
11637,Operations,Software Engineer
11638,Operations,Marketing Executive
11639,Marketing,Manager
11640,Operations,Marketing Executive
11641,Operations,Manager
11642,IT,Software Engineer
11643,Sales,Data Analyst
11644,Sales,Software Engineer
11645,IT,Software Engineer
11646,Sales,Software Engineer
11647,HR,Data Analyst
11648,Sales,Manager
11649,Marketing,Marketing Executive
11650,Finance,Manager
11651,Sales,Manager
11652,HR,Data Analyst
11653,Marketing,Marketing Executive
11654,Finance,Manager
11655,IT,Software Engineer
11656,IT,Trainer
11657,Sales,Software Engineer
11658,Marketing,Manager
11659,HR,Data Analyst
11660,Finance,Manager
11661,IT,Marketing Executive
11662,Marketing,Data Analyst
11663,Finance,Trainer
11664,HR,Manager
11665,Marketing,Data Analyst
11666,Sales,Marketing Executive
11667,Finance,Data Analyst
11668,Operations,Trainer
11669,HR,Software Engineer
11670,Finance,Software Engineer
11671,Finance,Software Engineer
11672,Operations,Data Analyst
11673,Finance,Manager
11674,Operations,Data Analyst
11675,Sales,Trainer
11676,HR,Marketing Executive
11677,Operations,Marketing Executive
11678,HR,Software Engineer
11679,Marketing,Trainer
11680,Sales,Manager
11681,Operations,Software Engineer
11682,Operations,Trainer
11683,Marketing,Software Engineer
11684,Sales,Data Analyst
11685,Operations,Data Analyst
11686,Marketing,Software Engineer
11687,Operations,Data Analyst
11688,HR,Data Analyst
11689,HR,Manager
11690,Operations,Marketing Executive
11691,Sales,Manager
11692,IT,Marketing Executive
11693,Marketing,Software Engineer
11694,IT,Data Analyst
11695,IT,Marketing Executive
11696,Operations,Trainer
11697,Finance,Manager
11698,Finance,Trainer
11699,IT,Software Engineer
11700,Sales,Marketing Executive
11701,IT,Data Analyst
11702,Finance,Marketing Executive
11703,Operations,Manager
11704,IT,Marketing Executive
11705,Marketing,Marketing Executive
11706,Operations,Manager
11707,HR,Trainer
11708,Marketing,Marketing Executive
11709,HR,Software Engineer
11710,Marketing,Marketing Executive
11711,IT,Data Analyst
11712,Finance,Marketing Executive
11713,HR,Marketing Executive
11714,Marketing,Manager
11715,Finance,Trainer
11716,Sales,Software Engineer
11717,Marketing,Marketing Executive
11718,HR,Manager
11719,HR,Software Engineer
11720,Finance,Trainer
11721,IT,Data Analyst
11722,Sales,Trainer
11723,IT,Data Analyst
11724,Finance,Marketing Executive
11725,Finance,Trainer
11726,Finance,Data Analyst
11727,Marketing,Data Analyst
11728,IT,Manager
11729,Marketing,Trainer
11730,HR,Trainer
11731,Finance,Marketing Executive
11732,Finance,Data Analyst
11733,Operations,Trainer
11734,Finance,Marketing Executive
11735,HR,Software Engineer
11736,Operations,Marketing Executive
11737,Finance,Manager
11738,Finance,Marketing Executive
11739,IT,Trainer
11740,Sales,Manager
11741,HR,Trainer
11742,Sales,Data Analyst
11743,HR,Marketing Executive
11744,Marketing,Marketing Executive
11745,Finance,Software Engineer
11746,Finance,Data Analyst
11747,Sales,Trainer
11748,Operations,Marketing Executive
11749,IT,Data Analyst
11750,Operations,Trainer
11751,HR,Marketing Executive
11752,Sales,Marketing Executive
11753,HR,Data Analyst
11754,Sales,Marketing Executive
11755,HR,Marketing Executive
11756,Finance,Manager
11757,Sales,Manager
11758,IT,Trainer
11759,IT,Manager
11760,IT,Marketing Executive
11761,HR,Data Analyst
11762,Marketing,Software Engineer
11763,Operations,Trainer
11764,HR,Data Analyst
11765,HR,Data Analyst
11766,IT,Marketing Executive
11767,Sales,Manager
11768,Marketing,Data Analyst
11769,HR,Data Analyst
11770,Finance,Data Analyst
11771,Marketing,Software Engineer
11772,Operations,Marketing Executive
11773,Sales,Manager
11774,IT,Manager
11775,IT,Marketing Executive
11776,Finance,Trainer
11777,Finance,Trainer
11778,Finance,Data Analyst
11779,IT,Manager
11780,Marketing,Data Analyst
11781,IT,Data Analyst
11782,Finance,Marketing Executive
11783,HR,Software Engineer
11784,Finance,Software Engineer
11785,IT,Trainer
11786,Operations,Software Engineer
11787,HR,Data Analyst
11788,Sales,Manager
11789,Sales,Software Engineer
11790,Sales,Marketing Executive
11791,Operations,Software Engineer
11792,Finance,Trainer
11793,Marketing,Marketing Executive
11794,HR,Software Engineer
11795,HR,Manager
11796,Marketing,Marketing Executive
11797,Finance,Trainer
11798,Finance,Manager
11799,IT,Software Engineer
11800,Operations,Trainer
11801,Sales,Manager
11802,Marketing,Marketing Executive
11803,Operations,Data Analyst
11804,Sales,Manager
11805,IT,Manager
11806,Marketing,Trainer
11807,HR,Trainer
11808,HR,Marketing Executive
11809,Marketing,Trainer
11810,Finance,Trainer
11811,IT,Software Engineer
11812,HR,Manager
11813,IT,Trainer
11814,IT,Software Engineer
11815,HR,Software Engineer
11816,Finance,Manager
11817,Sales,Software Engineer
11818,Operations,Marketing Executive
11819,Operations,Marketing Executive
11820,Marketing,Manager
11821,Sales,Trainer
11822,Sales,Software Engineer
11823,Sales,Software Engineer
11824,IT,Manager
11825,Marketing,Manager
11826,Operations,Software Engineer
11827,HR,Manager
11828,Finance,Software Engineer
11829,IT,Marketing Executive
11830,IT,Marketing Executive
11831,HR,Data Analyst
11832,Operations,Marketing Executive
11833,Sales,Manager
11834,IT,Software Engineer
11835,Sales,Software Engineer
11836,Marketing,Trainer
11837,Finance,Trainer
11838,IT,Data Analyst
11839,HR,Marketing Executive
11840,Sales,Software Engineer
11841,HR,Manager
11842,Marketing,Trainer
11843,Sales,Manager
11844,Finance,Manager
11845,HR,Marketing Executive
11846,Marketing,Manager
11847,HR,Data Analyst
11848,Operations,Trainer
11849,HR,Marketing Executive
11850,Sales,Data Analyst
11851,IT,Marketing Executive
11852,HR,Marketing Executive
11853,IT,Data Analyst
11854,Marketing,Manager
11855,Operations,Manager
11856,IT,Manager
11857,Sales,Data Analyst
11858,Marketing,Software Engineer
11859,Marketing,Data Analyst
11860,IT,Marketing Executive
11861,Finance,Trainer
11862,IT,Manager
11863,IT,Trainer
11864,Finance,Trainer
11865,HR,Marketing Executive
11866,IT,Marketing Executive
11867,Operations,Marketing Executive
11868,HR,Manager
11869,HR,Trainer
11870,Sales,Marketing Executive
11871,Finance,Trainer
11872,Marketing,Trainer
11873,IT,Trainer
11874,HR,Marketing Executive
11875,HR,Trainer
11876,IT,Software Engineer
11877,IT,Trainer
11878,Operations,Marketing Executive
11879,Operations,Trainer
11880,Marketing,Software Engineer
11881,IT,Manager
11882,Finance,Marketing Executive
11883,Operations,Manager
11884,Operations,Marketing Executive
11885,Sales,Software Engineer
11886,Operations,Manager
11887,HR,Manager
11888,Operations,Trainer
11889,Sales,Manager
11890,Operations,Data Analyst
11891,Marketing,Data Analyst
11892,Operations,Marketing Executive
11893,Sales,Software Engineer
11894,HR,Trainer
11895,Operations,Trainer
11896,IT,Marketing Executive
11897,HR,Software Engineer
11898,Operations,Software Engineer
11899,HR,Trainer
11900,Marketing,Data Analyst
11901,Marketing,Trainer
11902,Finance,Software Engineer
11903,Operations,Trainer
11904,Marketing,Marketing Executive
11905,Finance,Marketing Executive
11906,Finance,Marketing Executive
11907,Operations,Software Engineer
11908,Sales,Marketing Executive
11909,Sales,Data Analyst
11910,Operations,Data Analyst
11911,Sales,Data Analyst
11912,Marketing,Data Analyst
11913,Operations,Data Analyst
11914,HR,Manager
11915,Marketing,Trainer
11916,Operations,Data Analyst
11917,IT,Marketing Executive
11918,Finance,Marketing Executive
11919,HR,Marketing Executive
11920,Finance,Data Analyst
11921,Sales,Marketing Executive
11922,Marketing,Data Analyst
11923,Finance,Manager
11924,Finance,Marketing Executive
11925,IT,Marketing Executive
11926,Marketing,Data Analyst
11927,HR,Software Engineer
11928,Sales,Marketing Executive
11929,Marketing,Trainer
11930,Finance,Data Analyst
11931,Finance,Software Engineer
11932,Marketing,Trainer
11933,IT,Marketing Executive
11934,Finance,Trainer
11935,Marketing,Software Engineer
11936,Marketing,Trainer
11937,Marketing,Data Analyst
11938,IT,Software Engineer
11939,Finance,Software Engineer
11940,Marketing,Manager
11941,Operations,Marketing Executive
11942,Finance,Trainer
11943,Finance,Software Engineer
11944,Sales,Data Analyst
11945,Marketing,Data Analyst
11946,Finance,Data Analyst
11947,Operations,Marketing Executive
11948,Operations,Data Analyst
11949,Operations,Marketing Executive
11950,Sales,Manager
11951,IT,Marketing Executive
11952,Marketing,Marketing Executive
11953,Sales,Trainer
11954,Operations,Marketing Executive
11955,Sales,Manager
11956,Finance,Marketing Executive
11957,Finance,Manager
11958,Marketing,Manager
11959,Marketing,Data Analyst
11960,Marketing,Data Analyst
11961,Marketing,Software Engineer
11962,Operations,Manager
11963,Operations,Data Analyst
11964,Operations,Software Engineer
11965,IT,Manager
11966,IT,Trainer
11967,Marketing,Software Engineer
11968,Marketing,Trainer
11969,Operations,Data Analyst
11970,HR,Manager
11971,Operations,Marketing Executive
11972,Operations,Trainer
11973,IT,Marketing Executive
11974,Finance,Manager
11975,HR,Marketing Executive
11976,Marketing,Software Engineer
11977,Sales,Data Analyst
11978,Operations,Software Engineer
11979,Marketing,Marketing Executive
11980,Operations,Marketing Executive
11981,Marketing,Software Engineer
11982,HR,Marketing Executive
11983,HR,Manager
11984,Operations,Marketing Executive
11985,IT,Manager
11986,Finance,Marketing Executive
11987,IT,Marketing Executive
11988,Finance,Software Engineer
11989,Sales,Marketing Executive
11990,Sales,Trainer
11991,Marketing,Manager
11992,Finance,Trainer
11993,IT,Software Engineer
11994,IT,Trainer
11995,Finance,Manager
11996,Operations,Data Analyst
11997,Operations,Data Analyst
11998,Finance,Software Engineer
11999,Sales,Trainer
12000,Sales,Manager
12001,Sales,Trainer
12002,Finance,Manager
12003,Finance,Trainer
12004,Sales,Marketing Executive
12005,Finance,Software Engineer
12006,Operations,Data Analyst
12007,HR,Data Analyst
12008,HR,Trainer
12009,HR,Marketing Executive
12010,Operations,Data Analyst
12011,HR,Marketing Executive
12012,Sales,Manager
12013,HR,Manager
12014,IT,Manager
12015,HR,Data Analyst
12016,Sales,Data Analyst
12017,IT,Manager
12018,Marketing,Marketing Executive
12019,IT,Trainer
12020,Sales,Software Engineer
12021,Marketing,Marketing Executive
12022,Sales,Software Engineer
12023,Sales,Software Engineer
12024,Finance,Trainer
12025,Operations,Software Engineer
12026,HR,Marketing Executive
12027,Sales,Manager
12028,Sales,Trainer
12029,Marketing,Marketing Executive
12030,Marketing,Software Engineer
12031,Operations,Trainer
12032,Finance,Software Engineer
12033,IT,Trainer
12034,Sales,Trainer
12035,Sales,Software Engineer
12036,IT,Software Engineer
12037,Finance,Manager
12038,Sales,Manager
12039,HR,Software Engineer
12040,Marketing,Software Engineer
12041,Finance,Software Engineer
12042,Operations,Marketing Executive
12043,Sales,Trainer
12044,Operations,Software Engineer
12045,IT,Trainer
12046,Marketing,Data Analyst
12047,HR,Trainer
12048,Sales,Marketing Executive
12049,Operations,Manager
12050,Marketing,Marketing Executive
12051,Operations,Software Engineer
12052,IT,Trainer
12053,HR,Trainer
12054,IT,Marketing Executive
12055,Finance,Manager
12056,Finance,Marketing Executive
12057,IT,Marketing Executive
12058,Finance,Manager
12059,Finance,Manager
12060,Finance,Trainer
12061,HR,Marketing Executive
12062,Finance,Marketing Executive
12063,Finance,Manager
12064,Finance,Trainer
12065,Operations,Manager
12066,Marketing,Software Engineer
12067,Marketing,Data Analyst
12068,HR,Trainer
12069,Finance,Marketing Executive
12070,Finance,Marketing Executive
12071,IT,Marketing Executive
12072,HR,Trainer
12073,HR,Marketing Executive
12074,IT,Data Analyst
12075,HR,Trainer
12076,Operations,Software Engineer
12077,Marketing,Software Engineer
12078,IT,Marketing Executive
12079,IT,Marketing Executive
12080,Marketing,Manager
12081,IT,Data Analyst
12082,IT,Trainer
12083,HR,Data Analyst
12084,Operations,Manager
12085,Sales,Marketing Executive
12086,Sales,Trainer
12087,HR,Trainer
12088,Sales,Marketing Executive
12089,Finance,Trainer
12090,Sales,Manager
12091,Marketing,Software Engineer
12092,Sales,Software Engineer
12093,Sales,Software Engineer
12094,Sales,Software Engineer
12095,Sales,Software Engineer
12096,Operations,Marketing Executive
12097,HR,Data Analyst
12098,Sales,Manager
12099,HR,Data Analyst
12100,Operations,Marketing Executive
12101,Operations,Manager
12102,Finance,Marketing Executive
12103,Marketing,Manager
12104,IT,Trainer
12105,IT,Trainer
12106,HR,Manager
12107,IT,Data Analyst
12108,Sales,Manager
12109,Marketing,Trainer
12110,IT,Software Engineer
12111,IT,Software Engineer
12112,Operations,Manager
12113,Marketing,Software Engineer
12114,Finance,Manager
12115,Operations,Software Engineer
12116,Marketing,Marketing Executive
12117,Sales,Marketing Executive
12118,HR,Manager
12119,IT,Data Analyst
12120,HR,Software Engineer
12121,Finance,Manager
12122,HR,Marketing Executive
12123,IT,Marketing Executive
12124,IT,Software Engineer
12125,Sales,Data Analyst
12126,IT,Marketing Executive
12127,Operations,Data Analyst
12128,HR,Manager
12129,HR,Marketing Executive
12130,Finance,Data Analyst
12131,HR,Marketing Executive
12132,IT,Data Analyst
12133,Finance,Software Engineer
12134,Sales,Manager
12135,Marketing,Software Engineer
12136,Sales,Trainer
12137,IT,Software Engineer
12138,Operations,Marketing Executive
12139,Marketing,Data Analyst
12140,HR,Data Analyst
12141,Sales,Software Engineer
12142,Operations,Data Analyst
12143,Sales,Marketing Executive
12144,Marketing,Trainer
12145,Operations,Trainer
12146,IT,Marketing Executive
12147,Sales,Trainer
12148,Operations,Manager
12149,IT,Marketing Executive
12150,Finance,Data Analyst
12151,IT,Trainer
12152,Marketing,Marketing Executive
12153,Finance,Data Analyst
12154,IT,Data Analyst
12155,Marketing,Data Analyst
12156,Finance,Software Engineer
12157,Operations,Manager
12158,HR,Marketing Executive
12159,Sales,Software Engineer
12160,Sales,Marketing Executive
12161,Operations,Marketing Executive
12162,Operations,Data Analyst
12163,IT,Software Engineer
12164,IT,Manager
12165,Marketing,Trainer
12166,HR,Trainer
12167,Marketing,Manager
12168,HR,Software Engineer
12169,Operations,Trainer
12170,IT,Marketing Executive
12171,HR,Marketing Executive
12172,Sales,Software Engineer
12173,HR,Data Analyst
12174,Sales,Software Engineer
12175,Operations,Trainer
12176,Sales,Manager
12177,Operations,Trainer
12178,IT,Manager
12179,Marketing,Trainer
12180,Marketing,Marketing Executive
12181,Finance,Data Analyst
12182,IT,Data Analyst
12183,IT,Marketing Executive
12184,IT,Data Analyst
12185,HR,Software Engineer
12186,Finance,Marketing Executive
12187,Marketing,Manager
12188,Operations,Data Analyst
12189,Finance,Marketing Executive
12190,Operations,Manager
12191,Marketing,Trainer
12192,IT,Data Analyst
12193,IT,Marketing Executive
12194,IT,Trainer
12195,Finance,Marketing Executive
12196,Finance,Trainer
12197,Operations,Marketing Executive
12198,Marketing,Marketing Executive
12199,Operations,Marketing Executive
12200,Finance,Manager
12201,IT,Software Engineer
12202,Operations,Marketing Executive
12203,HR,Software Engineer
12204,Sales,Trainer
12205,Sales,Data Analyst
12206,Operations,Data Analyst
12207,IT,Manager
12208,HR,Data Analyst
12209,HR,Manager
12210,IT,Trainer
12211,Sales,Data Analyst
12212,Marketing,Data Analyst
12213,Finance,Data Analyst
12214,Operations,Trainer
12215,Operations,Trainer
12216,Finance,Manager
12217,Marketing,Data Analyst
12218,Finance,Marketing Executive
12219,Finance,Manager
12220,Marketing,Trainer
12221,Marketing,Manager
12222,Operations,Marketing Executive
12223,IT,Manager
12224,IT,Software Engineer
12225,Marketing,Marketing Executive
12226,IT,Marketing Executive
12227,Marketing,Data Analyst
12228,Marketing,Manager
12229,HR,Trainer
12230,Operations,Data Analyst
12231,Marketing,Trainer
12232,HR,Marketing Executive
12233,Sales,Trainer
12234,Finance,Marketing Executive
12235,Marketing,Trainer
12236,HR,Marketing Executive
12237,Operations,Software Engineer
12238,Marketing,Data Analyst
12239,IT,Trainer
12240,IT,Data Analyst
12241,Operations,Data Analyst
12242,Sales,Software Engineer
12243,HR,Marketing Executive
12244,Sales,Trainer
12245,IT,Software Engineer
12246,Marketing,Software Engineer
12247,Finance,Data Analyst
12248,Marketing,Software Engineer
12249,Operations,Manager
12250,Finance,Data Analyst
12251,HR,Manager
12252,Finance,Software Engineer
12253,HR,Manager
12254,Sales,Marketing Executive
12255,Finance,Trainer
12256,Finance,Marketing Executive
12257,Sales,Manager
12258,Marketing,Manager
12259,Operations,Data Analyst
12260,IT,Marketing Executive
12261,IT,Data Analyst
12262,Marketing,Data Analyst
12263,Sales,Marketing Executive
12264,Sales,Software Engineer
12265,HR,Data Analyst
12266,Finance,Manager
12267,HR,Software Engineer
12268,Operations,Software Engineer
12269,Sales,Manager
12270,Finance,Trainer
12271,Finance,Data Analyst
12272,HR,Marketing Executive
12273,IT,Trainer
12274,Sales,Data Analyst
12275,Marketing,Marketing Executive
12276,Operations,Marketing Executive
12277,Marketing,Software Engineer
12278,Finance,Data Analyst
12279,Operations,Data Analyst
12280,IT,Trainer
12281,Operations,Marketing Executive
12282,Sales,Manager
12283,Marketing,Manager
12284,Operations,Software Engineer
12285,Finance,Marketing Executive
12286,Operations,Manager
12287,Marketing,Data Analyst
12288,HR,Data Analyst
12289,Marketing,Manager
12290,Finance,Software Engineer
12291,Finance,Marketing Executive
12292,HR,Manager
12293,Sales,Manager
12294,Sales,Marketing Executive
12295,Sales,Data Analyst
12296,Marketing,Software Engineer
12297,Sales,Data Analyst
12298,Operations,Software Engineer
12299,Marketing,Software Engineer
12300,HR,Trainer
12301,Operations,Data Analyst
12302,Sales,Trainer
12303,Finance,Data Analyst
12304,HR,Manager
12305,Finance,Manager
12306,Finance,Marketing Executive
12307,Finance,Trainer
12308,Operations,Manager
12309,Finance,Marketing Executive
12310,HR,Manager
12311,Marketing,Marketing Executive
12312,Sales,Software Engineer
12313,Sales,Trainer
12314,Operations,Software Engineer
12315,IT,Marketing Executive
12316,Finance,Manager
12317,Marketing,Manager
12318,Operations,Marketing Executive
12319,Operations,Marketing Executive
12320,Operations,Data Analyst
12321,HR,Software Engineer
12322,HR,Data Analyst
12323,HR,Manager
12324,Sales,Data Analyst
12325,Marketing,Data Analyst
12326,Operations,Marketing Executive
12327,Operations,Marketing Executive
12328,Operations,Marketing Executive
12329,Finance,Software Engineer
12330,Finance,Software Engineer
12331,HR,Software Engineer
12332,Sales,Trainer
12333,Sales,Marketing Executive
12334,Finance,Trainer
12335,Marketing,Marketing Executive
12336,Finance,Software Engineer
12337,HR,Marketing Executive
12338,IT,Data Analyst
12339,Sales,Data Analyst
12340,Finance,Manager
12341,HR,Trainer
12342,Sales,Marketing Executive
12343,IT,Marketing Executive
12344,Marketing,Manager
12345,IT,Trainer
12346,Sales,Trainer
12347,HR,Manager
12348,Operations,Software Engineer
12349,Operations,Trainer
12350,Marketing,Manager
12351,Sales,Manager
12352,IT,Data Analyst
12353,Marketing,Data Analyst
12354,Marketing,Trainer
12355,Operations,Software Engineer
12356,Marketing,Manager
12357,Marketing,Trainer
12358,HR,Data Analyst
12359,Marketing,Software Engineer
12360,Marketing,Data Analyst
12361,IT,Manager
12362,Sales,Trainer
12363,Operations,Data Analyst
12364,Marketing,Marketing Executive
12365,Sales,Manager
12366,Sales,Marketing Executive
12367,Finance,Manager
12368,Sales,Software Engineer
12369,Finance,Manager
12370,Finance,Manager
12371,IT,Marketing Executive
12372,IT,Manager
12373,IT,Manager
12374,IT,Manager
12375,Sales,Manager
12376,Sales,Trainer
12377,Marketing,Marketing Executive
12378,Finance,Manager
12379,Sales,Manager
12380,Finance,Trainer
12381,HR,Marketing Executive
12382,Sales,Trainer
12383,Finance,Marketing Executive
12384,IT,Manager
12385,Marketing,Manager
12386,Finance,Manager
12387,Marketing,Software Engineer
12388,Finance,Data Analyst
12389,HR,Marketing Executive
12390,HR,Software Engineer
12391,Marketing,Marketing Executive
12392,Sales,Trainer
12393,Operations,Software Engineer
12394,HR,Manager
12395,Marketing,Software Engineer
12396,Finance,Manager
12397,Sales,Software Engineer
12398,Marketing,Marketing Executive
12399,IT,Data Analyst
12400,HR,Marketing Executive
12401,Operations,Software Engineer
12402,Finance,Data Analyst
12403,HR,Manager
12404,IT,Trainer
12405,IT,Marketing Executive
12406,HR,Data Analyst
12407,Sales,Data Analyst
12408,HR,Trainer
12409,Operations,Manager
12410,IT,Software Engineer
12411,Sales,Software Engineer
12412,HR,Software Engineer
12413,Sales,Software Engineer
12414,HR,Data Analyst
12415,HR,Data Analyst
12416,Sales,Marketing Executive
12417,Marketing,Marketing Executive
12418,IT,Data Analyst
12419,Sales,Data Analyst
12420,Finance,Software Engineer
12421,Finance,Marketing Executive
12422,IT,Manager
12423,HR,Data Analyst
12424,Sales,Software Engineer
12425,Sales,Manager
12426,HR,Data Analyst
12427,HR,Manager
12428,Operations,Trainer
12429,Finance,Data Analyst
12430,Sales,Manager
12431,Finance,Marketing Executive
12432,Finance,Manager
12433,HR,Manager
12434,Finance,Marketing Executive
12435,Operations,Manager
12436,Operations,Trainer
12437,Operations,Software Engineer
12438,IT,Manager
12439,Finance,Data Analyst
12440,IT,Manager
12441,Finance,Manager
12442,HR,Trainer
12443,Sales,Software Engineer
12444,Marketing,Software Engineer
12445,Operations,Software Engineer
12446,IT,Manager
12447,HR,Trainer
12448,Sales,Marketing Executive
12449,Finance,Manager
12450,Finance,Software Engineer
12451,Sales,Trainer
12452,HR,Data Analyst
12453,Marketing,Data Analyst
12454,Sales,Marketing Executive
12455,Marketing,Software Engineer
12456,HR,Marketing Executive
12457,Marketing,Data Analyst
12458,HR,Manager
12459,Operations,Data Analyst
12460,Marketing,Trainer
12461,Finance,Trainer
12462,HR,Data Analyst
12463,Finance,Marketing Executive
12464,Finance,Marketing Executive
12465,IT,Software Engineer
12466,Sales,Trainer
12467,Marketing,Marketing Executive
12468,Finance,Software Engineer
12469,Operations,Data Analyst
12470,IT,Marketing Executive
12471,Finance,Manager
12472,IT,Marketing Executive
12473,Finance,Marketing Executive
12474,HR,Trainer
12475,HR,Data Analyst
12476,Sales,Data Analyst
12477,Sales,Trainer
12478,HR,Marketing Executive
12479,IT,Manager
12480,Finance,Manager
12481,Finance,Data Analyst
12482,IT,Software Engineer
12483,Finance,Software Engineer
12484,Operations,Data Analyst
12485,IT,Marketing Executive
12486,Sales,Trainer
12487,Finance,Manager
12488,Sales,Data Analyst
12489,Marketing,Software Engineer
12490,Marketing,Software Engineer
12491,Sales,Trainer
12492,Operations,Marketing Executive
12493,IT,Marketing Executive
12494,IT,Software Engineer
12495,IT,Marketing Executive
12496,Sales,Marketing Executive
12497,Marketing,Manager
12498,Operations,Software Engineer
12499,Finance,Data Analyst
12500,Operations,Marketing Executive
12501,IT,Trainer
12502,Operations,Data Analyst
12503,IT,Marketing Executive
12504,Operations,Software Engineer
12505,Finance,Trainer
12506,Finance,Software Engineer
12507,Operations,Data Analyst
12508,Finance,Manager
12509,HR,Marketing Executive
12510,Sales,Marketing Executive
12511,Operations,Software Engineer
12512,HR,Trainer
12513,Finance,Marketing Executive
12514,Marketing,Software Engineer
12515,Marketing,Software Engineer
12516,Marketing,Data Analyst
12517,HR,Manager
12518,HR,Manager
12519,Sales,Trainer
12520,Operations,Trainer
12521,Marketing,Software Engineer
12522,HR,Trainer
12523,Finance,Trainer
12524,Sales,Data Analyst
12525,Finance,Data Analyst
12526,IT,Manager
12527,Operations,Data Analyst
12528,Marketing,Manager
12529,Marketing,Data Analyst
12530,IT,Software Engineer
12531,IT,Software Engineer
12532,Sales,Trainer
12533,Sales,Data Analyst
12534,IT,Software Engineer
12535,Marketing,Software Engineer
12536,Sales,Marketing Executive
12537,Finance,Manager
12538,Marketing,Manager
12539,Operations,Trainer
12540,Sales,Data Analyst
12541,HR,Manager
12542,Operations,Data Analyst
12543,HR,Software Engineer
12544,HR,Manager
12545,Sales,Trainer
12546,Marketing,Marketing Executive
12547,HR,Trainer
12548,HR,Marketing Executive
12549,Sales,Marketing Executive
12550,HR,Trainer
12551,Operations,Manager
12552,Sales,Software Engineer
12553,Marketing,Software Engineer
12554,Marketing,Marketing Executive
12555,Marketing,Trainer
12556,Finance,Trainer
12557,IT,Manager
12558,HR,Data Analyst
12559,Finance,Software Engineer
12560,HR,Trainer
12561,Operations,Trainer
12562,Finance,Marketing Executive
12563,Marketing,Data Analyst
12564,IT,Software Engineer
12565,Marketing,Marketing Executive
12566,Sales,Trainer
12567,HR,Software Engineer
12568,Operations,Data Analyst
12569,Marketing,Marketing Executive
12570,HR,Data Analyst
12571,IT,Software Engineer
12572,Sales,Manager
12573,Operations,Software Engineer
12574,Finance,Data Analyst
12575,HR,Data Analyst
12576,HR,Trainer
12577,Finance,Marketing Executive
12578,Marketing,Manager
12579,Finance,Trainer
12580,HR,Trainer
12581,Marketing,Software Engineer
12582,Sales,Manager
12583,HR,Manager
12584,Marketing,Data Analyst
12585,IT,Trainer
12586,Sales,Software Engineer
12587,HR,Software Engineer
12588,Operations,Manager
12589,Sales,Software Engineer
12590,Sales,Marketing Executive
12591,IT,Data Analyst
12592,Finance,Marketing Executive
12593,HR,Software Engineer
12594,Sales,Trainer
12595,Finance,Trainer
12596,Finance,Data Analyst
12597,HR,Software Engineer
12598,Operations,Trainer
12599,Finance,Data Analyst
12600,HR,Marketing Executive
12601,Operations,Marketing Executive
12602,Finance,Software Engineer
12603,Finance,Data Analyst
12604,HR,Manager
12605,IT,Marketing Executive
12606,Marketing,Trainer
12607,Operations,Manager
12608,IT,Data Analyst
12609,Marketing,Manager
12610,HR,Manager
12611,HR,Marketing Executive
12612,Marketing,Data Analyst
12613,Sales,Trainer
12614,IT,Data Analyst
12615,HR,Data Analyst
12616,IT,Marketing Executive
12617,Sales,Data Analyst
12618,Operations,Data Analyst
12619,Marketing,Manager
12620,Marketing,Data Analyst
12621,Finance,Marketing Executive
12622,IT,Manager
12623,Sales,Data Analyst
12624,IT,Data Analyst
12625,Sales,Trainer
12626,Finance,Manager
12627,IT,Marketing Executive
12628,IT,Manager
12629,Marketing,Data Analyst
12630,IT,Trainer
12631,Sales,Marketing Executive
12632,HR,Manager
12633,HR,Manager
12634,HR,Trainer
12635,IT,Manager
12636,Sales,Software Engineer
12637,IT,Trainer
12638,Sales,Data Analyst
12639,Sales,Data Analyst
12640,Marketing,Marketing Executive
12641,Finance,Marketing Executive
12642,Marketing,Trainer
12643,Sales,Manager
12644,Operations,Software Engineer
12645,Sales,Manager
12646,IT,Data Analyst
12647,Marketing,Manager
12648,Operations,Marketing Executive
12649,Finance,Data Analyst
12650,Finance,Data Analyst
12651,Marketing,Software Engineer
12652,Finance,Marketing Executive
12653,Sales,Software Engineer
12654,Sales,Manager
12655,Operations,Marketing Executive
12656,HR,Software Engineer
12657,IT,Manager
12658,Operations,Software Engineer
12659,Marketing,Trainer
12660,Operations,Software Engineer
12661,Sales,Manager
12662,Operations,Data Analyst
12663,HR,Data Analyst
12664,IT,Data Analyst
12665,IT,Manager
12666,Marketing,Marketing Executive
12667,Finance,Data Analyst
12668,HR,Trainer
12669,HR,Trainer
12670,Marketing,Trainer
12671,Sales,Marketing Executive
12672,Finance,Trainer
12673,Sales,Software Engineer
12674,Operations,Trainer
12675,IT,Trainer
12676,Finance,Trainer
12677,Operations,Trainer
12678,HR,Manager
12679,HR,Trainer
12680,Finance,Manager
12681,Marketing,Marketing Executive
12682,IT,Trainer
12683,HR,Software Engineer
12684,Sales,Trainer
12685,HR,Manager
12686,Finance,Marketing Executive
12687,Sales,Software Engineer
12688,IT,Data Analyst
12689,IT,Marketing Executive
12690,HR,Trainer
12691,Operations,Data Analyst
12692,Finance,Data Analyst
12693,Sales,Data Analyst
12694,Marketing,Trainer
12695,Operations,Data Analyst
12696,HR,Software Engineer
12697,HR,Marketing Executive
12698,HR,Data Analyst
12699,HR,Manager
12700,Operations,Manager
12701,Operations,Manager
12702,HR,Marketing Executive
12703,Marketing,Trainer
12704,HR,Trainer
12705,Operations,Manager
12706,Finance,Data Analyst
12707,Sales,Trainer
12708,HR,Marketing Executive
12709,Marketing,Software Engineer
12710,Sales,Trainer
12711,Finance,Software Engineer
12712,Operations,Software Engineer
12713,HR,Manager
12714,Sales,Trainer
12715,Finance,Software Engineer
12716,HR,Software Engineer
12717,Finance,Software Engineer
12718,Operations,Manager
12719,Operations,Data Analyst
12720,Finance,Trainer
12721,Finance,Manager
12722,IT,Marketing Executive
12723,Operations,Data Analyst
12724,IT,Software Engineer
12725,IT,Software Engineer
12726,IT,Manager
12727,IT,Data Analyst
12728,Finance,Manager
12729,Finance,Software Engineer
12730,IT,Manager
12731,HR,Data Analyst
12732,IT,Data Analyst
12733,Marketing,Software Engineer
12734,Operations,Software Engineer
12735,Finance,Manager
12736,Operations,Marketing Executive
12737,Marketing,Data Analyst
12738,Operations,Data Analyst
12739,Sales,Data Analyst
12740,Finance,Data Analyst
12741,Sales,Data Analyst
12742,IT,Marketing Executive
12743,Sales,Trainer
12744,Operations,Marketing Executive
12745,Marketing,Software Engineer
12746,Operations,Marketing Executive
12747,Finance,Trainer
12748,HR,Software Engineer
12749,Operations,Data Analyst
12750,Sales,Trainer
12751,IT,Software Engineer
12752,HR,Manager
12753,HR,Marketing Executive
12754,Marketing,Manager
12755,Operations,Data Analyst
12756,HR,Data Analyst
12757,Sales,Data Analyst
12758,Marketing,Data Analyst
12759,HR,Marketing Executive
12760,IT,Marketing Executive
12761,IT,Software Engineer
12762,Sales,Manager
12763,Marketing,Marketing Executive
12764,HR,Trainer
12765,Sales,Data Analyst
12766,Finance,Data Analyst
12767,Finance,Data Analyst
12768,IT,Trainer
12769,HR,Software Engineer
12770,Finance,Data Analyst
12771,IT,Data Analyst
12772,Marketing,Manager
12773,Sales,Data Analyst
12774,IT,Marketing Executive
12775,Sales,Trainer
12776,IT,Software Engineer
12777,HR,Software Engineer
12778,HR,Manager
12779,HR,Software Engineer
12780,Operations,Software Engineer
12781,IT,Data Analyst
12782,IT,Software Engineer
12783,Finance,Trainer
12784,Finance,Manager
12785,Operations,Software Engineer
12786,Operations,Data Analyst
12787,Operations,Marketing Executive
12788,Operations,Data Analyst
12789,Operations,Data Analyst
12790,HR,Data Analyst
12791,Operations,Data Analyst
12792,Finance,Manager
12793,Sales,Manager
12794,Marketing,Data Analyst
12795,HR,Data Analyst
12796,Operations,Marketing Executive
12797,IT,Data Analyst
12798,Operations,Trainer
12799,Finance,Data Analyst
12800,Operations,Trainer
12801,IT,Manager
12802,Marketing,Trainer
12803,Finance,Manager
12804,Sales,Manager
12805,Sales,Trainer
12806,Finance,Trainer
12807,Finance,Manager
12808,Finance,Marketing Executive
12809,Finance,Software Engineer
12810,Marketing,Software Engineer
12811,Finance,Manager
12812,IT,Manager
12813,Sales,Data Analyst
12814,Finance,Manager
12815,IT,Software Engineer
12816,Finance,Data Analyst
12817,HR,Data Analyst
12818,IT,Software Engineer
12819,Sales,Trainer
12820,Finance,Data Analyst
12821,Marketing,Trainer
12822,Operations,Manager
12823,Sales,Software Engineer
12824,Marketing,Software Engineer
12825,Marketing,Data Analyst
12826,Marketing,Data Analyst
12827,Operations,Manager
12828,Sales,Trainer
12829,Finance,Trainer
12830,HR,Trainer
12831,IT,Software Engineer
12832,Finance,Data Analyst
12833,Operations,Trainer
12834,Marketing,Software Engineer
12835,Operations,Manager
12836,IT,Software Engineer
12837,Operations,Trainer
12838,Sales,Data Analyst
12839,IT,Software Engineer
12840,IT,Manager
12841,Operations,Software Engineer
12842,HR,Manager
12843,Operations,Data Analyst
12844,Sales,Marketing Executive
12845,Operations,Marketing Executive
12846,Marketing,Manager
12847,Marketing,Data Analyst
12848,Sales,Manager
12849,Marketing,Software Engineer
12850,Finance,Marketing Executive
12851,IT,Manager
12852,Sales,Manager
12853,Marketing,Software Engineer
12854,IT,Marketing Executive
12855,Sales,Manager
12856,Sales,Software Engineer
12857,Sales,Data Analyst
12858,IT,Manager
12859,Operations,Trainer
12860,Sales,Trainer
12861,Sales,Manager
12862,Finance,Software Engineer
12863,Sales,Trainer
12864,IT,Data Analyst
12865,Marketing,Trainer
12866,IT,Trainer
12867,Sales,Software Engineer
12868,Marketing,Trainer
12869,IT,Trainer
12870,Finance,Trainer
12871,Marketing,Software Engineer
12872,Sales,Marketing Executive
12873,HR,Marketing Executive
12874,Finance,Trainer
12875,Operations,Trainer
12876,Operations,Data Analyst
12877,Marketing,Software Engineer
12878,Sales,Trainer
12879,Operations,Manager
12880,Operations,Manager
12881,Sales,Data Analyst
12882,Marketing,Marketing Executive
12883,Marketing,Software Engineer
12884,Finance,Data Analyst
12885,IT,Data Analyst
12886,HR,Manager
12887,HR,Data Analyst
12888,Operations,Data Analyst
12889,IT,Trainer
12890,HR,Data Analyst
12891,Sales,Trainer
12892,IT,Data Analyst
12893,Finance,Data Analyst
12894,IT,Marketing Executive
12895,Sales,Data Analyst
12896,Marketing,Trainer
12897,Operations,Trainer
12898,Operations,Manager
12899,Sales,Trainer
12900,Operations,Data Analyst
12901,HR,Software Engineer
12902,HR,Marketing Executive
12903,Finance,Trainer
12904,Finance,Data Analyst
12905,Marketing,Data Analyst
12906,IT,Manager
12907,Marketing,Software Engineer
12908,Marketing,Data Analyst
12909,Operations,Trainer
12910,Sales,Software Engineer
12911,Operations,Software Engineer
12912,Marketing,Manager
12913,Marketing,Marketing Executive
12914,Operations,Software Engineer
12915,Finance,Manager
12916,Sales,Software Engineer
12917,Operations,Manager
12918,IT,Software Engineer
12919,IT,Trainer
12920,Sales,Software Engineer
12921,Finance,Data Analyst
12922,Finance,Manager
12923,Sales,Manager
12924,Sales,Trainer
12925,Sales,Trainer
12926,IT,Trainer
12927,Sales,Data Analyst
12928,Sales,Data Analyst
12929,Sales,Data Analyst
12930,Finance,Data Analyst
12931,Operations,Data Analyst
12932,HR,Data Analyst
12933,Marketing,Marketing Executive
12934,Operations,Trainer
12935,Marketing,Data Analyst
12936,HR,Software Engineer
12937,IT,Trainer
12938,Sales,Data Analyst
12939,Operations,Software Engineer
12940,Operations,Trainer
12941,HR,Data Analyst
12942,HR,Marketing Executive
12943,HR,Data Analyst
12944,Marketing,Trainer
12945,Marketing,Marketing Executive
12946,IT,Data Analyst
12947,Marketing,Software Engineer
12948,IT,Manager
12949,Operations,Software Engineer
12950,Sales,Software Engineer
12951,Operations,Manager
12952,HR,Software Engineer
12953,Finance,Marketing Executive
12954,Operations,Data Analyst
12955,IT,Data Analyst
12956,HR,Trainer
12957,HR,Data Analyst
12958,Sales,Manager
12959,Operations,Data Analyst
12960,Marketing,Trainer
12961,HR,Software Engineer
12962,IT,Software Engineer
12963,Sales,Marketing Executive
12964,Marketing,Trainer
12965,Sales,Trainer
12966,Sales,Software Engineer
12967,Marketing,Marketing Executive
12968,Finance,Trainer
12969,Finance,Manager
12970,Sales,Software Engineer
12971,IT,Trainer
12972,Sales,Software Engineer
12973,Sales,Manager
12974,Operations,Software Engineer
12975,Finance,Trainer
12976,IT,Software Engineer
12977,IT,Software Engineer
12978,Sales,Trainer
12979,Finance,Trainer
12980,IT,Data Analyst
12981,Marketing,Marketing Executive
12982,Finance,Manager
12983,HR,Software Engineer
12984,Operations,Marketing Executive
12985,HR,Data Analyst
12986,Operations,Software Engineer
12987,Marketing,Marketing Executive
12988,IT,Data Analyst
12989,Operations,Manager
12990,HR,Manager
12991,Marketing,Trainer
12992,Sales,Data Analyst
12993,Sales,Trainer
12994,Sales,Trainer
12995,Operations,Trainer
12996,Operations,Manager
12997,Operations,Software Engineer
12998,HR,Marketing Executive
12999,IT,Data Analyst
13000,IT,Trainer
13001,HR,Manager
13002,IT,Software Engineer
13003,Operations,Manager
13004,IT,Data Analyst
13005,Sales,Trainer
13006,HR,Trainer
13007,Operations,Manager
13008,Sales,Marketing Executive
13009,Operations,Trainer
13010,Finance,Marketing Executive
13011,Finance,Data Analyst
13012,Sales,Trainer
13013,Finance,Trainer
13014,HR,Manager
13015,HR,Data Analyst
13016,Finance,Software Engineer
13017,Finance,Manager
13018,Sales,Manager
13019,Marketing,Trainer
13020,Sales,Marketing Executive
13021,Operations,Marketing Executive
13022,Marketing,Marketing Executive
13023,Finance,Data Analyst
13024,Marketing,Marketing Executive
13025,Sales,Software Engineer
13026,Operations,Manager
13027,Marketing,Manager
13028,Sales,Manager
13029,Operations,Marketing Executive
13030,Finance,Manager
13031,HR,Software Engineer
13032,HR,Manager
13033,Finance,Software Engineer
13034,HR,Marketing Executive
13035,HR,Manager
13036,IT,Trainer
13037,IT,Marketing Executive
13038,Sales,Software Engineer
13039,Finance,Data Analyst
13040,IT,Trainer
13041,Marketing,Software Engineer
13042,Finance,Marketing Executive
13043,IT,Marketing Executive
13044,Sales,Data Analyst
13045,Sales,Marketing Executive
13046,Operations,Trainer
13047,Finance,Data Analyst
13048,Finance,Trainer
13049,Operations,Data Analyst
13050,Marketing,Marketing Executive
13051,Operations,Trainer
13052,Finance,Software Engineer
13053,Finance,Trainer
13054,HR,Marketing Executive
13055,Sales,Manager
13056,IT,Data Analyst
13057,HR,Manager
13058,HR,Data Analyst
13059,Finance,Software Engineer
13060,HR,Trainer
13061,Finance,Marketing Executive
13062,Finance,Manager
13063,Finance,Data Analyst
13064,Operations,Manager
13065,IT,Trainer
13066,Sales,Software Engineer
13067,IT,Trainer
13068,Operations,Manager
13069,Marketing,Trainer
13070,Sales,Marketing Executive
13071,Finance,Trainer
13072,Marketing,Manager
13073,Marketing,Trainer
13074,IT,Trainer
13075,HR,Data Analyst
13076,Operations,Trainer
13077,HR,Trainer
13078,Operations,Software Engineer
13079,Operations,Manager
13080,IT,Manager
13081,HR,Marketing Executive
13082,Marketing,Trainer
13083,Sales,Manager
13084,Finance,Data Analyst
13085,Finance,Data Analyst
13086,HR,Manager
13087,Finance,Manager
13088,Operations,Software Engineer
13089,Operations,Data Analyst
13090,HR,Data Analyst
13091,Finance,Manager
13092,IT,Marketing Executive
13093,IT,Manager
13094,Marketing,Trainer
13095,Finance,Marketing Executive
13096,Marketing,Trainer
13097,Finance,Data Analyst
13098,Sales,Data Analyst
13099,HR,Manager
13100,IT,Marketing Executive
13101,Operations,Trainer
13102,HR,Software Engineer
13103,IT,Marketing Executive
13104,Operations,Manager
13105,Operations,Software Engineer
13106,Finance,Data Analyst
13107,Marketing,Manager
13108,Marketing,Manager
13109,Finance,Manager
13110,Sales,Trainer
13111,Sales,Manager
13112,IT,Data Analyst
13113,Marketing,Manager
13114,Finance,Manager
13115,HR,Marketing Executive
13116,HR,Trainer
13117,Operations,Trainer
13118,Finance,Manager
13119,Marketing,Manager
13120,Operations,Trainer
13121,Operations,Trainer
13122,Finance,Data Analyst
13123,HR,Trainer
13124,IT,Data Analyst
13125,IT,Manager
13126,Finance,Software Engineer
13127,Finance,Data Analyst
13128,Marketing,Marketing Executive
13129,Sales,Marketing Executive
13130,Marketing,Trainer
13131,IT,Manager
13132,Sales,Software Engineer
13133,Operations,Data Analyst
13134,Finance,Data Analyst
13135,Sales,Data Analyst
13136,IT,Trainer
13137,IT,Software Engineer
13138,Finance,Marketing Executive
13139,Operations,Data Analyst
13140,HR,Manager
13141,HR,Manager
13142,Sales,Data Analyst
13143,IT,Data Analyst
13144,HR,Data Analyst
13145,Operations,Trainer
13146,Marketing,Data Analyst
13147,Finance,Software Engineer
13148,Operations,Manager
13149,Sales,Trainer
13150,Operations,Data Analyst
13151,Operations,Manager
13152,IT,Manager
13153,Operations,Data Analyst
13154,Marketing,Manager
13155,Operations,Marketing Executive
13156,Marketing,Trainer
13157,IT,Manager
13158,Sales,Data Analyst
13159,Operations,Marketing Executive
13160,IT,Manager
13161,Marketing,Trainer
13162,Operations,Trainer
13163,HR,Software Engineer
13164,Marketing,Data Analyst
13165,Finance,Software Engineer
13166,HR,Software Engineer
13167,IT,Software Engineer
13168,Marketing,Marketing Executive
13169,HR,Software Engineer
13170,Sales,Data Analyst
13171,IT,Manager
13172,Marketing,Trainer
13173,IT,Data Analyst
13174,Operations,Manager
13175,Operations,Data Analyst
13176,IT,Manager
13177,IT,Software Engineer
13178,Finance,Software Engineer
13179,IT,Data Analyst
13180,HR,Software Engineer
13181,Sales,Trainer
13182,HR,Manager
13183,Finance,Trainer
13184,IT,Software Engineer
13185,Finance,Software Engineer
13186,Marketing,Software Engineer
13187,Sales,Software Engineer
13188,HR,Manager
13189,Sales,Data Analyst
13190,Operations,Trainer
13191,HR,Data Analyst
13192,Sales,Marketing Executive
13193,Finance,Manager
13194,Finance,Data Analyst
13195,Marketing,Trainer
13196,Sales,Trainer
13197,HR,Marketing Executive
13198,IT,Trainer
13199,IT,Trainer
13200,Operations,Software Engineer
13201,Operations,Marketing Executive
13202,Finance,Trainer
13203,IT,Data Analyst
13204,Marketing,Data Analyst
13205,Sales,Trainer
13206,Operations,Data Analyst
13207,Finance,Data Analyst
13208,Marketing,Software Engineer
13209,Marketing,Software Engineer
13210,Sales,Trainer
13211,Marketing,Manager
13212,Finance,Marketing Executive
13213,Finance,Manager
13214,IT,Marketing Executive
13215,IT,Marketing Executive
13216,HR,Marketing Executive
13217,Marketing,Manager
13218,Sales,Manager
13219,IT,Trainer
13220,Sales,Manager
13221,Finance,Manager
13222,Marketing,Trainer
13223,Operations,Manager
13224,Operations,Manager
13225,Finance,Software Engineer
13226,HR,Marketing Executive
13227,IT,Marketing Executive
13228,Marketing,Manager
13229,HR,Data Analyst
13230,IT,Trainer
13231,HR,Marketing Executive
13232,Sales,Manager
13233,Sales,Data Analyst
13234,Marketing,Trainer
13235,Sales,Manager
13236,Finance,Trainer
13237,HR,Software Engineer
13238,Operations,Manager
13239,Sales,Trainer
13240,Marketing,Data Analyst
13241,Operations,Marketing Executive
13242,IT,Data Analyst
13243,HR,Trainer
13244,Sales,Trainer
13245,Operations,Data Analyst
13246,Marketing,Manager
13247,Marketing,Marketing Executive
13248,Marketing,Software Engineer
13249,HR,Manager
13250,Finance,Software Engineer
13251,IT,Manager
13252,Finance,Trainer
13253,HR,Data Analyst
13254,IT,Trainer
13255,HR,Software Engineer
13256,IT,Trainer
13257,Marketing,Trainer
13258,IT,Trainer
13259,Sales,Software Engineer
13260,HR,Trainer
13261,IT,Manager
13262,IT,Marketing Executive
13263,IT,Software Engineer
13264,Operations,Data Analyst
13265,Finance,Marketing Executive
13266,IT,Manager
13267,Finance,Marketing Executive
13268,Operations,Data Analyst
13269,Marketing,Data Analyst
13270,IT,Data Analyst
13271,Operations,Trainer
13272,Operations,Data Analyst
13273,IT,Manager
13274,HR,Data Analyst
13275,Marketing,Software Engineer
13276,HR,Data Analyst
13277,Operations,Trainer
13278,Finance,Data Analyst
13279,Sales,Software Engineer
13280,IT,Data Analyst
13281,HR,Software Engineer
13282,IT,Data Analyst
13283,IT,Marketing Executive
13284,Marketing,Manager
13285,Finance,Software Engineer
13286,HR,Marketing Executive
13287,HR,Software Engineer
13288,HR,Software Engineer
13289,Finance,Trainer
13290,Sales,Manager
13291,Sales,Trainer
13292,Sales,Marketing Executive
13293,Finance,Manager
13294,Marketing,Marketing Executive
13295,Sales,Trainer
13296,Operations,Data Analyst
13297,Operations,Trainer
13298,Sales,Trainer
13299,Sales,Data Analyst
13300,Finance,Data Analyst
13301,HR,Software Engineer
13302,Marketing,Marketing Executive
13303,HR,Software Engineer
13304,Operations,Data Analyst
13305,IT,Software Engineer
13306,Finance,Data Analyst
13307,Operations,Trainer
13308,HR,Marketing Executive
13309,Sales,Manager
13310,HR,Data Analyst
13311,Finance,Software Engineer
13312,HR,Data Analyst
13313,Sales,Manager
13314,Sales,Trainer
13315,IT,Software Engineer
13316,Finance,Marketing Executive
13317,Sales,Marketing Executive
13318,Finance,Trainer
13319,IT,Software Engineer
13320,Operations,Data Analyst
13321,Operations,Manager
13322,HR,Trainer
13323,IT,Trainer
13324,Finance,Manager
13325,Marketing,Software Engineer
13326,Finance,Manager
13327,Marketing,Software Engineer
13328,Operations,Software Engineer
13329,IT,Trainer
13330,IT,Marketing Executive
13331,Finance,Software Engineer
13332,HR,Software Engineer
13333,IT,Trainer
13334,Sales,Marketing Executive
13335,Operations,Trainer
13336,Operations,Marketing Executive
13337,HR,Marketing Executive
13338,Sales,Trainer
13339,HR,Data Analyst
13340,Marketing,Data Analyst
13341,HR,Software Engineer
13342,HR,Software Engineer
13343,IT,Marketing Executive
13344,HR,Marketing Executive
13345,Finance,Software Engineer
13346,HR,Manager
13347,Sales,Data Analyst
13348,IT,Marketing Executive
13349,IT,Marketing Executive
13350,IT,Manager
13351,HR,Trainer
13352,Finance,Data Analyst
13353,Finance,Software Engineer
13354,Operations,Software Engineer
13355,Sales,Software Engineer
13356,HR,Manager
13357,Operations,Software Engineer
13358,Marketing,Manager
13359,Operations,Data Analyst
13360,Operations,Trainer
13361,Marketing,Marketing Executive
13362,Finance,Manager
13363,Finance,Trainer
13364,Sales,Data Analyst
13365,Sales,Trainer
13366,Finance,Software Engineer
13367,HR,Trainer
13368,Marketing,Software Engineer
13369,HR,Software Engineer
13370,IT,Data Analyst
13371,Finance,Trainer
13372,IT,Manager
13373,HR,Manager
13374,Operations,Software Engineer
13375,Sales,Data Analyst
13376,Marketing,Manager
13377,Operations,Trainer
13378,Operations,Data Analyst
13379,Operations,Data Analyst
13380,Operations,Data Analyst
13381,Sales,Data Analyst
13382,Marketing,Software Engineer
13383,Operations,Trainer
13384,Sales,Trainer
13385,Operations,Data Analyst
13386,Finance,Data Analyst
13387,Operations,Software Engineer
13388,Operations,Marketing Executive
13389,Operations,Marketing Executive
13390,HR,Software Engineer
13391,IT,Manager
13392,Sales,Software Engineer
13393,Finance,Data Analyst
13394,Sales,Data Analyst
13395,Finance,Software Engineer
13396,Marketing,Marketing Executive
13397,HR,Data Analyst
13398,Operations,Trainer
13399,Sales,Marketing Executive
13400,Marketing,Software Engineer
13401,IT,Marketing Executive
13402,IT,Software Engineer
13403,Operations,Trainer
13404,Operations,Data Analyst
13405,Finance,Manager
13406,Finance,Software Engineer
13407,Operations,Marketing Executive
13408,IT,Marketing Executive
13409,IT,Marketing Executive
13410,IT,Marketing Executive
13411,Finance,Manager
13412,IT,Software Engineer
13413,Operations,Software Engineer
13414,IT,Trainer
13415,IT,Trainer
13416,Finance,Manager
13417,Operations,Trainer
13418,Finance,Marketing Executive
13419,Marketing,Data Analyst
13420,Operations,Manager
13421,HR,Software Engineer
13422,Finance,Data Analyst
13423,IT,Data Analyst
13424,Finance,Software Engineer
13425,Finance,Software Engineer
13426,Operations,Trainer
13427,Sales,Manager
13428,IT,Data Analyst
13429,Finance,Manager
13430,Sales,Manager
13431,Sales,Marketing Executive
13432,Sales,Manager
13433,Finance,Trainer
13434,Finance,Software Engineer
13435,Operations,Manager
13436,Operations,Trainer
13437,Operations,Manager
13438,IT,Manager
13439,HR,Manager
13440,Operations,Trainer
13441,Sales,Software Engineer
13442,IT,Manager
13443,IT,Software Engineer
13444,Sales,Trainer
13445,Sales,Manager
13446,IT,Software Engineer
13447,IT,Manager
13448,Sales,Marketing Executive
13449,IT,Marketing Executive
13450,HR,Data Analyst
13451,Operations,Software Engineer
13452,Finance,Data Analyst
13453,IT,Trainer
13454,Sales,Marketing Executive
13455,Finance,Data Analyst
13456,Finance,Data Analyst
13457,HR,Manager
13458,Finance,Trainer
13459,Finance,Trainer
13460,HR,Data Analyst
13461,Operations,Marketing Executive
13462,IT,Software Engineer
13463,Marketing,Data Analyst
13464,Sales,Manager
13465,Finance,Trainer
13466,Operations,Data Analyst
13467,Finance,Data Analyst
13468,Finance,Trainer
13469,IT,Data Analyst
13470,Sales,Manager
13471,Marketing,Trainer
13472,Marketing,Software Engineer
13473,Finance,Marketing Executive
13474,Sales,Trainer
13475,HR,Marketing Executive
13476,HR,Marketing Executive
13477,HR,Manager
13478,Marketing,Data Analyst
13479,IT,Trainer
13480,Marketing,Marketing Executive
13481,HR,Manager
13482,Operations,Data Analyst
13483,IT,Software Engineer
13484,Marketing,Marketing Executive
13485,Operations,Manager
13486,HR,Manager
13487,Operations,Trainer
13488,IT,Marketing Executive
13489,Finance,Trainer
13490,Finance,Data Analyst
13491,IT,Trainer
13492,IT,Manager
13493,Finance,Manager
13494,Finance,Trainer
13495,HR,Data Analyst
13496,Marketing,Software Engineer
13497,IT,Data Analyst
13498,Sales,Software Engineer
13499,IT,Data Analyst
13500,IT,Trainer
13501,IT,Data Analyst
13502,Sales,Data Analyst
13503,Finance,Marketing Executive
13504,IT,Software Engineer
13505,Marketing,Marketing Executive
13506,IT,Trainer
13507,Finance,Software Engineer
13508,Sales,Manager
13509,Sales,Data Analyst
13510,Sales,Software Engineer
13511,Marketing,Manager
13512,IT,Trainer
13513,HR,Software Engineer
13514,HR,Trainer
13515,Sales,Marketing Executive
13516,Operations,Marketing Executive
13517,Operations,Manager
13518,Sales,Trainer
13519,Sales,Manager
13520,Sales,Marketing Executive
13521,IT,Trainer
13522,Finance,Software Engineer
13523,Marketing,Software Engineer
13524,Finance,Manager
13525,HR,Manager
13526,Finance,Data Analyst
13527,HR,Marketing Executive
13528,IT,Manager
13529,Finance,Manager
13530,IT,Trainer
13531,Sales,Software Engineer
13532,IT,Software Engineer
13533,Sales,Manager
13534,IT,Marketing Executive
13535,HR,Data Analyst
13536,Operations,Software Engineer
13537,Finance,Data Analyst
13538,Marketing,Marketing Executive
13539,HR,Data Analyst
13540,Marketing,Manager
13541,Sales,Marketing Executive
13542,Operations,Manager
13543,IT,Trainer
13544,Marketing,Manager
13545,Finance,Manager
13546,Sales,Data Analyst
13547,Operations,Data Analyst
13548,HR,Data Analyst
13549,Finance,Software Engineer
13550,Sales,Data Analyst
13551,IT,Data Analyst
13552,Marketing,Software Engineer
13553,Finance,Data Analyst
13554,Sales,Data Analyst
13555,IT,Trainer
13556,IT,Marketing Executive
13557,Marketing,Trainer
13558,Sales,Data Analyst
13559,Sales,Marketing Executive
13560,IT,Software Engineer
13561,IT,Marketing Executive
13562,Finance,Marketing Executive
13563,Sales,Data Analyst
13564,HR,Data Analyst
13565,HR,Software Engineer
13566,Finance,Software Engineer
13567,Finance,Marketing Executive
13568,HR,Software Engineer
13569,Operations,Data Analyst
13570,Operations,Data Analyst
13571,Marketing,Manager
13572,Finance,Marketing Executive
13573,HR,Data Analyst
13574,Operations,Data Analyst
13575,IT,Software Engineer
13576,Finance,Data Analyst
13577,Operations,Marketing Executive
13578,Sales,Data Analyst
13579,HR,Trainer
13580,IT,Manager
13581,Finance,Trainer
13582,Marketing,Trainer
13583,Finance,Data Analyst
13584,Marketing,Trainer
13585,Sales,Marketing Executive
13586,Marketing,Manager
13587,Sales,Manager
13588,IT,Trainer
13589,Operations,Software Engineer
13590,IT,Data Analyst
13591,Finance,Data Analyst
13592,Sales,Software Engineer
13593,Marketing,Trainer
13594,HR,Trainer
13595,Finance,Software Engineer
13596,Marketing,Software Engineer
13597,Sales,Manager
13598,HR,Trainer
13599,Marketing,Software Engineer
13600,Marketing,Marketing Executive
13601,Marketing,Manager
13602,Finance,Data Analyst
13603,IT,Software Engineer
13604,Marketing,Data Analyst
13605,IT,Marketing Executive
13606,Marketing,Trainer
13607,Sales,Trainer
13608,Marketing,Data Analyst
13609,Sales,Software Engineer
13610,Sales,Marketing Executive
13611,IT,Data Analyst
13612,IT,Software Engineer
13613,HR,Data Analyst
13614,Marketing,Manager
13615,IT,Manager
13616,Marketing,Software Engineer
13617,Marketing,Software Engineer
13618,Operations,Manager
13619,Operations,Manager
13620,IT,Data Analyst
13621,Sales,Trainer
13622,HR,Data Analyst
13623,Finance,Data Analyst
13624,Finance,Trainer
13625,IT,Data Analyst
13626,Sales,Software Engineer
13627,Marketing,Marketing Executive
13628,Operations,Marketing Executive
13629,HR,Marketing Executive
13630,Sales,Marketing Executive
13631,IT,Data Analyst
13632,Operations,Data Analyst
13633,Marketing,Manager
13634,IT,Manager
13635,Sales,Marketing Executive
13636,Sales,Software Engineer
13637,Marketing,Manager
13638,Finance,Trainer
13639,Sales,Software Engineer
13640,Sales,Software Engineer
13641,Marketing,Trainer
13642,IT,Software Engineer
13643,Sales,Data Analyst
13644,Finance,Marketing Executive
13645,Finance,Data Analyst
13646,Marketing,Data Analyst
13647,HR,Manager
13648,Operations,Manager
13649,Sales,Software Engineer
13650,HR,Trainer
13651,Marketing,Marketing Executive
13652,IT,Marketing Executive
13653,Operations,Manager
13654,Marketing,Trainer
13655,HR,Manager
13656,Operations,Marketing Executive
13657,IT,Marketing Executive
13658,Sales,Software Engineer
13659,HR,Manager
13660,Operations,Manager
13661,Finance,Trainer
13662,Marketing,Software Engineer
13663,HR,Data Analyst
13664,Operations,Marketing Executive
13665,HR,Software Engineer
13666,Marketing,Marketing Executive
13667,Operations,Trainer
13668,IT,Trainer
13669,Marketing,Software Engineer
13670,IT,Data Analyst
13671,Finance,Data Analyst
13672,Marketing,Trainer
13673,IT,Trainer
13674,Sales,Data Analyst
13675,Finance,Software Engineer
13676,IT,Data Analyst
13677,Sales,Software Engineer
13678,HR,Software Engineer
13679,Sales,Trainer
13680,Finance,Trainer
13681,Sales,Data Analyst
13682,Operations,Data Analyst
13683,Sales,Data Analyst
13684,HR,Marketing Executive
13685,IT,Trainer
13686,Sales,Software Engineer
13687,Marketing,Trainer
13688,Sales,Trainer
13689,Marketing,Software Engineer
13690,HR,Marketing Executive
13691,Operations,Manager
13692,Operations,Data Analyst
13693,HR,Software Engineer
13694,Marketing,Software Engineer
13695,Operations,Software Engineer
13696,IT,Trainer
13697,Operations,Software Engineer
13698,Finance,Trainer
13699,Operations,Trainer
13700,IT,Software Engineer
13701,Finance,Marketing Executive
13702,Operations,Manager
13703,Operations,Trainer
13704,Operations,Software Engineer
13705,Marketing,Manager
13706,Sales,Software Engineer
13707,Sales,Trainer
13708,Finance,Trainer
13709,Operations,Manager
13710,Marketing,Data Analyst
13711,HR,Data Analyst
13712,Operations,Manager
13713,Finance,Marketing Executive
13714,HR,Marketing Executive
13715,Marketing,Data Analyst
13716,HR,Marketing Executive
13717,Finance,Data Analyst
13718,Sales,Manager
13719,HR,Data Analyst
13720,IT,Software Engineer
13721,Finance,Marketing Executive
13722,Operations,Trainer
13723,Finance,Software Engineer
13724,Marketing,Marketing Executive
13725,Operations,Data Analyst
13726,IT,Software Engineer
13727,HR,Software Engineer
13728,Sales,Marketing Executive
13729,IT,Data Analyst
13730,HR,Marketing Executive
13731,Sales,Manager
13732,HR,Manager
13733,Finance,Manager
13734,Finance,Software Engineer
13735,HR,Marketing Executive
13736,Sales,Marketing Executive
13737,Sales,Marketing Executive
13738,Operations,Trainer
13739,Sales,Software Engineer
13740,HR,Data Analyst
13741,HR,Manager
13742,Finance,Marketing Executive
13743,IT,Data Analyst
13744,Finance,Marketing Executive
13745,Finance,Marketing Executive
13746,Operations,Manager
13747,Sales,Software Engineer
13748,IT,Trainer
13749,IT,Marketing Executive
13750,IT,Manager
13751,IT,Manager
13752,Marketing,Data Analyst
13753,Finance,Software Engineer
13754,Operations,Manager
13755,Finance,Manager
13756,IT,Data Analyst
13757,IT,Marketing Executive
13758,Finance,Trainer
13759,Finance,Data Analyst
13760,HR,Manager
13761,Operations,Manager
13762,HR,Manager
13763,Operations,Trainer
13764,Marketing,Software Engineer
13765,Operations,Manager
13766,IT,Manager
13767,Marketing,Software Engineer
13768,Marketing,Marketing Executive
13769,Marketing,Software Engineer
13770,Marketing,Software Engineer
13771,Sales,Software Engineer
13772,Sales,Marketing Executive
13773,IT,Software Engineer
13774,HR,Software Engineer
13775,Finance,Trainer
13776,IT,Data Analyst
13777,Marketing,Data Analyst
13778,HR,Manager
13779,Finance,Software Engineer
13780,IT,Trainer
13781,HR,Marketing Executive
13782,HR,Manager
13783,Operations,Trainer
13784,Operations,Manager
13785,IT,Marketing Executive
13786,Marketing,Data Analyst
13787,Sales,Manager
13788,HR,Manager
13789,HR,Manager
13790,HR,Manager
13791,HR,Marketing Executive
13792,Marketing,Trainer
13793,Operations,Data Analyst
13794,Finance,Trainer
13795,HR,Trainer
13796,Sales,Manager
13797,Operations,Software Engineer
13798,HR,Manager
13799,IT,Manager
13800,Finance,Software Engineer
13801,HR,Marketing Executive
13802,IT,Software Engineer
13803,Finance,Marketing Executive
13804,Marketing,Trainer
13805,Marketing,Software Engineer
13806,HR,Manager
13807,Sales,Data Analyst
13808,Sales,Trainer
13809,IT,Marketing Executive
13810,HR,Software Engineer
13811,HR,Software Engineer
13812,Sales,Manager
13813,HR,Data Analyst
13814,IT,Software Engineer
13815,HR,Trainer
13816,Finance,Manager
13817,Finance,Software Engineer
13818,IT,Data Analyst
13819,Marketing,Trainer
13820,IT,Trainer
13821,IT,Manager
13822,Sales,Data Analyst
13823,IT,Manager
13824,Operations,Marketing Executive
13825,IT,Software Engineer
13826,Marketing,Software Engineer
13827,HR,Trainer
13828,Operations,Software Engineer
13829,Marketing,Data Analyst
13830,IT,Trainer
13831,Marketing,Software Engineer
13832,Marketing,Trainer
13833,Sales,Trainer
13834,Finance,Software Engineer
13835,Marketing,Manager
13836,IT,Software Engineer
13837,Sales,Marketing Executive
13838,Sales,Data Analyst
13839,Sales,Marketing Executive
13840,Marketing,Data Analyst
13841,Sales,Trainer
13842,Operations,Data Analyst
13843,HR,Software Engineer
13844,Operations,Software Engineer
13845,Marketing,Software Engineer
13846,Marketing,Software Engineer
13847,Sales,Marketing Executive
13848,Sales,Marketing Executive
13849,Finance,Manager
13850,Finance,Manager
13851,Marketing,Manager
13852,Sales,Manager
13853,Sales,Manager
13854,Marketing,Data Analyst
13855,Marketing,Marketing Executive
13856,Sales,Software Engineer
13857,Sales,Manager
13858,IT,Data Analyst
13859,HR,Software Engineer
13860,HR,Manager
13861,Sales,Data Analyst
13862,Finance,Data Analyst
13863,Operations,Data Analyst
13864,HR,Trainer
13865,Marketing,Trainer
13866,HR,Manager
13867,Finance,Data Analyst
13868,Finance,Trainer
13869,Finance,Marketing Executive
13870,Finance,Manager
13871,IT,Data Analyst
13872,Operations,Trainer
13873,Finance,Marketing Executive
13874,IT,Manager
13875,Finance,Trainer
13876,Operations,Trainer
13877,IT,Manager
13878,Marketing,Marketing Executive
13879,Marketing,Data Analyst
13880,Operations,Trainer
13881,Operations,Software Engineer
13882,Finance,Marketing Executive
13883,Sales,Marketing Executive
13884,HR,Marketing Executive
13885,HR,Data Analyst
13886,Marketing,Manager
13887,IT,Marketing Executive
13888,HR,Trainer
13889,HR,Marketing Executive
13890,Operations,Manager
13891,IT,Marketing Executive
13892,Finance,Marketing Executive
13893,IT,Marketing Executive
13894,HR,Data Analyst
13895,HR,Marketing Executive
13896,Operations,Trainer
13897,Sales,Marketing Executive
13898,Finance,Marketing Executive
13899,Marketing,Manager
13900,IT,Manager
13901,Operations,Trainer
13902,HR,Data Analyst
13903,Sales,Trainer
13904,Finance,Manager
13905,Sales,Trainer
13906,Finance,Software Engineer
13907,Finance,Marketing Executive
13908,Finance,Marketing Executive
13909,Operations,Trainer
13910,HR,Trainer
13911,HR,Marketing Executive
13912,Sales,Marketing Executive
13913,IT,Software Engineer
13914,IT,Software Engineer
13915,IT,Data Analyst
13916,Marketing,Marketing Executive
13917,Finance,Trainer
13918,HR,Software Engineer
13919,Operations,Software Engineer
13920,Sales,Manager
13921,IT,Marketing Executive
13922,IT,Data Analyst
13923,Operations,Manager
13924,Finance,Software Engineer
13925,IT,Trainer
13926,Marketing,Software Engineer
13927,Operations,Data Analyst
13928,IT,Manager
13929,HR,Marketing Executive
13930,IT,Software Engineer
13931,Marketing,Data Analyst
13932,Marketing,Data Analyst
13933,Operations,Trainer
13934,Finance,Marketing Executive
13935,Sales,Trainer
13936,HR,Manager
13937,Sales,Data Analyst
13938,Marketing,Marketing Executive
13939,Finance,Manager
13940,Marketing,Marketing Executive
13941,Marketing,Trainer
13942,Finance,Software Engineer
13943,Finance,Trainer
13944,HR,Marketing Executive
13945,Operations,Trainer
13946,HR,Manager
13947,IT,Manager
13948,HR,Trainer
13949,Operations,Manager
13950,HR,Software Engineer
13951,HR,Software Engineer
13952,Finance,Marketing Executive
13953,HR,Trainer
13954,Sales,Manager
13955,Sales,Marketing Executive
13956,Operations,Manager
13957,Operations,Marketing Executive
13958,Finance,Software Engineer
13959,Sales,Software Engineer
13960,HR,Marketing Executive
13961,Operations,Trainer
13962,Marketing,Trainer
13963,Marketing,Data Analyst
13964,Sales,Trainer
13965,Operations,Manager
13966,IT,Marketing Executive
13967,IT,Trainer
13968,IT,Data Analyst
13969,Marketing,Data Analyst
13970,IT,Software Engineer
13971,IT,Data Analyst
13972,Operations,Marketing Executive
13973,Operations,Marketing Executive
13974,HR,Marketing Executive
13975,Finance,Marketing Executive
13976,Sales,Software Engineer
13977,Marketing,Marketing Executive
13978,Marketing,Marketing Executive
13979,Sales,Software Engineer
13980,Sales,Marketing Executive
13981,Marketing,Software Engineer
13982,Finance,Marketing Executive
13983,Operations,Trainer
13984,Sales,Marketing Executive
13985,Marketing,Software Engineer
13986,Finance,Trainer
13987,Sales,Trainer
13988,Operations,Manager
13989,Sales,Trainer
13990,Sales,Marketing Executive
13991,Finance,Marketing Executive
13992,HR,Software Engineer
13993,HR,Trainer
13994,HR,Software Engineer
13995,Finance,Marketing Executive
13996,Operations,Data Analyst
13997,HR,Software Engineer
13998,HR,Software Engineer
13999,IT,Trainer
14000,Operations,Trainer
14001,HR,Manager
14002,Operations,Marketing Executive
14003,HR,Trainer
14004,Finance,Trainer
14005,Operations,Data Analyst
14006,Marketing,Marketing Executive
14007,IT,Manager
14008,Operations,Software Engineer
14009,Finance,Manager
14010,Sales,Software Engineer
14011,Finance,Manager
14012,IT,Trainer
14013,Finance,Software Engineer
14014,Sales,Data Analyst
14015,HR,Data Analyst
14016,Finance,Trainer
14017,Marketing,Software Engineer
14018,IT,Software Engineer
14019,HR,Data Analyst
14020,HR,Software Engineer
14021,Sales,Marketing Executive
14022,Operations,Software Engineer
14023,Marketing,Data Analyst
14024,HR,Software Engineer
14025,HR,Manager
14026,IT,Marketing Executive
14027,HR,Data Analyst
14028,Finance,Manager
14029,Finance,Software Engineer
14030,Operations,Marketing Executive
14031,Finance,Data Analyst
14032,IT,Trainer
14033,Finance,Manager
14034,Marketing,Data Analyst
14035,Finance,Software Engineer
14036,Marketing,Trainer
14037,Sales,Trainer
14038,Operations,Manager
14039,Marketing,Software Engineer
14040,Sales,Data Analyst
14041,Operations,Manager
14042,Finance,Manager
14043,Operations,Data Analyst
14044,HR,Manager
14045,Finance,Data Analyst
14046,Marketing,Manager
14047,HR,Marketing Executive
14048,Finance,Trainer
14049,Operations,Trainer
14050,HR,Software Engineer
14051,IT,Trainer
14052,Finance,Manager
14053,Finance,Software Engineer
14054,Finance,Software Engineer
14055,Finance,Data Analyst
14056,Marketing,Marketing Executive
14057,Finance,Data Analyst
14058,Marketing,Trainer
14059,Marketing,Marketing Executive
14060,Sales,Data Analyst
14061,Finance,Manager
14062,Finance,Marketing Executive
14063,IT,Software Engineer
14064,HR,Manager
14065,HR,Trainer
14066,Marketing,Manager
14067,HR,Trainer
14068,Sales,Trainer
14069,Operations,Software Engineer
14070,Operations,Trainer
14071,IT,Software Engineer
14072,IT,Manager
14073,Finance,Trainer
14074,Finance,Data Analyst
14075,Sales,Data Analyst
14076,Operations,Trainer
14077,IT,Trainer
14078,Sales,Trainer
14079,Finance,Data Analyst
14080,Operations,Data Analyst
14081,HR,Data Analyst
14082,Marketing,Trainer
14083,IT,Software Engineer
14084,Marketing,Trainer
14085,IT,Software Engineer
14086,Operations,Data Analyst
14087,HR,Software Engineer
14088,Finance,Trainer
14089,HR,Software Engineer
14090,Sales,Data Analyst
14091,Operations,Trainer
14092,Marketing,Software Engineer
14093,Sales,Data Analyst
14094,Marketing,Manager
14095,HR,Software Engineer
14096,Operations,Manager
14097,HR,Trainer
14098,Sales,Trainer
14099,Finance,Marketing Executive
14100,Operations,Marketing Executive
14101,Finance,Data Analyst
14102,Operations,Data Analyst
14103,HR,Data Analyst
14104,IT,Marketing Executive
14105,Finance,Marketing Executive
14106,Finance,Trainer
14107,Operations,Trainer
14108,Finance,Software Engineer
14109,IT,Trainer
14110,Finance,Data Analyst
14111,Sales,Marketing Executive
14112,Finance,Trainer
14113,IT,Manager
14114,IT,Trainer
14115,HR,Manager
14116,HR,Marketing Executive
14117,IT,Trainer
14118,Marketing,Data Analyst
14119,Marketing,Marketing Executive
14120,Sales,Manager
14121,Finance,Marketing Executive
14122,Operations,Marketing Executive
14123,IT,Trainer
14124,Finance,Manager
14125,Operations,Data Analyst
14126,HR,Data Analyst
14127,HR,Software Engineer
14128,HR,Manager
14129,IT,Marketing Executive
14130,IT,Trainer
14131,HR,Software Engineer
14132,Sales,Trainer
14133,HR,Data Analyst
14134,Marketing,Data Analyst
14135,IT,Trainer
14136,HR,Marketing Executive
14137,HR,Software Engineer
14138,Sales,Trainer
14139,Marketing,Marketing Executive
14140,Sales,Data Analyst
14141,Marketing,Marketing Executive
14142,HR,Software Engineer
14143,Finance,Marketing Executive
14144,Finance,Data Analyst
14145,Finance,Data Analyst
14146,IT,Data Analyst
14147,Finance,Marketing Executive
14148,IT,Marketing Executive
14149,IT,Software Engineer
14150,IT,Marketing Executive
14151,Finance,Trainer
14152,HR,Data Analyst
14153,HR,Manager
14154,Finance,Data Analyst
14155,Sales,Marketing Executive
14156,HR,Marketing Executive
14157,Marketing,Software Engineer
14158,IT,Software Engineer
14159,IT,Trainer
14160,IT,Marketing Executive
14161,HR,Trainer
14162,IT,Data Analyst
14163,HR,Manager
14164,HR,Marketing Executive
14165,IT,Software Engineer
14166,Sales,Manager
14167,Finance,Marketing Executive
14168,IT,Data Analyst
14169,Finance,Trainer
14170,HR,Marketing Executive
14171,IT,Software Engineer
14172,HR,Software Engineer
14173,Finance,Software Engineer
14174,Finance,Trainer
14175,Finance,Data Analyst
14176,HR,Software Engineer
14177,IT,Software Engineer
14178,Marketing,Software Engineer
14179,Finance,Software Engineer
14180,IT,Marketing Executive
14181,HR,Software Engineer
14182,IT,Manager
14183,IT,Software Engineer
14184,Marketing,Trainer
14185,HR,Trainer
14186,Operations,Manager
14187,Marketing,Software Engineer
14188,IT,Data Analyst
14189,Sales,Marketing Executive
14190,Operations,Marketing Executive
14191,Sales,Trainer
14192,IT,Manager
14193,HR,Trainer
14194,Finance,Manager
14195,Marketing,Data Analyst
14196,Operations,Marketing Executive
14197,Operations,Marketing Executive
14198,Marketing,Software Engineer
14199,Marketing,Trainer
14200,Marketing,Trainer
14201,HR,Trainer
14202,Operations,Manager
14203,Sales,Data Analyst
14204,Finance,Manager
14205,Finance,Manager
14206,Marketing,Trainer
14207,Marketing,Manager
14208,HR,Marketing Executive
14209,Finance,Trainer
14210,Operations,Trainer
14211,Finance,Data Analyst
14212,Finance,Marketing Executive
14213,Operations,Trainer
14214,IT,Software Engineer
14215,HR,Marketing Executive
14216,IT,Trainer
14217,Operations,Marketing Executive
14218,HR,Data Analyst
14219,Finance,Manager
14220,Finance,Data Analyst
14221,Marketing,Marketing Executive
14222,Operations,Software Engineer
14223,HR,Marketing Executive
14224,HR,Data Analyst
14225,IT,Software Engineer
14226,HR,Data Analyst
14227,Operations,Marketing Executive
14228,HR,Software Engineer
14229,IT,Software Engineer
14230,Sales,Software Engineer
14231,Finance,Software Engineer
14232,Marketing,Trainer
14233,Finance,Manager
14234,Sales,Marketing Executive
14235,Finance,Manager
14236,HR,Trainer
14237,Marketing,Trainer
14238,Marketing,Marketing Executive
14239,Operations,Marketing Executive
14240,Operations,Trainer
14241,Finance,Marketing Executive
14242,Finance,Data Analyst
14243,Sales,Marketing Executive
14244,Finance,Marketing Executive
14245,Operations,Marketing Executive
14246,Sales,Data Analyst
14247,IT,Software Engineer
14248,Finance,Trainer
14249,Operations,Marketing Executive
14250,Operations,Marketing Executive
14251,Finance,Trainer
14252,Sales,Marketing Executive
14253,Marketing,Trainer
14254,Marketing,Marketing Executive
14255,HR,Trainer
14256,Operations,Software Engineer
14257,Marketing,Marketing Executive
14258,IT,Manager
14259,HR,Manager
14260,Sales,Data Analyst
14261,Sales,Trainer
14262,Finance,Data Analyst
14263,Operations,Data Analyst
14264,Finance,Marketing Executive
14265,Operations,Software Engineer
14266,Operations,Manager
14267,Marketing,Trainer
14268,HR,Marketing Executive
14269,Sales,Marketing Executive
14270,Marketing,Data Analyst
14271,Finance,Marketing Executive
14272,HR,Trainer
14273,HR,Software Engineer
14274,Marketing,Data Analyst
14275,Marketing,Marketing Executive
14276,Marketing,Trainer
14277,Marketing,Trainer
14278,Sales,Trainer
14279,IT,Data Analyst
14280,IT,Software Engineer
14281,Operations,Data Analyst
14282,Finance,Trainer
14283,HR,Manager
14284,Operations,Trainer
14285,Sales,Trainer
14286,HR,Marketing Executive
14287,Operations,Software Engineer
14288,Marketing,Manager
14289,IT,Data Analyst
14290,Operations,Manager
14291,IT,Software Engineer
14292,Finance,Data Analyst
14293,HR,Trainer
14294,Sales,Data Analyst
14295,Operations,Manager
14296,Sales,Data Analyst
14297,Operations,Marketing Executive
14298,Finance,Trainer
14299,Marketing,Software Engineer
14300,Marketing,Manager
14301,Sales,Data Analyst
14302,HR,Trainer
14303,HR,Software Engineer
14304,HR,Marketing Executive
14305,Finance,Trainer
14306,Marketing,Marketing Executive
14307,IT,Marketing Executive
14308,Marketing,Manager
14309,Marketing,Marketing Executive
14310,Finance,Marketing Executive
14311,Marketing,Trainer
14312,HR,Marketing Executive
14313,IT,Trainer
14314,Marketing,Software Engineer
14315,Marketing,Marketing Executive
14316,Sales,Marketing Executive
14317,Marketing,Data Analyst
14318,Marketing,Trainer
14319,IT,Marketing Executive
14320,Sales,Software Engineer
14321,Operations,Marketing Executive
14322,IT,Software Engineer
14323,Marketing,Software Engineer
14324,Sales,Data Analyst
14325,HR,Trainer
14326,Operations,Software Engineer
14327,HR,Data Analyst
14328,Operations,Data Analyst
14329,Operations,Software Engineer
14330,Finance,Manager
14331,Operations,Manager
14332,HR,Data Analyst
14333,HR,Software Engineer
14334,Marketing,Trainer
14335,Finance,Software Engineer
14336,Sales,Software Engineer
14337,Marketing,Marketing Executive
14338,IT,Marketing Executive
14339,Finance,Data Analyst
14340,Marketing,Manager
14341,Sales,Marketing Executive
14342,Marketing,Trainer
14343,Marketing,Marketing Executive
14344,Sales,Manager
14345,Operations,Trainer
14346,Sales,Software Engineer
14347,IT,Software Engineer
14348,Marketing,Manager
14349,Marketing,Data Analyst
14350,HR,Manager
14351,Sales,Manager
14352,Sales,Software Engineer
14353,Sales,Marketing Executive
14354,Finance,Data Analyst
14355,IT,Marketing Executive
14356,Sales,Marketing Executive
14357,Sales,Manager
14358,Marketing,Data Analyst
14359,IT,Trainer
14360,Operations,Manager
14361,Operations,Software Engineer
14362,IT,Marketing Executive
14363,Marketing,Software Engineer
14364,Sales,Software Engineer
14365,HR,Software Engineer
14366,Operations,Software Engineer
14367,HR,Software Engineer
14368,IT,Software Engineer
14369,Marketing,Trainer
14370,Marketing,Trainer
14371,Operations,Trainer
14372,Operations,Trainer
14373,Operations,Trainer
14374,Operations,Trainer
14375,IT,Trainer
14376,Operations,Data Analyst
14377,Finance,Marketing Executive
14378,Operations,Data Analyst
14379,Finance,Marketing Executive
14380,Finance,Data Analyst
14381,Operations,Marketing Executive
14382,Marketing,Manager
14383,Finance,Data Analyst
14384,HR,Data Analyst
14385,IT,Data Analyst
14386,IT,Marketing Executive
14387,Finance,Trainer
14388,Sales,Data Analyst
14389,Finance,Trainer
14390,HR,Software Engineer
14391,IT,Manager
14392,Sales,Data Analyst
14393,Finance,Manager
14394,IT,Data Analyst
14395,Finance,Software Engineer
14396,HR,Marketing Executive
14397,Sales,Software Engineer
14398,HR,Data Analyst
14399,Operations,Software Engineer
14400,Operations,Data Analyst
14401,IT,Trainer
14402,Marketing,Trainer
14403,Operations,Data Analyst
14404,Operations,Software Engineer
14405,Finance,Software Engineer
14406,Sales,Marketing Executive
14407,HR,Marketing Executive
14408,HR,Manager
14409,HR,Data Analyst
14410,Sales,Data Analyst
14411,IT,Trainer
14412,IT,Marketing Executive
14413,Finance,Manager
14414,Operations,Software Engineer
14415,IT,Manager
14416,HR,Data Analyst
14417,Marketing,Software Engineer
14418,Operations,Trainer
14419,Operations,Data Analyst
14420,IT,Marketing Executive
14421,Marketing,Software Engineer
14422,HR,Data Analyst
14423,Finance,Software Engineer
14424,Marketing,Data Analyst
14425,Marketing,Software Engineer
14426,Operations,Software Engineer
14427,Operations,Marketing Executive
14428,HR,Software Engineer
14429,Sales,Trainer
14430,IT,Software Engineer
14431,Operations,Software Engineer
14432,Sales,Data Analyst
14433,HR,Trainer
14434,Finance,Marketing Executive
14435,Operations,Trainer
14436,HR,Data Analyst
14437,Marketing,Data Analyst
14438,HR,Manager
14439,Finance,Marketing Executive
14440,Sales,Manager
14441,Sales,Software Engineer
14442,Operations,Trainer
14443,Sales,Manager
14444,Sales,Trainer
14445,Operations,Data Analyst
14446,Sales,Data Analyst
14447,IT,Software Engineer
14448,Marketing,Data Analyst
14449,Sales,Trainer
14450,Marketing,Software Engineer
14451,Marketing,Manager
14452,Finance,Data Analyst
14453,Operations,Marketing Executive
14454,Sales,Software Engineer
14455,HR,Marketing Executive
14456,HR,Software Engineer
14457,HR,Trainer
14458,Marketing,Trainer
14459,IT,Marketing Executive
14460,Sales,Marketing Executive
14461,Operations,Software Engineer
14462,HR,Data Analyst
14463,HR,Marketing Executive
14464,Operations,Software Engineer
14465,IT,Marketing Executive
14466,Sales,Manager
14467,Sales,Marketing Executive
14468,Sales,Marketing Executive
14469,HR,Manager
14470,Marketing,Data Analyst
14471,IT,Manager
14472,Operations,Marketing Executive
14473,Operations,Software Engineer
14474,IT,Data Analyst
14475,IT,Marketing Executive
14476,HR,Data Analyst
14477,Sales,Manager
14478,Marketing,Trainer
14479,HR,Software Engineer
14480,Sales,Data Analyst
14481,Sales,Trainer
14482,Sales,Marketing Executive
14483,Marketing,Marketing Executive
14484,Marketing,Software Engineer
14485,HR,Trainer
14486,Finance,Data Analyst
14487,HR,Software Engineer
14488,IT,Software Engineer
14489,HR,Software Engineer
14490,Operations,Manager
14491,Sales,Data Analyst
14492,IT,Manager
14493,Finance,Marketing Executive
14494,IT,Marketing Executive
14495,Sales,Marketing Executive
14496,Marketing,Trainer
14497,Finance,Trainer
14498,Finance,Data Analyst
14499,HR,Data Analyst
14500,Finance,Marketing Executive
14501,Marketing,Software Engineer
14502,Marketing,Marketing Executive
14503,Operations,Software Engineer
14504,Marketing,Data Analyst
14505,IT,Manager
14506,Finance,Data Analyst
14507,HR,Marketing Executive
14508,Sales,Trainer
14509,Sales,Manager
14510,Operations,Trainer
14511,Operations,Trainer
14512,IT,Data Analyst
14513,Operations,Marketing Executive
14514,Operations,Manager
14515,Operations,Data Analyst
14516,Marketing,Trainer
14517,IT,Trainer
14518,HR,Data Analyst
14519,Operations,Trainer
14520,HR,Marketing Executive
14521,Finance,Manager
14522,Operations,Marketing Executive
14523,Marketing,Trainer
14524,HR,Manager
14525,Finance,Manager
14526,HR,Manager
14527,Marketing,Data Analyst
14528,IT,Data Analyst
14529,Finance,Marketing Executive
14530,Sales,Data Analyst
14531,Finance,Trainer
14532,Sales,Software Engineer
14533,Finance,Trainer
14534,Finance,Manager
14535,Sales,Manager
14536,Operations,Manager
14537,Sales,Marketing Executive
14538,IT,Software Engineer
14539,Sales,Manager
14540,HR,Trainer
14541,Finance,Marketing Executive
14542,HR,Data Analyst
14543,Operations,Manager
14544,Finance,Data Analyst
14545,Operations,Manager
14546,Marketing,Marketing Executive
14547,Sales,Data Analyst
14548,IT,Data Analyst
14549,IT,Software Engineer
14550,Sales,Data Analyst
14551,Sales,Software Engineer
14552,HR,Marketing Executive
14553,Marketing,Manager
14554,Operations,Marketing Executive
14555,HR,Data Analyst
14556,Operations,Software Engineer
14557,Marketing,Manager
14558,Marketing,Marketing Executive
14559,Operations,Trainer
14560,Operations,Data Analyst
14561,Operations,Data Analyst
14562,Marketing,Marketing Executive
14563,HR,Software Engineer
14564,Finance,Manager
14565,Marketing,Marketing Executive
14566,Sales,Software Engineer
14567,HR,Trainer
14568,Marketing,Software Engineer
14569,HR,Trainer
14570,Sales,Marketing Executive
14571,Finance,Manager
14572,Sales,Manager
14573,Sales,Trainer
14574,Operations,Marketing Executive
14575,Finance,Trainer
14576,Sales,Manager
14577,Operations,Software Engineer
14578,Finance,Software Engineer
14579,Finance,Software Engineer
14580,Operations,Data Analyst
14581,Marketing,Marketing Executive
14582,IT,Trainer
14583,Finance,Manager
14584,IT,Data Analyst
14585,Operations,Trainer
14586,Operations,Data Analyst
14587,Marketing,Data Analyst
14588,Sales,Data Analyst
14589,Finance,Marketing Executive
14590,Finance,Software Engineer
14591,Marketing,Data Analyst
14592,IT,Data Analyst
14593,Marketing,Trainer
14594,IT,Data Analyst
14595,Marketing,Manager
14596,Marketing,Software Engineer
14597,HR,Manager
14598,IT,Manager
14599,Operations,Data Analyst
14600,IT,Data Analyst
14601,Finance,Data Analyst
14602,Marketing,Data Analyst
14603,Finance,Software Engineer
14604,Finance,Software Engineer
14605,IT,Data Analyst
14606,Operations,Manager
14607,Marketing,Trainer
14608,IT,Marketing Executive
14609,HR,Data Analyst
14610,Sales,Marketing Executive
14611,HR,Software Engineer
14612,Marketing,Manager
14613,Sales,Marketing Executive
14614,HR,Manager
14615,HR,Marketing Executive
14616,Sales,Trainer
14617,Sales,Data Analyst
14618,HR,Manager
14619,IT,Marketing Executive
14620,IT,Manager
14621,Sales,Data Analyst
14622,Marketing,Manager
14623,HR,Marketing Executive
14624,Operations,Marketing Executive
14625,Sales,Software Engineer
14626,Sales,Trainer
14627,Finance,Marketing Executive
14628,Operations,Manager
14629,Finance,Data Analyst
14630,HR,Trainer
14631,Operations,Manager
14632,Operations,Software Engineer
14633,Operations,Data Analyst
14634,Sales,Software Engineer
14635,Operations,Marketing Executive
14636,HR,Trainer
14637,Sales,Marketing Executive
14638,IT,Software Engineer
14639,Marketing,Trainer
14640,IT,Data Analyst
14641,Finance,Manager
14642,Sales,Trainer
14643,Marketing,Trainer
14644,Marketing,Software Engineer
14645,IT,Manager
14646,Sales,Trainer
14647,Finance,Manager
14648,Sales,Manager
14649,Sales,Marketing Executive
14650,Finance,Trainer
14651,Marketing,Marketing Executive
14652,HR,Marketing Executive
14653,Sales,Marketing Executive
14654,HR,Software Engineer
14655,Sales,Trainer
14656,Marketing,Software Engineer
14657,HR,Trainer
14658,Operations,Data Analyst
14659,IT,Marketing Executive
14660,Finance,Manager
14661,IT,Data Analyst
14662,Marketing,Marketing Executive
14663,Sales,Marketing Executive
14664,Operations,Marketing Executive
14665,Operations,Trainer
14666,HR,Data Analyst
14667,Marketing,Manager
14668,HR,Trainer
14669,Sales,Marketing Executive
14670,Operations,Software Engineer
14671,Finance,Software Engineer
14672,Operations,Trainer
14673,Operations,Software Engineer
14674,Marketing,Software Engineer
14675,Finance,Software Engineer
14676,Sales,Trainer
14677,Marketing,Marketing Executive
14678,HR,Software Engineer
14679,HR,Trainer
14680,IT,Data Analyst
14681,Finance,Manager
14682,Sales,Software Engineer
14683,IT,Trainer
14684,Marketing,Software Engineer
14685,Operations,Marketing Executive
14686,Sales,Manager
14687,Marketing,Software Engineer
14688,Sales,Data Analyst
14689,HR,Data Analyst
14690,HR,Data Analyst
14691,Finance,Data Analyst
14692,Marketing,Software Engineer
14693,Finance,Marketing Executive
14694,IT,Manager
14695,IT,Trainer
14696,Marketing,Trainer
14697,Finance,Data Analyst
14698,Sales,Trainer
14699,Finance,Trainer
14700,Marketing,Data Analyst
14701,Sales,Data Analyst
14702,Marketing,Manager
14703,IT,Trainer
14704,Marketing,Data Analyst
14705,IT,Trainer
14706,IT,Trainer
14707,Marketing,Manager
14708,Operations,Trainer
14709,Operations,Data Analyst
14710,HR,Data Analyst
14711,IT,Software Engineer
14712,HR,Data Analyst
14713,HR,Software Engineer
14714,Marketing,Marketing Executive
14715,HR,Marketing Executive
14716,Marketing,Software Engineer
14717,Operations,Marketing Executive
14718,Marketing,Data Analyst
14719,Sales,Software Engineer
14720,Finance,Data Analyst
14721,Marketing,Trainer
14722,HR,Trainer
14723,Finance,Marketing Executive
14724,IT,Software Engineer
14725,Marketing,Software Engineer
14726,Finance,Data Analyst
14727,IT,Manager
14728,Operations,Marketing Executive
14729,Operations,Manager
14730,Marketing,Data Analyst
14731,IT,Trainer
14732,HR,Data Analyst
14733,Sales,Trainer
14734,Operations,Data Analyst
14735,Sales,Software Engineer
14736,HR,Software Engineer
14737,HR,Data Analyst
14738,Operations,Trainer
14739,Finance,Data Analyst
14740,Sales,Software Engineer
14741,Sales,Data Analyst
14742,Marketing,Data Analyst
14743,HR,Manager
14744,Sales,Manager
14745,IT,Marketing Executive
14746,Operations,Trainer
14747,Sales,Software Engineer
14748,HR,Marketing Executive
14749,Finance,Software Engineer
14750,Sales,Software Engineer
14751,Finance,Marketing Executive
14752,IT,Data Analyst
14753,Sales,Trainer
14754,IT,Data Analyst
14755,Sales,Data Analyst
14756,HR,Trainer
14757,HR,Marketing Executive
14758,Marketing,Trainer
14759,IT,Manager
14760,Sales,Marketing Executive
14761,HR,Trainer
14762,IT,Data Analyst
14763,IT,Manager
14764,Finance,Software Engineer
14765,Operations,Manager
14766,Operations,Marketing Executive
14767,Operations,Trainer
14768,Marketing,Trainer
14769,Operations,Trainer
14770,Finance,Manager
14771,Marketing,Data Analyst
14772,Operations,Trainer
14773,Operations,Manager
14774,IT,Manager
14775,HR,Software Engineer
14776,Marketing,Marketing Executive
14777,Sales,Marketing Executive
14778,Marketing,Data Analyst
14779,Marketing,Data Analyst
14780,Finance,Trainer
14781,Operations,Trainer
14782,HR,Data Analyst
14783,IT,Manager
14784,Sales,Manager
14785,IT,Software Engineer
14786,HR,Software Engineer
14787,Operations,Trainer
14788,IT,Manager
14789,IT,Trainer
14790,Marketing,Trainer
14791,Marketing,Manager
14792,Finance,Trainer
14793,Marketing,Data Analyst
14794,IT,Data Analyst
14795,Marketing,Software Engineer
14796,Sales,Software Engineer
14797,HR,Marketing Executive
14798,Operations,Manager
14799,HR,Marketing Executive
14800,Operations,Data Analyst
14801,Sales,Trainer
14802,IT,Trainer
14803,Sales,Software Engineer
14804,Finance,Trainer
14805,Operations,Marketing Executive
14806,IT,Marketing Executive
14807,Operations,Manager
14808,Marketing,Software Engineer
14809,IT,Trainer
14810,HR,Trainer
14811,Sales,Trainer
14812,Sales,Marketing Executive
14813,Marketing,Manager
14814,HR,Manager
14815,Operations,Software Engineer
14816,Finance,Trainer
14817,Finance,Data Analyst
14818,HR,Software Engineer
14819,Sales,Trainer
14820,IT,Trainer
14821,Operations,Manager
14822,Marketing,Software Engineer
14823,Marketing,Data Analyst
14824,Operations,Manager
14825,Sales,Software Engineer
14826,Operations,Data Analyst
14827,Operations,Manager
14828,Operations,Marketing Executive
14829,Operations,Data Analyst
14830,IT,Manager
14831,IT,Trainer
14832,Marketing,Data Analyst
14833,Marketing,Marketing Executive
14834,Finance,Trainer
14835,Operations,Data Analyst
14836,HR,Trainer
14837,Operations,Manager
14838,Operations,Data Analyst
14839,Sales,Software Engineer
14840,Operations,Trainer
14841,Marketing,Marketing Executive
14842,Finance,Data Analyst
14843,IT,Software Engineer
14844,Operations,Data Analyst
14845,Marketing,Manager
14846,Sales,Trainer
14847,Marketing,Manager
14848,Sales,Trainer
14849,HR,Manager
14850,Sales,Manager
14851,IT,Software Engineer
14852,IT,Data Analyst
14853,Sales,Trainer
14854,Sales,Marketing Executive
14855,IT,Trainer
14856,IT,Trainer
14857,Marketing,Software Engineer
14858,Marketing,Software Engineer
14859,Operations,Marketing Executive
14860,Marketing,Manager
14861,Sales,Trainer
14862,HR,Manager
14863,IT,Data Analyst
14864,HR,Data Analyst
14865,HR,Software Engineer
14866,Operations,Manager
14867,HR,Data Analyst
14868,Marketing,Software Engineer
14869,Finance,Marketing Executive
14870,Marketing,Data Analyst
14871,Sales,Manager
14872,Sales,Trainer
14873,IT,Data Analyst
14874,Marketing,Manager
14875,Finance,Data Analyst
14876,Sales,Trainer
14877,Marketing,Data Analyst
14878,Operations,Marketing Executive
14879,HR,Software Engineer
14880,Sales,Software Engineer
14881,Marketing,Marketing Executive
14882,HR,Manager
14883,Operations,Data Analyst
14884,HR,Software Engineer
14885,Finance,Marketing Executive
14886,Finance,Software Engineer
14887,HR,Manager
14888,Sales,Marketing Executive
14889,IT,Software Engineer
14890,IT,Software Engineer
14891,Sales,Trainer
14892,Operations,Marketing Executive
14893,Sales,Data Analyst
14894,IT,Marketing Executive
14895,Marketing,Manager
14896,Finance,Trainer
14897,HR,Software Engineer
14898,Operations,Data Analyst
14899,IT,Marketing Executive
14900,HR,Marketing Executive
14901,IT,Software Engineer
14902,Sales,Software Engineer
14903,HR,Data Analyst
14904,Finance,Marketing Executive
14905,Marketing,Marketing Executive
14906,HR,Marketing Executive
14907,Operations,Trainer
14908,Finance,Trainer
14909,Marketing,Marketing Executive
14910,HR,Marketing Executive
14911,Operations,Trainer
14912,Sales,Trainer
14913,Finance,Data Analyst
14914,Sales,Trainer
14915,Operations,Data Analyst
14916,Operations,Software Engineer
14917,Finance,Data Analyst
14918,Sales,Manager
14919,Marketing,Data Analyst
14920,Sales,Trainer
14921,IT,Trainer
14922,Finance,Software Engineer
14923,Operations,Trainer
14924,Finance,Trainer
14925,Finance,Data Analyst
14926,IT,Manager
14927,HR,Trainer
14928,Operations,Trainer
14929,Finance,Data Analyst
14930,Sales,Software Engineer
14931,HR,Manager
14932,Finance,Data Analyst
14933,IT,Marketing Executive
14934,Operations,Marketing Executive
14935,Finance,Trainer
14936,IT,Manager
14937,IT,Trainer
14938,IT,Trainer
14939,IT,Software Engineer
14940,HR,Marketing Executive
14941,Operations,Marketing Executive
14942,Sales,Marketing Executive
14943,Finance,Marketing Executive
14944,HR,Software Engineer
14945,HR,Software Engineer
14946,Marketing,Marketing Executive
14947,HR,Data Analyst
14948,Marketing,Manager
14949,Sales,Marketing Executive
14950,Sales,Software Engineer
14951,HR,Marketing Executive
14952,Finance,Marketing Executive
14953,Finance,Trainer
14954,Operations,Trainer
14955,HR,Trainer
14956,Sales,Marketing Executive
14957,Operations,Trainer
14958,IT,Data Analyst
14959,Sales,Marketing Executive
14960,IT,Trainer
14961,Operations,Trainer
14962,HR,Manager
14963,IT,Software Engineer
14964,IT,Trainer
14965,IT,Trainer
14966,Sales,Manager
14967,Sales,Manager
14968,Sales,Software Engineer
14969,Finance,Software Engineer
14970,Operations,Data Analyst
14971,IT,Trainer
14972,Finance,Software Engineer
14973,HR,Data Analyst
14974,Finance,Marketing Executive
14975,HR,Data Analyst
14976,Finance,Manager
14977,Marketing,Data Analyst
14978,HR,Data Analyst
14979,Marketing,Marketing Executive
14980,Marketing,Data Analyst
14981,Operations,Data Analyst
14982,Finance,Software Engineer
14983,Sales,Data Analyst
14984,Operations,Manager
14985,HR,Data Analyst
14986,Sales,Marketing Executive
14987,Sales,Software Engineer
14988,Operations,Manager
14989,HR,Trainer
14990,Marketing,Trainer
14991,Marketing,Marketing Executive
14992,HR,Trainer
14993,HR,Software Engineer
14994,IT,Marketing Executive
14995,Finance,Marketing Executive
14996,Operations,Trainer
14997,Marketing,Manager
14998,Marketing,Data Analyst
14999,Operations,Manager
15000,Operations,Manager
15001,Operations,Data Analyst
15002,HR,Manager
15003,Operations,Marketing Executive
15004,IT,Marketing Executive
15005,HR,Software Engineer
15006,Operations,Data Analyst
15007,Operations,Data Analyst
15008,Finance,Trainer
15009,Finance,Data Analyst
15010,Finance,Marketing Executive
15011,HR,Trainer
15012,IT,Trainer
15013,Operations,Software Engineer
15014,Operations,Manager
15015,Operations,Manager
15016,Operations,Data Analyst
15017,Sales,Software Engineer
15018,Operations,Manager
15019,Finance,Manager
15020,IT,Data Analyst
15021,Sales,Marketing Executive
15022,HR,Marketing Executive
15023,IT,Trainer
15024,HR,Marketing Executive
15025,Sales,Data Analyst
15026,Finance,Marketing Executive
15027,HR,Marketing Executive
15028,Sales,Data Analyst
15029,Operations,Software Engineer
15030,HR,Marketing Executive
15031,Finance,Data Analyst
15032,Finance,Software Engineer
15033,IT,Data Analyst
15034,Sales,Software Engineer
15035,Finance,Manager
15036,IT,Manager
15037,Operations,Data Analyst
15038,IT,Trainer
15039,HR,Marketing Executive
15040,HR,Marketing Executive
15041,Sales,Manager
15042,Operations,Software Engineer
15043,Marketing,Software Engineer
15044,Marketing,Marketing Executive
15045,Marketing,Software Engineer
15046,HR,Manager
15047,Finance,Manager
15048,HR,Software Engineer
15049,Finance,Trainer
15050,Operations,Software Engineer
15051,HR,Trainer
15052,Operations,Manager
15053,IT,Software Engineer
15054,Operations,Software Engineer
15055,HR,Software Engineer
15056,Finance,Trainer
15057,HR,Trainer
15058,IT,Trainer
15059,Marketing,Software Engineer
15060,Marketing,Data Analyst
15061,Sales,Manager
15062,Operations,Manager
15063,Operations,Marketing Executive
15064,HR,Data Analyst
15065,Operations,Marketing Executive
15066,Finance,Marketing Executive
15067,Marketing,Software Engineer
15068,HR,Trainer
15069,Marketing,Data Analyst
15070,IT,Data Analyst
15071,HR,Software Engineer
15072,IT,Trainer
15073,Operations,Data Analyst
15074,HR,Trainer
15075,HR,Trainer
15076,HR,Data Analyst
15077,Marketing,Marketing Executive
15078,Sales,Marketing Executive
15079,Marketing,Trainer
15080,Marketing,Manager
15081,Finance,Data Analyst
15082,Marketing,Marketing Executive
15083,IT,Marketing Executive
15084,Finance,Manager
15085,Operations,Data Analyst
15086,Marketing,Data Analyst
15087,Marketing,Marketing Executive
15088,Finance,Data Analyst
15089,Marketing,Trainer
15090,HR,Software Engineer
15091,HR,Software Engineer
15092,Marketing,Data Analyst
15093,HR,Trainer
15094,Finance,Manager
15095,Sales,Software Engineer
15096,HR,Software Engineer
15097,IT,Data Analyst
15098,Operations,Manager
15099,Operations,Marketing Executive
15100,Operations,Manager
15101,Operations,Manager
15102,Operations,Software Engineer
15103,Sales,Software Engineer
15104,IT,Marketing Executive
15105,Operations,Trainer
15106,Marketing,Trainer
15107,HR,Manager
15108,IT,Manager
15109,Operations,Marketing Executive
15110,Marketing,Trainer
15111,IT,Data Analyst
15112,Finance,Software Engineer
15113,Finance,Data Analyst
15114,Finance,Software Engineer
15115,Operations,Marketing Executive
15116,Operations,Manager
15117,Finance,Marketing Executive
15118,HR,Data Analyst
15119,Finance,Trainer
15120,Marketing,Trainer
15121,Finance,Marketing Executive
15122,HR,Trainer
15123,Sales,Manager
15124,Sales,Marketing Executive
15125,Marketing,Trainer
15126,Finance,Manager
15127,HR,Marketing Executive
15128,Sales,Manager
15129,HR,Data Analyst
15130,IT,Trainer
15131,Sales,Data Analyst
15132,Marketing,Manager
15133,Sales,Data Analyst
15134,Finance,Data Analyst
15135,IT,Trainer
15136,Operations,Trainer
15137,HR,Marketing Executive
15138,Finance,Trainer
15139,Marketing,Trainer
15140,Sales,Data Analyst
15141,IT,Trainer
15142,Sales,Marketing Executive
15143,HR,Software Engineer
15144,IT,Software Engineer
15145,Finance,Marketing Executive
15146,Operations,Marketing Executive
15147,Sales,Software Engineer
15148,Operations,Manager
15149,Operations,Data Analyst
15150,HR,Software Engineer
15151,IT,Data Analyst
15152,Operations,Data Analyst
15153,IT,Trainer
15154,Marketing,Marketing Executive
15155,HR,Marketing Executive
15156,Sales,Data Analyst
15157,IT,Manager
15158,IT,Software Engineer
15159,Marketing,Manager
15160,Operations,Data Analyst
15161,Finance,Software Engineer
15162,HR,Data Analyst
15163,Operations,Software Engineer
15164,Marketing,Trainer
15165,Sales,Manager
15166,Finance,Manager
15167,Operations,Trainer
15168,HR,Software Engineer
15169,Sales,Software Engineer
15170,IT,Marketing Executive
15171,Operations,Marketing Executive
15172,Operations,Marketing Executive
15173,Operations,Data Analyst
15174,IT,Manager
15175,Operations,Software Engineer
15176,Marketing,Marketing Executive
15177,Operations,Software Engineer
15178,Operations,Data Analyst
15179,Finance,Data Analyst
15180,Operations,Marketing Executive
15181,HR,Trainer
15182,Marketing,Trainer
15183,HR,Data Analyst
15184,Finance,Trainer
15185,Finance,Marketing Executive
15186,Marketing,Data Analyst
15187,Marketing,Trainer
15188,Sales,Trainer
15189,Sales,Software Engineer
15190,Finance,Data Analyst
15191,Operations,Software Engineer
15192,Sales,Marketing Executive
15193,HR,Data Analyst
15194,Sales,Trainer
15195,Finance,Marketing Executive
15196,Sales,Software Engineer
15197,HR,Software Engineer
15198,IT,Marketing Executive
15199,Operations,Manager
15200,Finance,Data Analyst
15201,Operations,Data Analyst
15202,IT,Software Engineer
15203,Operations,Marketing Executive
15204,HR,Marketing Executive
15205,Operations,Manager
15206,Sales,Marketing Executive
15207,Marketing,Marketing Executive
15208,HR,Marketing Executive
15209,Operations,Software Engineer
15210,Marketing,Data Analyst
15211,Operations,Marketing Executive
15212,HR,Manager
15213,Operations,Trainer
15214,HR,Marketing Executive
15215,Marketing,Marketing Executive
15216,HR,Software Engineer
15217,HR,Manager
15218,Operations,Marketing Executive
15219,IT,Data Analyst
15220,IT,Marketing Executive
15221,IT,Manager
15222,Sales,Data Analyst
15223,HR,Marketing Executive
15224,IT,Trainer
15225,Finance,Software Engineer
15226,IT,Data Analyst
15227,Finance,Software Engineer
15228,Marketing,Marketing Executive
15229,Operations,Marketing Executive
15230,HR,Software Engineer
15231,HR,Marketing Executive
15232,Marketing,Manager
15233,IT,Marketing Executive
15234,Operations,Software Engineer
15235,Operations,Software Engineer
15236,Operations,Software Engineer
15237,Operations,Marketing Executive
15238,HR,Trainer
15239,Sales,Software Engineer
15240,Marketing,Software Engineer
15241,Marketing,Data Analyst
15242,Finance,Software Engineer
15243,Sales,Marketing Executive
15244,Sales,Trainer
15245,Sales,Software Engineer
15246,Sales,Data Analyst
15247,Sales,Manager
15248,Operations,Software Engineer
15249,Sales,Manager
15250,Marketing,Software Engineer
15251,Operations,Manager
15252,Marketing,Trainer
15253,IT,Trainer
15254,Sales,Software Engineer
15255,Sales,Manager
15256,Finance,Marketing Executive
15257,Sales,Trainer
15258,HR,Manager
15259,Marketing,Data Analyst
15260,HR,Data Analyst
15261,Sales,Manager
15262,IT,Marketing Executive
15263,Marketing,Trainer
15264,HR,Marketing Executive
15265,Sales,Manager
15266,Operations,Manager
15267,Operations,Software Engineer
15268,Marketing,Data Analyst
15269,Finance,Software Engineer
15270,Sales,Trainer
15271,IT,Software Engineer
15272,Sales,Data Analyst
15273,HR,Manager
15274,Operations,Software Engineer
15275,Operations,Manager
15276,HR,Marketing Executive
15277,Sales,Trainer
15278,Finance,Trainer
15279,Finance,Trainer
15280,Sales,Trainer
15281,IT,Marketing Executive
15282,Sales,Software Engineer
15283,Marketing,Manager
15284,Sales,Software Engineer
15285,IT,Software Engineer
15286,Sales,Data Analyst
15287,Sales,Manager
15288,HR,Trainer
15289,Sales,Marketing Executive
15290,Sales,Data Analyst
15291,Finance,Marketing Executive
15292,Marketing,Marketing Executive
15293,Marketing,Software Engineer
15294,Finance,Marketing Executive
15295,Finance,Manager
15296,HR,Marketing Executive
15297,Marketing,Marketing Executive
15298,Sales,Software Engineer
15299,HR,Software Engineer
15300,Sales,Data Analyst
15301,Sales,Software Engineer
15302,IT,Trainer
15303,IT,Manager
15304,Operations,Manager
15305,IT,Trainer
15306,Marketing,Software Engineer
15307,Sales,Trainer
15308,Marketing,Marketing Executive
15309,Operations,Trainer
15310,Operations,Marketing Executive
15311,IT,Marketing Executive
15312,Sales,Software Engineer
15313,Operations,Software Engineer
15314,HR,Manager
15315,HR,Manager
15316,Finance,Software Engineer
15317,Marketing,Data Analyst
15318,Finance,Software Engineer
15319,Marketing,Manager
15320,Finance,Manager
15321,Sales,Trainer
15322,IT,Marketing Executive
15323,Operations,Manager
15324,Marketing,Software Engineer
15325,IT,Trainer
15326,Operations,Software Engineer
15327,HR,Trainer
15328,Finance,Trainer
15329,Operations,Software Engineer
15330,Operations,Marketing Executive
15331,Marketing,Manager
15332,Sales,Marketing Executive
15333,Sales,Manager
15334,Operations,Manager
15335,Sales,Manager
15336,IT,Data Analyst
15337,HR,Trainer
15338,Sales,Manager
15339,Operations,Software Engineer
15340,Sales,Software Engineer
15341,Operations,Manager
15342,Finance,Data Analyst
15343,IT,Data Analyst
15344,IT,Trainer
15345,IT,Trainer
15346,Sales,Marketing Executive
15347,Sales,Software Engineer
15348,Sales,Data Analyst
15349,Sales,Data Analyst
15350,HR,Trainer
15351,Finance,Software Engineer
15352,Finance,Manager
15353,HR,Trainer
15354,Operations,Marketing Executive
15355,IT,Trainer
15356,HR,Manager
15357,Finance,Marketing Executive
15358,Operations,Manager
15359,Finance,Data Analyst
15360,HR,Manager
15361,IT,Software Engineer
15362,HR,Manager
15363,Finance,Data Analyst
15364,Finance,Manager
15365,IT,Data Analyst
15366,IT,Software Engineer
15367,HR,Manager
15368,Finance,Manager
15369,IT,Software Engineer
15370,Sales,Manager
15371,Finance,Marketing Executive
15372,Sales,Marketing Executive
15373,Operations,Manager
15374,IT,Data Analyst
15375,Finance,Marketing Executive
15376,IT,Manager
15377,IT,Manager
15378,Finance,Marketing Executive
15379,Operations,Marketing Executive
15380,Marketing,Software Engineer
15381,Sales,Software Engineer
15382,IT,Software Engineer
15383,Operations,Manager
15384,Marketing,Marketing Executive
15385,Finance,Trainer
15386,Operations,Software Engineer
15387,Finance,Data Analyst
15388,Marketing,Manager
15389,Marketing,Trainer
15390,Operations,Manager
15391,Sales,Manager
15392,Finance,Data Analyst
15393,Marketing,Data Analyst
15394,HR,Marketing Executive
15395,IT,Trainer
15396,IT,Trainer
15397,Marketing,Manager
15398,Sales,Software Engineer
15399,Marketing,Manager
15400,Operations,Marketing Executive
15401,HR,Manager
15402,HR,Trainer
15403,Operations,Marketing Executive
15404,Finance,Software Engineer
15405,Finance,Marketing Executive
15406,Finance,Data Analyst
15407,IT,Trainer
15408,Finance,Marketing Executive
15409,Finance,Marketing Executive
15410,IT,Marketing Executive
15411,HR,Trainer
15412,Marketing,Trainer
15413,Marketing,Marketing Executive
15414,Operations,Trainer
15415,Sales,Marketing Executive
15416,Marketing,Manager
15417,Finance,Data Analyst
15418,IT,Trainer
15419,Marketing,Data Analyst
15420,IT,Data Analyst
15421,IT,Manager
15422,HR,Marketing Executive
15423,Sales,Trainer
15424,IT,Trainer
15425,Operations,Marketing Executive
15426,HR,Trainer
15427,IT,Software Engineer
15428,HR,Software Engineer
15429,HR,Manager
15430,Marketing,Manager
15431,Finance,Data Analyst
15432,Marketing,Software Engineer
15433,Marketing,Manager
15434,Sales,Trainer
15435,HR,Software Engineer
15436,HR,Manager
15437,Marketing,Data Analyst
15438,Sales,Software Engineer
15439,Finance,Manager
15440,Sales,Trainer
15441,IT,Manager
15442,Operations,Trainer
15443,IT,Software Engineer
15444,Finance,Trainer
15445,Finance,Manager
15446,Marketing,Manager
15447,Marketing,Manager
15448,HR,Manager
15449,Marketing,Data Analyst
15450,HR,Software Engineer
15451,IT,Manager
15452,HR,Marketing Executive
15453,IT,Data Analyst
15454,Marketing,Manager
15455,IT,Marketing Executive
15456,Finance,Manager
15457,Marketing,Software Engineer
15458,Finance,Trainer
15459,IT,Manager
15460,Marketing,Data Analyst
15461,Marketing,Trainer
15462,Finance,Software Engineer
15463,Finance,Manager
15464,Operations,Manager
15465,Finance,Software Engineer
15466,Finance,Manager
15467,Sales,Data Analyst
15468,Marketing,Data Analyst
15469,HR,Software Engineer
15470,Operations,Trainer
15471,Sales,Data Analyst
15472,IT,Data Analyst
15473,Finance,Software Engineer
15474,Finance,Manager
15475,Finance,Trainer
15476,Operations,Software Engineer
15477,IT,Marketing Executive
15478,Marketing,Software Engineer
15479,IT,Marketing Executive
15480,Finance,Marketing Executive
15481,Operations,Trainer
15482,Sales,Software Engineer
15483,Sales,Trainer
15484,Operations,Marketing Executive
15485,Operations,Trainer
15486,HR,Marketing Executive
15487,Marketing,Manager
15488,HR,Software Engineer
15489,Sales,Trainer
15490,Marketing,Marketing Executive
15491,Finance,Software Engineer
15492,Sales,Data Analyst
15493,Marketing,Manager
15494,IT,Software Engineer
15495,Finance,Manager
15496,Finance,Marketing Executive
15497,Marketing,Marketing Executive
15498,Finance,Data Analyst
15499,Sales,Software Engineer
15500,IT,Software Engineer
15501,Sales,Trainer
15502,HR,Marketing Executive
15503,Finance,Manager
15504,HR,Software Engineer
15505,Finance,Manager
15506,Finance,Software Engineer
15507,HR,Marketing Executive
15508,Marketing,Data Analyst
15509,HR,Trainer
15510,Marketing,Marketing Executive
15511,Sales,Data Analyst
15512,Sales,Software Engineer
15513,Marketing,Marketing Executive
15514,IT,Marketing Executive
15515,IT,Manager
15516,Operations,Data Analyst
15517,Operations,Manager
15518,Sales,Data Analyst
15519,Finance,Manager
15520,Sales,Trainer
15521,IT,Manager
15522,HR,Software Engineer
15523,Sales,Data Analyst
15524,Sales,Data Analyst
15525,Finance,Marketing Executive
15526,IT,Trainer
15527,Marketing,Marketing Executive
15528,Sales,Software Engineer
15529,Marketing,Manager
15530,Finance,Data Analyst
15531,IT,Manager
15532,IT,Trainer
15533,Finance,Data Analyst
15534,Sales,Trainer
15535,Sales,Software Engineer
15536,IT,Software Engineer
15537,Finance,Marketing Executive
15538,Operations,Software Engineer
15539,IT,Manager
15540,Finance,Data Analyst
15541,IT,Manager
15542,Sales,Data Analyst
15543,Sales,Trainer
15544,IT,Software Engineer
15545,Sales,Manager
15546,IT,Software Engineer
15547,Operations,Software Engineer
15548,Marketing,Trainer
15549,Operations,Data Analyst
15550,IT,Manager
15551,Operations,Trainer
15552,IT,Marketing Executive
15553,Finance,Trainer
15554,Finance,Data Analyst
15555,Operations,Marketing Executive
15556,IT,Data Analyst
15557,Finance,Trainer
15558,Sales,Trainer
15559,Sales,Trainer
15560,IT,Data Analyst
15561,Operations,Data Analyst
15562,IT,Data Analyst
15563,Sales,Data Analyst
15564,Marketing,Manager
15565,Operations,Manager
15566,Finance,Trainer
15567,Operations,Marketing Executive
15568,IT,Marketing Executive
15569,Operations,Trainer
15570,IT,Software Engineer
15571,HR,Data Analyst
15572,Sales,Marketing Executive
15573,Finance,Software Engineer
15574,Finance,Manager
15575,IT,Marketing Executive
15576,HR,Manager
15577,IT,Data Analyst
15578,Finance,Trainer
15579,Finance,Software Engineer
15580,Operations,Software Engineer
15581,IT,Marketing Executive
15582,Finance,Marketing Executive
15583,Sales,Software Engineer
15584,HR,Data Analyst
15585,HR,Marketing Executive
15586,HR,Manager
15587,Sales,Software Engineer
15588,Sales,Trainer
15589,Operations,Data Analyst
15590,Marketing,Software Engineer
15591,Marketing,Trainer
15592,Operations,Data Analyst
15593,Sales,Data Analyst
15594,Sales,Data Analyst
15595,Marketing,Manager
15596,Finance,Marketing Executive
15597,Sales,Data Analyst
15598,Marketing,Trainer
15599,HR,Software Engineer
15600,Marketing,Manager
15601,Sales,Marketing Executive
15602,Sales,Trainer
15603,HR,Trainer
15604,Marketing,Software Engineer
15605,IT,Manager
15606,Operations,Software Engineer
15607,Marketing,Data Analyst
15608,Sales,Manager
15609,IT,Manager
15610,IT,Marketing Executive
15611,HR,Trainer
15612,Marketing,Marketing Executive
15613,Finance,Manager
15614,IT,Trainer
15615,Finance,Trainer
15616,HR,Trainer
15617,Marketing,Software Engineer
15618,IT,Manager
15619,Finance,Data Analyst
15620,HR,Trainer
15621,Marketing,Trainer
15622,IT,Data Analyst
15623,Operations,Manager
15624,Sales,Software Engineer
15625,IT,Manager
15626,HR,Manager
15627,IT,Trainer
15628,HR,Marketing Executive
15629,IT,Manager
15630,Operations,Marketing Executive
15631,Sales,Marketing Executive
15632,Marketing,Trainer
15633,IT,Software Engineer
15634,Marketing,Trainer
15635,Sales,Marketing Executive
15636,Marketing,Marketing Executive
15637,HR,Data Analyst
15638,HR,Manager
15639,Finance,Marketing Executive
15640,Finance,Software Engineer
15641,Finance,Marketing Executive
15642,Finance,Marketing Executive
15643,Sales,Software Engineer
15644,HR,Data Analyst
15645,Marketing,Data Analyst
15646,Operations,Manager
15647,HR,Marketing Executive
15648,Sales,Data Analyst
15649,Sales,Software Engineer
15650,HR,Trainer
15651,Finance,Data Analyst
15652,Operations,Trainer
15653,Sales,Trainer
15654,Marketing,Data Analyst
15655,Marketing,Data Analyst
15656,IT,Trainer
15657,Marketing,Software Engineer
15658,Sales,Marketing Executive
15659,Sales,Data Analyst
15660,Sales,Marketing Executive
15661,HR,Manager
15662,Operations,Marketing Executive
15663,Sales,Software Engineer
15664,HR,Data Analyst
15665,Operations,Manager
15666,HR,Marketing Executive
15667,Finance,Marketing Executive
15668,IT,Data Analyst
15669,HR,Data Analyst
15670,Marketing,Trainer
15671,Operations,Marketing Executive
15672,Finance,Manager
15673,HR,Marketing Executive
15674,Sales,Software Engineer
15675,Marketing,Marketing Executive
15676,HR,Manager
15677,Operations,Trainer
15678,Marketing,Marketing Executive
15679,HR,Manager
15680,Finance,Manager
15681,IT,Manager
15682,Sales,Software Engineer
15683,Operations,Manager
15684,Sales,Data Analyst
15685,Marketing,Trainer
15686,Marketing,Software Engineer
15687,Sales,Manager
15688,Sales,Data Analyst
15689,IT,Manager
15690,Finance,Trainer
15691,Operations,Manager
15692,Finance,Data Analyst
15693,Finance,Trainer
15694,Finance,Marketing Executive
15695,IT,Manager
15696,HR,Manager
15697,IT,Software Engineer
15698,Operations,Software Engineer
15699,HR,Software Engineer
15700,Marketing,Marketing Executive
15701,Sales,Marketing Executive
15702,IT,Trainer
15703,Sales,Manager
15704,Marketing,Trainer
15705,Operations,Marketing Executive
15706,Marketing,Data Analyst
15707,HR,Data Analyst
15708,IT,Marketing Executive
15709,Sales,Marketing Executive
15710,Marketing,Data Analyst
15711,Marketing,Marketing Executive
15712,Operations,Manager
15713,Finance,Trainer
15714,Sales,Manager
15715,HR,Data Analyst
15716,IT,Trainer
15717,HR,Marketing Executive
15718,Sales,Software Engineer
15719,IT,Software Engineer
15720,Marketing,Trainer
15721,HR,Marketing Executive
15722,Sales,Data Analyst
15723,Sales,Marketing Executive
15724,Marketing,Trainer
15725,Operations,Manager
15726,Operations,Software Engineer
15727,Sales,Marketing Executive
15728,Operations,Trainer
15729,Finance,Trainer
15730,Finance,Data Analyst
15731,HR,Data Analyst
15732,IT,Data Analyst
15733,Finance,Trainer
15734,Marketing,Manager
15735,IT,Manager
15736,IT,Data Analyst
15737,Finance,Marketing Executive
15738,HR,Marketing Executive
15739,Sales,Data Analyst
15740,IT,Software Engineer
15741,HR,Manager
15742,Operations,Trainer
15743,HR,Trainer
15744,Operations,Software Engineer
15745,Finance,Trainer
15746,Sales,Software Engineer
15747,Finance,Software Engineer
15748,Marketing,Data Analyst
15749,Finance,Manager
15750,Marketing,Manager
15751,Operations,Manager
15752,HR,Software Engineer
15753,IT,Marketing Executive
15754,HR,Manager
15755,Operations,Software Engineer
15756,Marketing,Marketing Executive
15757,Sales,Data Analyst
15758,Marketing,Manager
15759,Marketing,Data Analyst
15760,HR,Trainer
15761,IT,Software Engineer
15762,Operations,Marketing Executive
15763,Finance,Data Analyst
15764,Finance,Data Analyst
15765,Sales,Manager
15766,HR,Software Engineer
15767,Marketing,Data Analyst
15768,Operations,Manager
15769,Finance,Data Analyst
15770,Finance,Data Analyst
15771,Sales,Data Analyst
15772,Operations,Data Analyst
15773,Finance,Data Analyst
15774,Marketing,Trainer
15775,Finance,Manager
15776,Finance,Trainer
15777,Sales,Software Engineer
15778,IT,Manager
15779,HR,Data Analyst
15780,Operations,Manager
15781,Marketing,Trainer
15782,Marketing,Manager
15783,Operations,Marketing Executive
15784,IT,Data Analyst
15785,HR,Data Analyst
15786,Sales,Software Engineer
15787,Finance,Marketing Executive
15788,Marketing,Marketing Executive
15789,IT,Marketing Executive
15790,Operations,Manager
15791,HR,Marketing Executive
15792,Operations,Software Engineer
15793,Finance,Trainer
15794,HR,Software Engineer
15795,Sales,Manager
15796,HR,Software Engineer
15797,Operations,Marketing Executive
15798,HR,Manager
15799,Finance,Software Engineer
15800,Finance,Software Engineer
15801,IT,Trainer
15802,Finance,Software Engineer
15803,IT,Trainer
15804,Sales,Trainer
15805,Operations,Marketing Executive
15806,Operations,Software Engineer
15807,IT,Manager
15808,Sales,Marketing Executive
15809,Finance,Marketing Executive
15810,Marketing,Data Analyst
15811,Marketing,Trainer
15812,HR,Marketing Executive
15813,IT,Data Analyst
15814,HR,Manager
15815,Sales,Trainer
15816,Finance,Trainer
15817,Marketing,Software Engineer
15818,IT,Manager
15819,Sales,Manager
15820,Finance,Trainer
15821,Sales,Data Analyst
15822,HR,Manager
15823,HR,Marketing Executive
15824,IT,Trainer
15825,Operations,Data Analyst
15826,Finance,Software Engineer
15827,HR,Manager
15828,Marketing,Marketing Executive
15829,Sales,Software Engineer
15830,HR,Trainer
15831,Sales,Trainer
15832,Sales,Manager
15833,Marketing,Trainer
15834,Operations,Marketing Executive
15835,Finance,Data Analyst
15836,Operations,Marketing Executive
15837,Sales,Software Engineer
15838,IT,Marketing Executive
15839,IT,Software Engineer
15840,Operations,Software Engineer
15841,HR,Trainer
15842,Finance,Marketing Executive
15843,HR,Data Analyst
15844,Operations,Trainer
15845,Finance,Data Analyst
15846,Operations,Data Analyst
15847,Sales,Data Analyst
15848,HR,Data Analyst
15849,Finance,Data Analyst
15850,HR,Trainer
15851,Marketing,Software Engineer
15852,Finance,Trainer
15853,Operations,Software Engineer
15854,HR,Data Analyst
15855,Finance,Trainer
15856,Finance,Manager
15857,HR,Data Analyst
15858,Operations,Data Analyst
15859,Operations,Software Engineer
15860,HR,Trainer
15861,Marketing,Marketing Executive
15862,Operations,Marketing Executive
15863,Sales,Trainer
15864,Finance,Marketing Executive
15865,Sales,Software Engineer
15866,HR,Software Engineer
15867,Finance,Data Analyst
15868,HR,Trainer
15869,HR,Marketing Executive
15870,Finance,Software Engineer
15871,Marketing,Marketing Executive
15872,HR,Marketing Executive
15873,Finance,Marketing Executive
15874,HR,Software Engineer
15875,IT,Marketing Executive
15876,HR,Trainer
15877,Finance,Manager
15878,Marketing,Software Engineer
15879,Marketing,Software Engineer
15880,Finance,Trainer
15881,Operations,Trainer
15882,HR,Marketing Executive
15883,Finance,Software Engineer
15884,IT,Marketing Executive
15885,Finance,Data Analyst
15886,IT,Data Analyst
15887,Marketing,Trainer
15888,Sales,Data Analyst
15889,Finance,Manager
15890,Sales,Marketing Executive
15891,Operations,Data Analyst
15892,Operations,Manager
15893,Marketing,Software Engineer
15894,IT,Software Engineer
15895,Finance,Marketing Executive
15896,Operations,Marketing Executive
15897,Operations,Trainer
15898,Sales,Manager
15899,Marketing,Marketing Executive
15900,Marketing,Marketing Executive
15901,Sales,Marketing Executive
15902,HR,Manager
15903,IT,Software Engineer
15904,Marketing,Manager
15905,Marketing,Data Analyst
15906,HR,Manager
15907,Operations,Software Engineer
15908,HR,Trainer
15909,Operations,Manager
15910,IT,Marketing Executive
15911,Marketing,Marketing Executive
15912,HR,Data Analyst
15913,HR,Marketing Executive
15914,Sales,Marketing Executive
15915,Operations,Trainer
15916,Sales,Software Engineer
15917,HR,Data Analyst
15918,Marketing,Trainer
15919,IT,Marketing Executive
15920,HR,Data Analyst
15921,Operations,Manager
15922,Operations,Trainer
15923,Sales,Trainer
15924,Sales,Trainer
15925,HR,Manager
15926,IT,Marketing Executive
15927,Marketing,Data Analyst
15928,HR,Marketing Executive
15929,Marketing,Software Engineer
15930,HR,Manager
15931,Marketing,Data Analyst
15932,Sales,Manager
15933,Marketing,Manager
15934,Sales,Manager
15935,HR,Data Analyst
15936,Marketing,Manager
15937,Sales,Software Engineer
15938,Marketing,Trainer
15939,HR,Software Engineer
15940,Sales,Trainer
15941,Marketing,Software Engineer
15942,Operations,Data Analyst
15943,Marketing,Data Analyst
15944,Sales,Data Analyst
15945,Marketing,Trainer
15946,Finance,Trainer
15947,HR,Marketing Executive
15948,Sales,Manager
15949,Operations,Manager
15950,Marketing,Software Engineer
15951,Finance,Data Analyst
15952,Finance,Marketing Executive
15953,Operations,Data Analyst
15954,HR,Data Analyst
15955,HR,Marketing Executive
15956,Marketing,Trainer
15957,IT,Software Engineer
15958,Operations,Trainer
15959,Operations,Marketing Executive
15960,HR,Data Analyst
15961,Finance,Software Engineer
15962,Operations,Trainer
15963,Sales,Manager
15964,Operations,Trainer
15965,Marketing,Manager
15966,Finance,Data Analyst
15967,Sales,Data Analyst
15968,IT,Manager
15969,HR,Marketing Executive
15970,Sales,Trainer
15971,Sales,Software Engineer
15972,Finance,Trainer
15973,Finance,Software Engineer
15974,HR,Trainer
15975,HR,Marketing Executive
15976,HR,Manager
15977,IT,Software Engineer
15978,Marketing,Marketing Executive
15979,IT,Trainer
15980,Finance,Software Engineer
15981,Marketing,Manager
15982,Operations,Data Analyst
15983,Sales,Data Analyst
15984,Operations,Data Analyst
15985,HR,Software Engineer
15986,Finance,Software Engineer
15987,IT,Data Analyst
15988,Finance,Marketing Executive
15989,Operations,Data Analyst
15990,Marketing,Manager
15991,HR,Software Engineer
15992,Sales,Marketing Executive
15993,HR,Data Analyst
15994,Operations,Marketing Executive
15995,Finance,Data Analyst
15996,Operations,Software Engineer
15997,HR,Software Engineer
15998,HR,Marketing Executive
15999,Operations,Software Engineer
16000,Finance,Software Engineer
16001,Marketing,Marketing Executive
16002,Operations,Trainer
16003,IT,Manager
16004,IT,Software Engineer
16005,Operations,Data Analyst
16006,Finance,Manager
16007,Operations,Trainer
16008,Operations,Software Engineer
16009,HR,Manager
16010,Marketing,Data Analyst
16011,Marketing,Marketing Executive
16012,Operations,Data Analyst
16013,HR,Data Analyst
16014,HR,Marketing Executive
16015,Finance,Data Analyst
16016,Operations,Data Analyst
16017,HR,Data Analyst
16018,Marketing,Trainer
16019,Operations,Manager
16020,IT,Trainer
16021,HR,Software Engineer
16022,Finance,Software Engineer
16023,Sales,Trainer
16024,Sales,Software Engineer
16025,Marketing,Data Analyst
16026,Marketing,Manager
16027,HR,Software Engineer
16028,Sales,Trainer
16029,Marketing,Data Analyst
16030,Marketing,Trainer
16031,Finance,Manager
16032,IT,Software Engineer
16033,Sales,Software Engineer
16034,Operations,Marketing Executive
16035,HR,Manager
16036,Sales,Software Engineer
16037,Finance,Marketing Executive
16038,Marketing,Data Analyst
16039,IT,Data Analyst
16040,HR,Trainer
16041,Sales,Software Engineer
16042,HR,Trainer
16043,HR,Data Analyst
16044,Marketing,Trainer
16045,Sales,Marketing Executive
16046,Sales,Marketing Executive
16047,HR,Marketing Executive
16048,IT,Trainer
16049,HR,Manager
16050,Sales,Marketing Executive
16051,Finance,Data Analyst
16052,Marketing,Marketing Executive
16053,Marketing,Software Engineer
16054,Marketing,Software Engineer
16055,Sales,Manager
16056,HR,Data Analyst
16057,Operations,Software Engineer
16058,Marketing,Manager
16059,Marketing,Manager
16060,HR,Marketing Executive
16061,Finance,Trainer
16062,Operations,Marketing Executive
16063,Sales,Manager
16064,Sales,Trainer
16065,IT,Data Analyst
16066,Finance,Trainer
16067,HR,Manager
16068,Finance,Trainer
16069,Sales,Marketing Executive
16070,Operations,Data Analyst
16071,Sales,Data Analyst
16072,Finance,Software Engineer
16073,Operations,Trainer
16074,HR,Manager
16075,Sales,Marketing Executive
16076,Marketing,Trainer
16077,HR,Data Analyst
16078,IT,Software Engineer
16079,HR,Manager
16080,Operations,Software Engineer
16081,Operations,Trainer
16082,Marketing,Manager
16083,Operations,Trainer
16084,IT,Data Analyst
16085,HR,Data Analyst
16086,Marketing,Trainer
16087,Marketing,Data Analyst
16088,Marketing,Trainer
16089,Finance,Software Engineer
16090,HR,Marketing Executive
16091,HR,Software Engineer
16092,Finance,Software Engineer
16093,Sales,Software Engineer
16094,HR,Data Analyst
16095,Operations,Trainer
16096,HR,Software Engineer
16097,IT,Software Engineer
16098,Operations,Software Engineer
16099,Sales,Marketing Executive
16100,Marketing,Marketing Executive
16101,IT,Data Analyst
16102,Finance,Software Engineer
16103,IT,Data Analyst
16104,IT,Data Analyst
16105,Marketing,Data Analyst
16106,Operations,Trainer
16107,Finance,Software Engineer
16108,Sales,Marketing Executive
16109,Sales,Manager
16110,HR,Trainer
16111,IT,Trainer
16112,HR,Software Engineer
16113,Finance,Manager
16114,Operations,Data Analyst
16115,Finance,Software Engineer
16116,IT,Marketing Executive
16117,Sales,Software Engineer
16118,Marketing,Marketing Executive
16119,HR,Trainer
16120,HR,Manager
16121,Marketing,Software Engineer
16122,IT,Data Analyst
16123,Sales,Manager
16124,Marketing,Marketing Executive
16125,IT,Manager
16126,Marketing,Manager
16127,Marketing,Manager
16128,IT,Marketing Executive
16129,HR,Data Analyst
16130,Operations,Data Analyst
16131,Finance,Data Analyst
16132,Marketing,Data Analyst
16133,Marketing,Trainer
16134,IT,Data Analyst
16135,IT,Data Analyst
16136,Operations,Manager
16137,Operations,Trainer
16138,Finance,Software Engineer
16139,Marketing,Marketing Executive
16140,Finance,Trainer
16141,Finance,Marketing Executive
16142,HR,Software Engineer
16143,Operations,Software Engineer
16144,Finance,Marketing Executive
16145,HR,Data Analyst
16146,IT,Marketing Executive
16147,Operations,Trainer
16148,Finance,Marketing Executive
16149,Finance,Trainer
16150,Finance,Software Engineer
16151,HR,Software Engineer
16152,Sales,Trainer
16153,IT,Marketing Executive
16154,Sales,Manager
16155,Marketing,Manager
16156,Finance,Marketing Executive
16157,Finance,Software Engineer
16158,Sales,Manager
16159,Marketing,Trainer
16160,IT,Data Analyst
16161,Sales,Data Analyst
16162,Operations,Software Engineer
16163,HR,Software Engineer
16164,Sales,Trainer
16165,Operations,Data Analyst
16166,IT,Manager
16167,IT,Data Analyst
16168,Marketing,Manager
16169,IT,Software Engineer
16170,Sales,Data Analyst
16171,Marketing,Manager
16172,IT,Marketing Executive
16173,HR,Marketing Executive
16174,Operations,Software Engineer
16175,Finance,Marketing Executive
16176,Marketing,Marketing Executive
16177,HR,Manager
16178,Sales,Marketing Executive
16179,Finance,Manager
16180,Marketing,Data Analyst
16181,Marketing,Marketing Executive
16182,Finance,Manager
16183,Sales,Marketing Executive
16184,Operations,Data Analyst
16185,Operations,Marketing Executive
16186,Finance,Software Engineer
16187,Sales,Trainer
16188,Finance,Marketing Executive
16189,IT,Trainer
16190,Sales,Software Engineer
16191,HR,Manager
16192,HR,Manager
16193,Operations,Manager
16194,IT,Data Analyst
16195,IT,Marketing Executive
16196,Operations,Marketing Executive
16197,Finance,Software Engineer
16198,Sales,Marketing Executive
16199,HR,Data Analyst
16200,Finance,Marketing Executive
16201,HR,Trainer
16202,Marketing,Marketing Executive
16203,Operations,Software Engineer
16204,Finance,Software Engineer
16205,Operations,Data Analyst
16206,Sales,Software Engineer
16207,Marketing,Trainer
16208,HR,Marketing Executive
16209,Operations,Software Engineer
16210,Marketing,Manager
16211,Marketing,Data Analyst
16212,IT,Software Engineer
16213,IT,Data Analyst
16214,HR,Manager
16215,Finance,Manager
16216,Sales,Software Engineer
16217,Finance,Marketing Executive
16218,HR,Software Engineer
16219,HR,Marketing Executive
16220,IT,Trainer
16221,Marketing,Trainer
16222,IT,Manager
16223,Operations,Trainer
16224,HR,Software Engineer
16225,Finance,Data Analyst
16226,Sales,Trainer
16227,Marketing,Manager
16228,Marketing,Trainer
16229,Sales,Software Engineer
16230,Sales,Data Analyst
16231,Finance,Data Analyst
16232,Marketing,Data Analyst
16233,Finance,Trainer
16234,Operations,Software Engineer
16235,Finance,Manager
16236,HR,Trainer
16237,Marketing,Trainer
16238,IT,Manager
16239,IT,Marketing Executive
16240,Sales,Trainer
16241,Operations,Data Analyst
16242,Sales,Software Engineer
16243,HR,Data Analyst
16244,HR,Software Engineer
16245,HR,Data Analyst
16246,Sales,Software Engineer
16247,Operations,Data Analyst
16248,IT,Marketing Executive
16249,HR,Software Engineer
16250,Marketing,Marketing Executive
16251,Operations,Software Engineer
16252,HR,Manager
16253,Operations,Data Analyst
16254,HR,Marketing Executive
16255,Operations,Data Analyst
16256,Marketing,Manager
16257,IT,Marketing Executive
16258,Marketing,Data Analyst
16259,Finance,Data Analyst
16260,Finance,Software Engineer
16261,Finance,Marketing Executive
16262,HR,Data Analyst
16263,IT,Software Engineer
16264,Operations,Data Analyst
16265,HR,Manager
16266,Finance,Marketing Executive
16267,Finance,Data Analyst
16268,Marketing,Data Analyst
16269,Finance,Marketing Executive
16270,Sales,Software Engineer
16271,Marketing,Marketing Executive
16272,Finance,Trainer
16273,Sales,Manager
16274,IT,Marketing Executive
16275,Operations,Marketing Executive
16276,Finance,Trainer
16277,Operations,Data Analyst
16278,HR,Software Engineer
16279,IT,Marketing Executive
16280,HR,Trainer
16281,Finance,Marketing Executive
16282,IT,Manager
16283,Operations,Marketing Executive
16284,Finance,Trainer
16285,HR,Trainer
16286,Sales,Manager
16287,IT,Marketing Executive
16288,Finance,Software Engineer
16289,Marketing,Marketing Executive
16290,Sales,Marketing Executive
16291,HR,Data Analyst
16292,Operations,Data Analyst
16293,Marketing,Data Analyst
16294,Marketing,Manager
16295,Operations,Marketing Executive
16296,Marketing,Trainer
16297,IT,Software Engineer
16298,Finance,Data Analyst
16299,Finance,Software Engineer
16300,Finance,Data Analyst
16301,IT,Data Analyst
16302,HR,Data Analyst
16303,Operations,Marketing Executive
16304,Marketing,Data Analyst
16305,Marketing,Marketing Executive
16306,Finance,Software Engineer
16307,Sales,Marketing Executive
16308,Finance,Marketing Executive
16309,Finance,Marketing Executive
16310,HR,Manager
16311,IT,Marketing Executive
16312,IT,Marketing Executive
16313,HR,Trainer
16314,Sales,Marketing Executive
16315,Operations,Manager
16316,Finance,Data Analyst
16317,Sales,Marketing Executive
16318,Operations,Marketing Executive
16319,Finance,Manager
16320,Operations,Manager
16321,Marketing,Software Engineer
16322,HR,Data Analyst
16323,HR,Marketing Executive
16324,HR,Data Analyst
16325,Marketing,Software Engineer
16326,Finance,Manager
16327,Operations,Marketing Executive
16328,Sales,Software Engineer
16329,Operations,Software Engineer
16330,Marketing,Marketing Executive
16331,IT,Data Analyst
16332,Finance,Trainer
16333,Sales,Data Analyst
16334,HR,Manager
16335,Marketing,Data Analyst
16336,IT,Manager
16337,Operations,Manager
16338,IT,Marketing Executive
16339,Sales,Manager
16340,Finance,Data Analyst
16341,Operations,Software Engineer
16342,Marketing,Software Engineer
16343,Finance,Marketing Executive
16344,Operations,Software Engineer
16345,Marketing,Marketing Executive
16346,HR,Software Engineer
16347,Operations,Data Analyst
16348,Marketing,Marketing Executive
16349,Marketing,Data Analyst
16350,Marketing,Software Engineer
16351,Operations,Software Engineer
16352,Finance,Software Engineer
16353,HR,Data Analyst
16354,Operations,Software Engineer
16355,Finance,Data Analyst
16356,HR,Trainer
16357,Marketing,Trainer
16358,Sales,Trainer
16359,HR,Trainer
16360,Sales,Marketing Executive
16361,Sales,Data Analyst
16362,Finance,Marketing Executive
16363,Sales,Marketing Executive
16364,Marketing,Trainer
16365,Sales,Data Analyst
16366,HR,Software Engineer
16367,Operations,Data Analyst
16368,Marketing,Trainer
16369,Finance,Software Engineer
16370,IT,Data Analyst
16371,Sales,Manager
16372,Operations,Marketing Executive
16373,IT,Marketing Executive
16374,Operations,Trainer
16375,HR,Software Engineer
16376,Operations,Software Engineer
16377,Sales,Trainer
16378,Sales,Software Engineer
16379,Operations,Marketing Executive
16380,Marketing,Data Analyst
16381,Marketing,Trainer
16382,HR,Software Engineer
16383,Finance,Manager
16384,Finance,Software Engineer
16385,Sales,Software Engineer
16386,Sales,Manager
16387,IT,Marketing Executive
16388,Sales,Marketing Executive
16389,HR,Data Analyst
16390,Marketing,Manager
16391,Finance,Data Analyst
16392,Finance,Trainer
16393,IT,Manager
16394,HR,Marketing Executive
16395,Sales,Data Analyst
16396,IT,Marketing Executive
16397,HR,Manager
16398,Operations,Manager
16399,IT,Software Engineer
16400,Sales,Manager
16401,Marketing,Software Engineer
16402,IT,Trainer
16403,HR,Software Engineer
16404,Sales,Software Engineer
16405,Marketing,Marketing Executive
16406,IT,Software Engineer
16407,Sales,Software Engineer
16408,Finance,Software Engineer
16409,Finance,Software Engineer
16410,IT,Software Engineer
16411,Marketing,Marketing Executive
16412,Sales,Marketing Executive
16413,Marketing,Manager
16414,Sales,Trainer
16415,HR,Software Engineer
16416,IT,Trainer
16417,HR,Data Analyst
16418,IT,Trainer
16419,Marketing,Marketing Executive
16420,Sales,Manager
16421,Sales,Data Analyst
16422,IT,Data Analyst
16423,Operations,Marketing Executive
16424,Marketing,Software Engineer
16425,Marketing,Marketing Executive
16426,Marketing,Data Analyst
16427,IT,Trainer
16428,IT,Software Engineer
16429,IT,Software Engineer
16430,Operations,Trainer
16431,Sales,Software Engineer
16432,Sales,Data Analyst
16433,Marketing,Trainer
16434,Operations,Marketing Executive
16435,Operations,Marketing Executive
16436,Sales,Marketing Executive
16437,Finance,Trainer
16438,Sales,Marketing Executive
16439,Marketing,Manager
16440,Marketing,Trainer
16441,Marketing,Manager
16442,Marketing,Marketing Executive
16443,Finance,Marketing Executive
16444,IT,Data Analyst
16445,Sales,Data Analyst
16446,Marketing,Trainer
16447,Marketing,Marketing Executive
16448,Sales,Marketing Executive
16449,Sales,Trainer
16450,HR,Manager
16451,Marketing,Software Engineer
16452,Operations,Marketing Executive
16453,HR,Trainer
16454,IT,Software Engineer
16455,Marketing,Manager
16456,Operations,Software Engineer
16457,Marketing,Software Engineer
16458,Sales,Marketing Executive
16459,Finance,Software Engineer
16460,Operations,Manager
16461,HR,Marketing Executive
16462,Marketing,Marketing Executive
16463,Finance,Software Engineer
16464,Operations,Marketing Executive
16465,Finance,Data Analyst
16466,IT,Marketing Executive
16467,HR,Software Engineer
16468,HR,Software Engineer
16469,Finance,Manager
16470,Operations,Trainer
16471,Operations,Data Analyst
16472,Sales,Manager
16473,Operations,Manager
16474,Operations,Manager
16475,HR,Manager
16476,IT,Software Engineer
16477,IT,Data Analyst
16478,HR,Manager
16479,IT,Software Engineer
16480,Sales,Data Analyst
16481,Operations,Manager
16482,Sales,Manager
16483,Sales,Marketing Executive
16484,IT,Data Analyst
16485,IT,Marketing Executive
16486,HR,Manager
16487,HR,Software Engineer
16488,Finance,Trainer
16489,Operations,Software Engineer
16490,Marketing,Trainer
16491,Sales,Data Analyst
16492,HR,Data Analyst
16493,HR,Software Engineer
16494,Finance,Manager
16495,HR,Manager
16496,Sales,Manager
16497,Finance,Manager
16498,Marketing,Trainer
16499,Marketing,Software Engineer
16500,IT,Data Analyst
16501,HR,Data Analyst
16502,Finance,Data Analyst
16503,Finance,Data Analyst
16504,Operations,Marketing Executive
16505,HR,Trainer
16506,Operations,Trainer
16507,HR,Manager
16508,Marketing,Software Engineer
16509,Sales,Marketing Executive
16510,Sales,Software Engineer
16511,HR,Marketing Executive
16512,IT,Trainer
16513,HR,Software Engineer
16514,HR,Marketing Executive
16515,IT,Data Analyst
16516,Operations,Software Engineer
16517,IT,Marketing Executive
16518,IT,Trainer
16519,Sales,Marketing Executive
16520,Marketing,Data Analyst
16521,Sales,Data Analyst
16522,Sales,Trainer
16523,Sales,Software Engineer
16524,Operations,Software Engineer
16525,HR,Manager
16526,Marketing,Marketing Executive
16527,Finance,Trainer
16528,HR,Manager
16529,Marketing,Trainer
16530,HR,Manager
16531,Marketing,Data Analyst
16532,Marketing,Marketing Executive
16533,HR,Trainer
16534,Sales,Trainer
16535,Finance,Marketing Executive
16536,Sales,Manager
16537,Marketing,Data Analyst
16538,Marketing,Manager
16539,Operations,Marketing Executive
16540,IT,Data Analyst
16541,Marketing,Data Analyst
16542,Operations,Marketing Executive
16543,Marketing,Data Analyst
16544,Marketing,Software Engineer
16545,Sales,Marketing Executive
16546,Operations,Trainer
16547,Finance,Marketing Executive
16548,Sales,Marketing Executive
16549,Sales,Marketing Executive
16550,IT,Marketing Executive
16551,IT,Software Engineer
16552,Operations,Manager
16553,HR,Data Analyst
16554,Sales,Data Analyst
16555,Sales,Manager
16556,Finance,Software Engineer
16557,IT,Data Analyst
16558,Marketing,Marketing Executive
16559,Finance,Marketing Executive
16560,Operations,Data Analyst
16561,HR,Manager
16562,IT,Manager
16563,HR,Manager
16564,HR,Trainer
16565,Sales,Software Engineer
16566,HR,Marketing Executive
16567,IT,Software Engineer
16568,Operations,Manager
16569,Finance,Manager
16570,Marketing,Trainer
16571,Sales,Data Analyst
16572,Marketing,Data Analyst
16573,HR,Software Engineer
16574,Operations,Manager
16575,Marketing,Software Engineer
16576,Finance,Trainer
16577,Finance,Manager
16578,Sales,Trainer
16579,Marketing,Trainer
16580,Finance,Trainer
16581,HR,Software Engineer
16582,Finance,Software Engineer
16583,Finance,Data Analyst
16584,Operations,Trainer
16585,Finance,Manager
16586,Marketing,Software Engineer
16587,IT,Trainer
16588,Sales,Software Engineer
16589,IT,Marketing Executive
16590,IT,Trainer
16591,HR,Manager
16592,Operations,Trainer
16593,Finance,Marketing Executive
16594,IT,Data Analyst
16595,Finance,Trainer
16596,HR,Software Engineer
16597,IT,Software Engineer
16598,IT,Software Engineer
16599,HR,Software Engineer
16600,HR,Trainer
16601,HR,Marketing Executive
16602,Operations,Data Analyst
16603,HR,Data Analyst
16604,Operations,Trainer
16605,Sales,Trainer
16606,IT,Trainer
16607,Sales,Trainer
16608,Marketing,Software Engineer
16609,HR,Manager
16610,IT,Software Engineer
16611,HR,Software Engineer
16612,IT,Manager
16613,Finance,Trainer
16614,HR,Data Analyst
16615,Marketing,Manager
16616,IT,Manager
16617,Finance,Data Analyst
16618,Finance,Manager
16619,IT,Software Engineer
16620,Marketing,Manager
16621,Finance,Software Engineer
16622,Finance,Trainer
16623,HR,Marketing Executive
16624,IT,Manager
16625,Finance,Software Engineer
16626,Operations,Software Engineer
16627,IT,Software Engineer
16628,Operations,Trainer
16629,Sales,Data Analyst
16630,Finance,Software Engineer
16631,Sales,Manager
16632,Marketing,Manager
16633,HR,Trainer
16634,Sales,Software Engineer
16635,Operations,Software Engineer
16636,Finance,Trainer
16637,IT,Data Analyst
16638,Operations,Software Engineer
16639,HR,Data Analyst
16640,Sales,Manager
16641,Finance,Data Analyst
16642,Marketing,Software Engineer
16643,HR,Software Engineer
16644,HR,Data Analyst
16645,Finance,Trainer
16646,HR,Marketing Executive
16647,Operations,Manager
16648,Operations,Trainer
16649,Finance,Software Engineer
16650,Finance,Manager
16651,Sales,Manager
16652,IT,Marketing Executive
16653,HR,Data Analyst
16654,Marketing,Trainer
16655,Sales,Manager
16656,IT,Data Analyst
16657,Sales,Marketing Executive
16658,HR,Data Analyst
16659,Operations,Software Engineer
16660,HR,Software Engineer
16661,Marketing,Marketing Executive
16662,IT,Trainer
16663,Operations,Marketing Executive
16664,Marketing,Trainer
16665,Operations,Data Analyst
16666,Finance,Manager
16667,Sales,Manager
16668,Finance,Trainer
16669,Sales,Software Engineer
16670,Finance,Marketing Executive
16671,Operations,Software Engineer
16672,Finance,Data Analyst
16673,HR,Software Engineer
16674,Marketing,Software Engineer
16675,IT,Marketing Executive
16676,IT,Software Engineer
16677,Sales,Manager
16678,Sales,Trainer
16679,IT,Software Engineer
16680,Operations,Data Analyst
16681,Marketing,Software Engineer
16682,Finance,Software Engineer
16683,Marketing,Data Analyst
16684,Operations,Trainer
16685,Sales,Manager
16686,Operations,Manager
16687,HR,Trainer
16688,Finance,Software Engineer
16689,IT,Manager
16690,HR,Manager
16691,Sales,Data Analyst
16692,IT,Data Analyst
16693,IT,Trainer
16694,HR,Trainer
16695,Finance,Marketing Executive
16696,Finance,Data Analyst
16697,HR,Marketing Executive
16698,HR,Marketing Executive
16699,HR,Data Analyst
16700,Finance,Data Analyst
16701,Sales,Data Analyst
16702,HR,Trainer
16703,Operations,Trainer
16704,HR,Trainer
16705,Sales,Trainer
16706,IT,Trainer
16707,HR,Software Engineer
16708,IT,Manager
16709,Operations,Marketing Executive
16710,Operations,Software Engineer
16711,Sales,Software Engineer
16712,Finance,Trainer
16713,Operations,Manager
16714,HR,Marketing Executive
16715,Sales,Trainer
16716,Finance,Manager
16717,Operations,Manager
16718,Marketing,Software Engineer
16719,Operations,Trainer
16720,Marketing,Software Engineer
16721,Finance,Data Analyst
16722,Operations,Marketing Executive
16723,Finance,Trainer
16724,Finance,Software Engineer
16725,Sales,Manager
16726,Marketing,Trainer
16727,Sales,Marketing Executive
16728,Finance,Trainer
16729,Sales,Data Analyst
16730,HR,Data Analyst
16731,Operations,Data Analyst
16732,Marketing,Marketing Executive
16733,Marketing,Manager
16734,HR,Marketing Executive
16735,HR,Manager
16736,Sales,Software Engineer
16737,Marketing,Trainer
16738,IT,Software Engineer
16739,Operations,Software Engineer
16740,Finance,Trainer
16741,HR,Software Engineer
16742,HR,Manager
16743,Sales,Marketing Executive
16744,Finance,Software Engineer
16745,Operations,Trainer
16746,Sales,Manager
16747,Finance,Software Engineer
16748,Operations,Manager
16749,Sales,Software Engineer
16750,Marketing,Software Engineer
16751,Sales,Trainer
16752,Operations,Trainer
16753,HR,Data Analyst
16754,Finance,Data Analyst
16755,Marketing,Manager
16756,Finance,Trainer
16757,Finance,Software Engineer
16758,Marketing,Software Engineer
16759,IT,Data Analyst
16760,HR,Marketing Executive
16761,Sales,Software Engineer
16762,Operations,Marketing Executive
16763,Operations,Marketing Executive
16764,HR,Marketing Executive
16765,IT,Marketing Executive
16766,Finance,Marketing Executive
16767,Operations,Trainer
16768,Sales,Marketing Executive
16769,IT,Data Analyst
16770,Operations,Software Engineer
16771,Sales,Software Engineer
16772,HR,Software Engineer
16773,Finance,Data Analyst
16774,HR,Trainer
16775,HR,Data Analyst
16776,Sales,Data Analyst
16777,HR,Data Analyst
16778,Marketing,Data Analyst
16779,IT,Software Engineer
16780,Marketing,Manager
16781,Sales,Trainer
16782,Finance,Trainer
16783,Sales,Marketing Executive
16784,Operations,Software Engineer
16785,Finance,Data Analyst
16786,Finance,Marketing Executive
16787,Operations,Manager
16788,HR,Manager
16789,IT,Trainer
16790,Sales,Data Analyst
16791,Finance,Marketing Executive
16792,IT,Data Analyst
16793,Sales,Trainer
16794,Operations,Manager
16795,IT,Software Engineer
16796,Finance,Software Engineer
16797,Finance,Trainer
16798,Marketing,Software Engineer
16799,Operations,Manager
16800,Marketing,Data Analyst
16801,Finance,Data Analyst
16802,Sales,Software Engineer
16803,Operations,Marketing Executive
16804,Finance,Software Engineer
16805,Finance,Marketing Executive
16806,IT,Manager
16807,Sales,Manager
16808,Sales,Data Analyst
16809,Sales,Trainer
16810,Sales,Manager
16811,Sales,Data Analyst
16812,Sales,Marketing Executive
16813,Marketing,Manager
16814,Sales,Manager
16815,Finance,Manager
16816,IT,Trainer
16817,Sales,Manager
16818,Marketing,Manager
16819,Finance,Trainer
16820,IT,Software Engineer
16821,Finance,Trainer
16822,Marketing,Trainer
16823,Finance,Manager
16824,Sales,Manager
16825,Finance,Marketing Executive
16826,Sales,Data Analyst
16827,Sales,Trainer
16828,Marketing,Data Analyst
16829,Sales,Marketing Executive
16830,IT,Data Analyst
16831,HR,Trainer
16832,Marketing,Manager
16833,IT,Manager
16834,Marketing,Marketing Executive
16835,IT,Data Analyst
16836,Finance,Manager
16837,HR,Marketing Executive
16838,Operations,Manager
16839,Operations,Marketing Executive
16840,Finance,Software Engineer
16841,HR,Data Analyst
16842,Marketing,Trainer
16843,IT,Trainer
16844,Finance,Manager
16845,Finance,Trainer
16846,Operations,Marketing Executive
16847,HR,Marketing Executive
16848,Sales,Data Analyst
16849,Sales,Trainer
16850,HR,Marketing Executive
16851,IT,Software Engineer
16852,Operations,Manager
16853,HR,Marketing Executive
16854,Operations,Data Analyst
16855,Operations,Trainer
16856,Operations,Marketing Executive
16857,Sales,Marketing Executive
16858,Marketing,Marketing Executive
16859,Finance,Data Analyst
16860,Sales,Marketing Executive
16861,Operations,Trainer
16862,HR,Data Analyst
16863,Finance,Data Analyst
16864,Marketing,Manager
16865,Operations,Software Engineer
16866,Finance,Marketing Executive
16867,Marketing,Manager
16868,Operations,Data Analyst
16869,IT,Software Engineer
16870,Marketing,Software Engineer
16871,HR,Trainer
16872,Sales,Trainer
16873,Finance,Software Engineer
16874,Operations,Manager
16875,Sales,Trainer
16876,Operations,Marketing Executive
16877,Marketing,Manager
16878,HR,Software Engineer
16879,Sales,Data Analyst
16880,Marketing,Manager
16881,Sales,Software Engineer
16882,Finance,Marketing Executive
16883,Operations,Marketing Executive
16884,Finance,Manager
16885,Operations,Data Analyst
16886,Finance,Manager
16887,Sales,Manager
16888,Marketing,Trainer
16889,HR,Marketing Executive
16890,Finance,Trainer
16891,Marketing,Trainer
16892,Finance,Manager
16893,Sales,Software Engineer
16894,Sales,Marketing Executive
16895,Finance,Marketing Executive
16896,Operations,Marketing Executive
16897,Operations,Trainer
16898,HR,Data Analyst
16899,Marketing,Trainer
16900,IT,Marketing Executive
16901,IT,Marketing Executive
16902,Operations,Marketing Executive
16903,Marketing,Trainer
16904,IT,Data Analyst
16905,Finance,Data Analyst
16906,Finance,Trainer
16907,Operations,Manager
16908,IT,Marketing Executive
16909,IT,Marketing Executive
16910,HR,Trainer
16911,HR,Data Analyst
16912,HR,Marketing Executive
16913,IT,Trainer
16914,Operations,Software Engineer
16915,HR,Trainer
16916,Sales,Software Engineer
16917,Marketing,Marketing Executive
16918,Sales,Data Analyst
16919,Marketing,Trainer
16920,HR,Marketing Executive
16921,Finance,Trainer
16922,Operations,Marketing Executive
16923,Operations,Manager
16924,Operations,Manager
16925,HR,Marketing Executive
16926,Marketing,Manager
16927,IT,Marketing Executive
16928,IT,Marketing Executive
16929,Marketing,Trainer
16930,Marketing,Software Engineer
16931,HR,Marketing Executive
16932,IT,Manager
16933,HR,Software Engineer
16934,Operations,Data Analyst
16935,HR,Data Analyst
16936,Finance,Software Engineer
16937,IT,Data Analyst
16938,IT,Manager
16939,Operations,Trainer
16940,HR,Software Engineer
16941,Marketing,Manager
16942,Marketing,Marketing Executive
16943,Sales,Marketing Executive
16944,Sales,Software Engineer
16945,HR,Software Engineer
16946,Sales,Data Analyst
16947,Marketing,Software Engineer
16948,Sales,Manager
16949,Finance,Manager
16950,Sales,Trainer
16951,Sales,Data Analyst
16952,HR,Trainer
16953,IT,Software Engineer
16954,Finance,Data Analyst
16955,Marketing,Trainer
16956,Operations,Data Analyst
16957,IT,Trainer
16958,Operations,Trainer
16959,HR,Manager
16960,Operations,Manager
16961,IT,Manager
16962,Operations,Marketing Executive
16963,IT,Marketing Executive
16964,Marketing,Manager
16965,HR,Manager
16966,Operations,Software Engineer
16967,HR,Trainer
16968,IT,Marketing Executive
16969,HR,Marketing Executive
16970,HR,Marketing Executive
16971,Operations,Data Analyst
16972,HR,Software Engineer
16973,Marketing,Manager
16974,Sales,Trainer
16975,Sales,Marketing Executive
16976,Sales,Manager
16977,Operations,Trainer
16978,Operations,Software Engineer
16979,Finance,Data Analyst
16980,IT,Software Engineer
16981,IT,Marketing Executive
16982,Finance,Manager
16983,Operations,Data Analyst
16984,Marketing,Trainer
16985,Finance,Data Analyst
16986,Marketing,Trainer
16987,IT,Software Engineer
16988,HR,Manager
16989,Sales,Software Engineer
16990,IT,Software Engineer
16991,Finance,Data Analyst
16992,IT,Trainer
16993,IT,Marketing Executive
16994,IT,Trainer
16995,Sales,Data Analyst
16996,IT,Software Engineer
16997,Operations,Manager
16998,Operations,Software Engineer
16999,HR,Marketing Executive
17000,Operations,Data Analyst
17001,Operations,Trainer
17002,Sales,Software Engineer
17003,Finance,Software Engineer
17004,Sales,Marketing Executive
17005,Marketing,Marketing Executive
17006,IT,Manager
17007,Operations,Data Analyst
17008,Operations,Manager
17009,IT,Data Analyst
17010,Operations,Software Engineer
17011,Finance,Marketing Executive
17012,IT,Trainer
17013,Marketing,Data Analyst
17014,IT,Marketing Executive
17015,Operations,Software Engineer
17016,Operations,Software Engineer
17017,IT,Trainer
17018,Marketing,Software Engineer
17019,Sales,Data Analyst
17020,IT,Marketing Executive
17021,Sales,Software Engineer
17022,Sales,Trainer
17023,Operations,Software Engineer
17024,Finance,Software Engineer
17025,Finance,Software Engineer
17026,Marketing,Software Engineer
17027,Operations,Software Engineer
17028,Marketing,Marketing Executive
17029,Operations,Trainer
17030,Sales,Data Analyst
17031,Operations,Software Engineer
17032,Marketing,Software Engineer
17033,Operations,Trainer
17034,Finance,Marketing Executive
17035,Finance,Manager
17036,IT,Marketing Executive
17037,Sales,Manager
17038,Operations,Marketing Executive
17039,Operations,Software Engineer
17040,IT,Software Engineer
17041,Sales,Marketing Executive
17042,IT,Manager
17043,Operations,Marketing Executive
17044,IT,Trainer
17045,Sales,Data Analyst
17046,Marketing,Data Analyst
17047,Operations,Trainer
17048,Marketing,Trainer
17049,HR,Trainer
17050,Operations,Data Analyst
17051,Finance,Manager
17052,IT,Marketing Executive
17053,Finance,Trainer
17054,Marketing,Software Engineer
17055,HR,Data Analyst
17056,Marketing,Manager
17057,IT,Software Engineer
17058,Marketing,Software Engineer
17059,IT,Software Engineer
17060,Sales,Software Engineer
17061,IT,Marketing Executive
17062,IT,Manager
17063,Finance,Data Analyst
17064,IT,Software Engineer
17065,HR,Trainer
17066,IT,Software Engineer
17067,Marketing,Marketing Executive
17068,IT,Manager
17069,HR,Software Engineer
17070,Marketing,Software Engineer
17071,Finance,Marketing Executive
17072,Marketing,Manager
17073,Finance,Marketing Executive
17074,HR,Software Engineer
17075,Sales,Software Engineer
17076,Operations,Manager
17077,Operations,Marketing Executive
17078,HR,Software Engineer
17079,Sales,Trainer
17080,Sales,Marketing Executive
17081,Finance,Marketing Executive
17082,Finance,Software Engineer
17083,Operations,Trainer
17084,Sales,Software Engineer
17085,Sales,Data Analyst
17086,Operations,Manager
17087,HR,Data Analyst
17088,Sales,Data Analyst
17089,Marketing,Software Engineer
17090,Operations,Trainer
17091,HR,Marketing Executive
17092,Operations,Software Engineer
17093,IT,Trainer
17094,Sales,Marketing Executive
17095,Sales,Software Engineer
17096,Marketing,Manager
17097,Sales,Software Engineer
17098,Sales,Manager
17099,Finance,Trainer
17100,Operations,Trainer
17101,IT,Marketing Executive
17102,Marketing,Data Analyst
17103,Marketing,Trainer
17104,Operations,Marketing Executive
17105,IT,Manager
17106,HR,Marketing Executive
17107,IT,Manager
17108,Operations,Trainer
17109,Finance,Manager
17110,Finance,Manager
17111,Sales,Marketing Executive
17112,Operations,Software Engineer
17113,Marketing,Manager
17114,Sales,Marketing Executive
17115,Operations,Data Analyst
17116,Marketing,Data Analyst
17117,Sales,Marketing Executive
17118,Finance,Software Engineer
17119,IT,Software Engineer
17120,Sales,Data Analyst
17121,IT,Trainer
17122,HR,Data Analyst
17123,Sales,Trainer
17124,Sales,Software Engineer
17125,Finance,Data Analyst
17126,Sales,Data Analyst
17127,Operations,Marketing Executive
17128,Operations,Software Engineer
17129,Sales,Marketing Executive
17130,Finance,Software Engineer
17131,Marketing,Trainer
17132,Finance,Manager
17133,Finance,Manager
17134,HR,Software Engineer
17135,Operations,Trainer
17136,IT,Data Analyst
17137,Operations,Marketing Executive
17138,IT,Trainer
17139,Finance,Marketing Executive
17140,Operations,Software Engineer
17141,Marketing,Trainer
17142,Sales,Software Engineer
17143,Sales,Trainer
17144,Marketing,Marketing Executive
17145,Finance,Manager
17146,IT,Data Analyst
17147,Finance,Data Analyst
17148,Sales,Trainer
17149,Operations,Manager
17150,Finance,Software Engineer
17151,HR,Trainer
17152,Operations,Software Engineer
17153,HR,Trainer
17154,Operations,Trainer
17155,HR,Data Analyst
17156,Operations,Manager
17157,Marketing,Software Engineer
17158,Operations,Manager
17159,Operations,Software Engineer
17160,Operations,Data Analyst
17161,Operations,Software Engineer
17162,Finance,Manager
17163,IT,Marketing Executive
17164,Operations,Manager
17165,Operations,Trainer
17166,Sales,Marketing Executive
17167,HR,Software Engineer
17168,Operations,Marketing Executive
17169,IT,Software Engineer
17170,Sales,Marketing Executive
17171,IT,Trainer
17172,Finance,Data Analyst
17173,IT,Trainer
17174,HR,Manager
17175,Marketing,Marketing Executive
17176,IT,Manager
17177,Sales,Trainer
17178,IT,Software Engineer
17179,IT,Marketing Executive
17180,HR,Trainer
17181,Operations,Manager
17182,Marketing,Marketing Executive
17183,HR,Trainer
17184,IT,Marketing Executive
17185,Marketing,Trainer
17186,HR,Software Engineer
17187,Operations,Manager
17188,Finance,Trainer
17189,Finance,Data Analyst
17190,Marketing,Marketing Executive
17191,HR,Data Analyst
17192,Sales,Marketing Executive
17193,HR,Software Engineer
17194,Finance,Manager
17195,Finance,Data Analyst
17196,Marketing,Data Analyst
17197,Finance,Software Engineer
17198,IT,Marketing Executive
17199,HR,Software Engineer
17200,Marketing,Trainer
17201,Finance,Software Engineer
17202,IT,Trainer
17203,IT,Marketing Executive
17204,IT,Manager
17205,Sales,Software Engineer
17206,Operations,Data Analyst
17207,HR,Trainer
17208,Operations,Marketing Executive
17209,IT,Marketing Executive
17210,HR,Software Engineer
17211,Sales,Data Analyst
17212,Marketing,Marketing Executive
17213,IT,Trainer
17214,Finance,Trainer
17215,Finance,Marketing Executive
17216,Operations,Manager
17217,HR,Data Analyst
17218,Marketing,Marketing Executive
17219,Operations,Manager
17220,HR,Data Analyst
17221,Sales,Marketing Executive
17222,Finance,Software Engineer
17223,Marketing,Software Engineer
17224,Marketing,Data Analyst
17225,HR,Trainer
17226,IT,Software Engineer
17227,Operations,Software Engineer
17228,IT,Marketing Executive
17229,HR,Marketing Executive
17230,IT,Trainer
17231,Finance,Software Engineer
17232,Marketing,Marketing Executive
17233,HR,Software Engineer
17234,Marketing,Software Engineer
17235,HR,Marketing Executive
17236,Finance,Data Analyst
17237,Sales,Software Engineer
17238,IT,Marketing Executive
17239,IT,Trainer
17240,IT,Marketing Executive
17241,IT,Manager
17242,Operations,Trainer
17243,HR,Manager
17244,IT,Marketing Executive
17245,Finance,Trainer
17246,Operations,Trainer
17247,Marketing,Data Analyst
17248,Sales,Data Analyst
17249,HR,Manager
17250,Operations,Software Engineer
17251,IT,Marketing Executive
17252,Finance,Software Engineer
17253,Finance,Trainer
17254,IT,Software Engineer
17255,HR,Data Analyst
17256,Sales,Software Engineer
17257,Sales,Trainer
17258,Finance,Data Analyst
17259,Finance,Software Engineer
17260,Marketing,Marketing Executive
17261,IT,Data Analyst
17262,Finance,Marketing Executive
17263,Finance,Manager
17264,Operations,Software Engineer
17265,Marketing,Trainer
17266,Finance,Manager
17267,HR,Marketing Executive
17268,Finance,Trainer
17269,Finance,Trainer
17270,Marketing,Software Engineer
17271,IT,Manager
17272,Sales,Manager
17273,IT,Manager
17274,Sales,Trainer
17275,HR,Data Analyst
17276,HR,Manager
17277,Marketing,Marketing Executive
17278,Operations,Software Engineer
17279,Marketing,Marketing Executive
17280,HR,Manager
17281,Operations,Marketing Executive
17282,Sales,Manager
17283,Finance,Trainer
17284,Finance,Trainer
17285,HR,Trainer
17286,HR,Trainer
17287,IT,Software Engineer
17288,Marketing,Trainer
17289,Sales,Software Engineer
17290,Marketing,Trainer
17291,Sales,Trainer
17292,Operations,Marketing Executive
17293,HR,Data Analyst
17294,HR,Data Analyst
17295,Sales,Data Analyst
17296,Sales,Manager
17297,Operations,Software Engineer
17298,Sales,Data Analyst
17299,Operations,Software Engineer
17300,Sales,Trainer
17301,Operations,Marketing Executive
17302,Marketing,Trainer
17303,Marketing,Manager
17304,HR,Trainer
17305,Sales,Data Analyst
17306,Sales,Marketing Executive
17307,IT,Manager
17308,HR,Software Engineer
17309,Sales,Data Analyst
17310,IT,Manager
17311,Finance,Data Analyst
17312,Marketing,Manager
17313,Sales,Manager
17314,Marketing,Trainer
17315,Marketing,Trainer
17316,IT,Marketing Executive
17317,HR,Marketing Executive
17318,HR,Marketing Executive
17319,Sales,Marketing Executive
17320,HR,Data Analyst
17321,Marketing,Trainer
17322,Marketing,Marketing Executive
17323,Marketing,Data Analyst
17324,HR,Marketing Executive
17325,HR,Trainer
17326,Marketing,Manager
17327,HR,Data Analyst
17328,Finance,Manager
17329,Finance,Data Analyst
17330,Operations,Marketing Executive
17331,HR,Data Analyst
17332,HR,Manager
17333,Sales,Trainer
17334,Marketing,Data Analyst
17335,Operations,Data Analyst
17336,Marketing,Trainer
17337,IT,Manager
17338,HR,Software Engineer
17339,IT,Manager
17340,HR,Software Engineer
17341,Finance,Marketing Executive
17342,IT,Data Analyst
17343,Marketing,Manager
17344,Sales,Software Engineer
17345,HR,Manager
17346,IT,Marketing Executive
17347,IT,Software Engineer
17348,IT,Manager
17349,Marketing,Data Analyst
17350,Finance,Software Engineer
17351,Finance,Manager
17352,Operations,Marketing Executive
17353,Operations,Trainer
17354,IT,Trainer
17355,Operations,Trainer
17356,HR,Manager
17357,HR,Software Engineer
17358,IT,Data Analyst
17359,Operations,Marketing Executive
17360,Operations,Software Engineer
17361,Sales,Manager
17362,IT,Data Analyst
17363,Sales,Software Engineer
17364,Sales,Trainer
17365,Finance,Manager
17366,HR,Manager
17367,Sales,Manager
17368,Marketing,Manager
17369,Sales,Data Analyst
17370,Operations,Trainer
17371,Marketing,Software Engineer
17372,Operations,Trainer
17373,IT,Data Analyst
17374,IT,Manager
17375,IT,Software Engineer
17376,HR,Trainer
17377,Sales,Manager
17378,HR,Data Analyst
17379,Operations,Trainer
17380,IT,Marketing Executive
17381,Operations,Trainer
17382,Operations,Trainer
17383,HR,Marketing Executive
17384,Marketing,Data Analyst
17385,Sales,Marketing Executive
17386,Sales,Manager
17387,HR,Data Analyst
17388,Operations,Trainer
17389,IT,Data Analyst
17390,Marketing,Software Engineer
17391,Marketing,Software Engineer
17392,Marketing,Trainer
17393,Finance,Manager
17394,Sales,Manager
17395,Sales,Software Engineer
17396,Sales,Marketing Executive
17397,Operations,Marketing Executive
17398,Sales,Trainer
17399,Operations,Marketing Executive
17400,HR,Marketing Executive
17401,Marketing,Trainer
17402,IT,Trainer
17403,Marketing,Manager
17404,IT,Data Analyst
17405,Marketing,Marketing Executive
17406,Sales,Data Analyst
17407,HR,Marketing Executive
17408,HR,Trainer
17409,Operations,Trainer
17410,Operations,Data Analyst
17411,Sales,Marketing Executive
17412,Sales,Software Engineer
17413,Sales,Marketing Executive
17414,Finance,Manager
17415,Operations,Data Analyst
17416,IT,Data Analyst
17417,Operations,Manager
17418,Finance,Trainer
17419,IT,Trainer
17420,Marketing,Marketing Executive
17421,HR,Manager
17422,IT,Marketing Executive
17423,Marketing,Data Analyst
17424,Finance,Manager
17425,Marketing,Marketing Executive
17426,HR,Trainer
17427,IT,Software Engineer
17428,Operations,Manager
17429,HR,Manager
17430,IT,Data Analyst
17431,Marketing,Manager
17432,Finance,Manager
17433,Finance,Data Analyst
17434,Finance,Manager
17435,Finance,Trainer
17436,Sales,Marketing Executive
17437,Sales,Data Analyst
17438,IT,Manager
17439,IT,Data Analyst
17440,HR,Software Engineer
17441,Marketing,Data Analyst
17442,Finance,Data Analyst
17443,Operations,Manager
17444,Marketing,Data Analyst
17445,Operations,Software Engineer
17446,IT,Manager
17447,Sales,Data Analyst
17448,Operations,Software Engineer
17449,IT,Trainer
17450,HR,Software Engineer
17451,Operations,Marketing Executive
17452,Marketing,Trainer
17453,Marketing,Manager
17454,HR,Manager
17455,Operations,Software Engineer
17456,Operations,Data Analyst
17457,Marketing,Data Analyst
17458,Operations,Software Engineer
17459,Operations,Trainer
17460,HR,Data Analyst
17461,Operations,Manager
17462,Marketing,Trainer
17463,HR,Software Engineer
17464,IT,Trainer
17465,Finance,Trainer
17466,Operations,Trainer
17467,IT,Software Engineer
17468,IT,Manager
17469,Sales,Trainer
17470,Sales,Trainer
17471,Sales,Software Engineer
17472,IT,Software Engineer
17473,Marketing,Data Analyst
17474,Operations,Manager
17475,IT,Marketing Executive
17476,HR,Data Analyst
17477,IT,Manager
17478,IT,Marketing Executive
17479,Sales,Trainer
17480,Operations,Software Engineer
17481,Finance,Manager
17482,Operations,Manager
17483,Finance,Manager
17484,IT,Software Engineer
17485,Marketing,Software Engineer
17486,Finance,Data Analyst
17487,Finance,Software Engineer
17488,Sales,Manager
17489,Finance,Trainer
17490,Operations,Data Analyst
17491,Marketing,Data Analyst
17492,Operations,Data Analyst
17493,Sales,Data Analyst
17494,HR,Marketing Executive
17495,HR,Trainer
17496,Marketing,Trainer
17497,Finance,Data Analyst
17498,Marketing,Software Engineer
17499,Operations,Data Analyst
17500,Marketing,Marketing Executive
17501,Sales,Trainer
17502,Finance,Software Engineer
17503,HR,Trainer
17504,Operations,Data Analyst
17505,IT,Trainer
17506,Operations,Manager
17507,Finance,Manager
17508,Marketing,Trainer
17509,Sales,Trainer
17510,Operations,Trainer
17511,IT,Data Analyst
17512,Marketing,Software Engineer
17513,Marketing,Manager
17514,Marketing,Manager
17515,Operations,Data Analyst
17516,IT,Marketing Executive
17517,Sales,Marketing Executive
17518,Sales,Trainer
17519,HR,Marketing Executive
17520,Sales,Trainer
17521,HR,Software Engineer
17522,Marketing,Marketing Executive
17523,IT,Trainer
17524,Marketing,Trainer
17525,Marketing,Software Engineer
17526,Marketing,Manager
17527,Marketing,Trainer
17528,Marketing,Manager
17529,Marketing,Software Engineer
17530,IT,Trainer
17531,IT,Software Engineer
17532,Operations,Software Engineer
17533,Finance,Software Engineer
17534,Finance,Software Engineer
17535,Operations,Marketing Executive
17536,Operations,Software Engineer
17537,IT,Manager
17538,Marketing,Manager
17539,Operations,Manager
17540,HR,Marketing Executive
17541,Finance,Data Analyst
17542,Operations,Manager
17543,Marketing,Software Engineer
17544,Finance,Software Engineer
17545,Sales,Marketing Executive
17546,Operations,Software Engineer
17547,HR,Trainer
17548,Operations,Data Analyst
17549,HR,Manager
17550,Operations,Marketing Executive
17551,HR,Data Analyst
17552,HR,Marketing Executive
17553,Finance,Trainer
17554,Operations,Marketing Executive
17555,Sales,Marketing Executive
17556,IT,Data Analyst
17557,IT,Trainer
17558,Sales,Software Engineer
17559,Marketing,Marketing Executive
17560,Finance,Software Engineer
17561,IT,Data Analyst
17562,IT,Marketing Executive
17563,Finance,Data Analyst
17564,Marketing,Software Engineer
17565,Marketing,Manager
17566,Finance,Marketing Executive
17567,Finance,Manager
17568,Finance,Manager
17569,Sales,Marketing Executive
17570,Marketing,Data Analyst
17571,Sales,Data Analyst
17572,Sales,Manager
17573,Sales,Manager
17574,Marketing,Manager
17575,Operations,Trainer
17576,Operations,Marketing Executive
17577,IT,Software Engineer
17578,Operations,Marketing Executive
17579,HR,Manager
17580,Sales,Software Engineer
17581,Marketing,Trainer
17582,Finance,Software Engineer
17583,Marketing,Marketing Executive
17584,Marketing,Marketing Executive
17585,Finance,Trainer
17586,Finance,Trainer
17587,Operations,Manager
17588,Operations,Manager
17589,Marketing,Data Analyst
17590,Marketing,Trainer
17591,HR,Manager
17592,Operations,Data Analyst
17593,Operations,Software Engineer
17594,Finance,Data Analyst
17595,Operations,Trainer
17596,Marketing,Data Analyst
17597,HR,Manager
17598,Sales,Marketing Executive
17599,IT,Software Engineer
17600,Marketing,Manager
17601,IT,Trainer
17602,HR,Trainer
17603,Operations,Data Analyst
17604,IT,Marketing Executive
17605,HR,Manager
17606,HR,Data Analyst
17607,Operations,Trainer
17608,Finance,Software Engineer
17609,IT,Data Analyst
17610,Sales,Trainer
17611,Marketing,Marketing Executive
17612,Sales,Data Analyst
17613,Finance,Marketing Executive
17614,Marketing,Software Engineer
17615,IT,Software Engineer
17616,HR,Marketing Executive
17617,Operations,Manager
17618,HR,Manager
17619,IT,Manager
17620,HR,Trainer
17621,Finance,Software Engineer
17622,Operations,Marketing Executive
17623,Marketing,Software Engineer
17624,Finance,Trainer
17625,HR,Manager
17626,Finance,Trainer
17627,HR,Trainer
17628,Operations,Software Engineer
17629,Marketing,Data Analyst
17630,Finance,Marketing Executive
17631,Marketing,Software Engineer
17632,Operations,Data Analyst
17633,Sales,Trainer
17634,Marketing,Software Engineer
17635,Operations,Data Analyst
17636,IT,Manager
17637,Sales,Data Analyst
17638,Marketing,Data Analyst
17639,Marketing,Trainer
17640,Operations,Software Engineer
17641,Sales,Data Analyst
17642,Marketing,Software Engineer
17643,Sales,Marketing Executive
17644,HR,Marketing Executive
17645,HR,Trainer
17646,Operations,Marketing Executive
17647,Operations,Software Engineer
17648,IT,Software Engineer
17649,IT,Software Engineer
17650,IT,Manager
17651,Sales,Data Analyst
17652,Marketing,Trainer
17653,IT,Marketing Executive
17654,Operations,Data Analyst
17655,IT,Manager
17656,Sales,Software Engineer
17657,HR,Manager
17658,Sales,Marketing Executive
17659,Sales,Manager
17660,Operations,Software Engineer
17661,HR,Marketing Executive
17662,Marketing,Software Engineer
17663,Sales,Manager
17664,IT,Marketing Executive
17665,Operations,Trainer
17666,Sales,Data Analyst
17667,Marketing,Software Engineer
17668,IT,Trainer
17669,IT,Data Analyst
17670,IT,Data Analyst
17671,HR,Manager
17672,IT,Manager
17673,Marketing,Software Engineer
17674,HR,Software Engineer
17675,IT,Manager
17676,Marketing,Software Engineer
17677,Marketing,Manager
17678,Sales,Manager
17679,Sales,Trainer
17680,Finance,Trainer
17681,Operations,Marketing Executive
17682,Marketing,Data Analyst
17683,Operations,Marketing Executive
17684,Sales,Software Engineer
17685,Marketing,Manager
17686,IT,Data Analyst
17687,HR,Software Engineer
17688,Operations,Trainer
17689,Operations,Data Analyst
17690,IT,Trainer
17691,HR,Software Engineer
17692,Marketing,Manager
17693,Marketing,Marketing Executive
17694,HR,Software Engineer
17695,Marketing,Trainer
17696,Marketing,Manager
17697,Operations,Software Engineer
17698,Marketing,Software Engineer
17699,HR,Marketing Executive
17700,IT,Marketing Executive
17701,Finance,Trainer
17702,Operations,Marketing Executive
17703,HR,Marketing Executive
17704,Sales,Marketing Executive
17705,IT,Trainer
17706,Finance,Marketing Executive
17707,Marketing,Trainer
17708,IT,Data Analyst
17709,Operations,Software Engineer
17710,Marketing,Software Engineer
17711,IT,Trainer
17712,IT,Software Engineer
17713,HR,Software Engineer
17714,Operations,Trainer
17715,Sales,Software Engineer
17716,Operations,Trainer
17717,Marketing,Software Engineer
17718,Sales,Manager
17719,HR,Manager
17720,IT,Manager
17721,Marketing,Software Engineer
17722,Finance,Marketing Executive
17723,Finance,Marketing Executive
17724,HR,Manager
17725,Operations,Software Engineer
17726,Finance,Trainer
17727,Sales,Trainer
17728,Sales,Trainer
17729,Operations,Marketing Executive
17730,Finance,Trainer
17731,Marketing,Manager
17732,Finance,Data Analyst
17733,Sales,Data Analyst
17734,Marketing,Data Analyst
17735,Finance,Trainer
17736,Finance,Trainer
17737,Operations,Trainer
17738,IT,Marketing Executive
17739,Finance,Data Analyst
17740,IT,Marketing Executive
17741,Operations,Marketing Executive
17742,Finance,Marketing Executive
17743,Marketing,Marketing Executive
17744,Marketing,Marketing Executive
17745,HR,Data Analyst
17746,Finance,Manager
17747,Operations,Trainer
17748,Finance,Manager
17749,IT,Software Engineer
17750,Marketing,Marketing Executive
17751,Marketing,Manager
17752,Operations,Manager
17753,Sales,Marketing Executive
17754,Sales,Software Engineer
17755,HR,Software Engineer
17756,Sales,Trainer
17757,Finance,Marketing Executive
17758,Finance,Marketing Executive
17759,HR,Data Analyst
17760,HR,Software Engineer
17761,IT,Manager
17762,HR,Data Analyst
17763,Operations,Marketing Executive
17764,IT,Manager
17765,IT,Marketing Executive
17766,Sales,Manager
17767,IT,Manager
17768,Sales,Software Engineer
17769,IT,Manager
17770,IT,Manager
17771,HR,Trainer
17772,IT,Software Engineer
17773,IT,Manager
17774,IT,Marketing Executive
17775,Finance,Marketing Executive
17776,Sales,Marketing Executive
17777,Operations,Software Engineer
17778,IT,Manager
17779,Operations,Data Analyst
17780,Marketing,Trainer
17781,Finance,Data Analyst
17782,Sales,Manager
17783,Marketing,Trainer
17784,Sales,Trainer
17785,Operations,Marketing Executive
17786,IT,Manager
17787,Sales,Software Engineer
17788,HR,Data Analyst
17789,Finance,Marketing Executive
17790,Finance,Data Analyst
17791,Sales,Software Engineer
17792,Marketing,Manager
17793,Sales,Software Engineer
17794,Marketing,Data Analyst
17795,Sales,Data Analyst
17796,Marketing,Data Analyst
17797,Sales,Data Analyst
17798,Marketing,Marketing Executive
17799,Operations,Software Engineer
17800,HR,Software Engineer
17801,Sales,Marketing Executive
17802,Finance,Manager
17803,IT,Marketing Executive
17804,Operations,Manager
17805,IT,Data Analyst
17806,Operations,Data Analyst
17807,IT,Marketing Executive
17808,Sales,Trainer
17809,Marketing,Manager
17810,Operations,Marketing Executive
17811,Operations,Trainer
17812,IT,Marketing Executive
17813,Operations,Software Engineer
17814,HR,Manager
17815,Sales,Marketing Executive
17816,Operations,Software Engineer
17817,Sales,Marketing Executive
17818,Finance,Software Engineer
17819,Finance,Manager
17820,IT,Marketing Executive
17821,Operations,Trainer
17822,Finance,Marketing Executive
17823,Finance,Manager
17824,Operations,Software Engineer
17825,Finance,Software Engineer
17826,Operations,Data Analyst
17827,IT,Marketing Executive
17828,HR,Marketing Executive
17829,Marketing,Manager
17830,HR,Manager
17831,Marketing,Data Analyst
17832,HR,Marketing Executive
17833,Marketing,Data Analyst
17834,HR,Data Analyst
17835,Sales,Data Analyst
17836,Marketing,Manager
17837,Sales,Software Engineer
17838,Marketing,Marketing Executive
17839,Operations,Software Engineer
17840,Sales,Data Analyst
17841,HR,Data Analyst
17842,IT,Manager
17843,HR,Trainer
17844,HR,Software Engineer
17845,HR,Manager
17846,Finance,Trainer
17847,HR,Trainer
17848,Marketing,Software Engineer
17849,Marketing,Trainer
17850,Sales,Marketing Executive
17851,HR,Manager
17852,Sales,Manager
17853,Sales,Trainer
17854,Operations,Trainer
17855,Sales,Software Engineer
17856,HR,Trainer
17857,IT,Marketing Executive
17858,Marketing,Software Engineer
17859,Operations,Trainer
17860,Sales,Marketing Executive
17861,IT,Manager
17862,Sales,Manager
17863,IT,Trainer
17864,Marketing,Data Analyst
17865,Sales,Trainer
17866,Operations,Software Engineer
17867,HR,Data Analyst
17868,HR,Software Engineer
17869,Operations,Marketing Executive
17870,Sales,Marketing Executive
17871,Marketing,Data Analyst
17872,Marketing,Trainer
17873,HR,Manager
17874,IT,Data Analyst
17875,Operations,Trainer
17876,Sales,Marketing Executive
17877,Operations,Trainer
17878,Sales,Trainer
17879,Finance,Manager
17880,Marketing,Software Engineer
17881,Operations,Trainer
17882,Operations,Trainer
17883,Sales,Marketing Executive
17884,HR,Data Analyst
17885,Sales,Data Analyst
17886,Marketing,Manager
17887,Finance,Marketing Executive
17888,Marketing,Trainer
17889,IT,Marketing Executive
17890,Finance,Software Engineer
17891,Operations,Manager
17892,IT,Software Engineer
17893,Marketing,Trainer
17894,Marketing,Manager
17895,HR,Marketing Executive
17896,Finance,Marketing Executive
17897,Operations,Marketing Executive
17898,Operations,Manager
17899,Marketing,Software Engineer
17900,IT,Data Analyst
17901,Marketing,Manager
17902,Operations,Software Engineer
17903,Finance,Data Analyst
17904,Finance,Data Analyst
17905,IT,Software Engineer
17906,Finance,Manager
17907,HR,Trainer
17908,Marketing,Manager
17909,Finance,Trainer
17910,IT,Marketing Executive
17911,Finance,Software Engineer
17912,Finance,Marketing Executive
17913,Sales,Software Engineer
17914,Sales,Data Analyst
17915,Marketing,Manager
17916,Operations,Marketing Executive
17917,IT,Manager
17918,IT,Manager
17919,IT,Manager
17920,Sales,Trainer
17921,HR,Trainer
17922,Sales,Software Engineer
17923,Sales,Marketing Executive
17924,HR,Marketing Executive
17925,Sales,Data Analyst
17926,IT,Trainer
17927,Operations,Marketing Executive
17928,Sales,Data Analyst
17929,IT,Manager
17930,IT,Data Analyst
17931,Marketing,Marketing Executive
17932,IT,Data Analyst
17933,Operations,Manager
17934,HR,Trainer
17935,IT,Marketing Executive
17936,Finance,Software Engineer
17937,IT,Marketing Executive
17938,Marketing,Manager
17939,Marketing,Manager
17940,Finance,Marketing Executive
17941,Operations,Marketing Executive
17942,Operations,Software Engineer
17943,Operations,Trainer
17944,Finance,Data Analyst
17945,Finance,Manager
17946,Marketing,Software Engineer
17947,HR,Data Analyst
17948,Marketing,Software Engineer
17949,HR,Trainer
17950,IT,Marketing Executive
17951,HR,Manager
17952,Sales,Marketing Executive
17953,Marketing,Software Engineer
17954,Sales,Marketing Executive
17955,Sales,Trainer
17956,Marketing,Marketing Executive
17957,Operations,Software Engineer
17958,Operations,Data Analyst
17959,Operations,Software Engineer
17960,Marketing,Data Analyst
17961,Finance,Manager
17962,HR,Marketing Executive
17963,Marketing,Trainer
17964,Sales,Software Engineer
17965,Marketing,Software Engineer
17966,IT,Marketing Executive
17967,Operations,Marketing Executive
17968,Operations,Software Engineer
17969,HR,Manager
17970,IT,Trainer
17971,Finance,Marketing Executive
17972,IT,Trainer
17973,Marketing,Marketing Executive
17974,Sales,Data Analyst
17975,HR,Marketing Executive
17976,Operations,Trainer
17977,Operations,Software Engineer
17978,Marketing,Data Analyst
17979,IT,Data Analyst
17980,Marketing,Marketing Executive
17981,Finance,Software Engineer
17982,Marketing,Data Analyst
17983,HR,Marketing Executive
17984,Finance,Marketing Executive
17985,Marketing,Trainer
17986,Sales,Manager
17987,Finance,Manager
17988,Operations,Trainer
17989,Finance,Trainer
17990,Sales,Data Analyst
17991,Sales,Marketing Executive
17992,HR,Data Analyst
17993,Sales,Software Engineer
17994,Sales,Data Analyst
17995,Sales,Marketing Executive
17996,Operations,Data Analyst
17997,Sales,Data Analyst
17998,Finance,Marketing Executive
17999,Finance,Trainer
18000,Marketing,Software Engineer
18001,Marketing,Data Analyst
18002,Finance,Software Engineer
18003,Sales,Trainer
18004,Sales,Software Engineer
18005,Finance,Data Analyst
18006,Marketing,Marketing Executive
18007,Marketing,Software Engineer
18008,IT,Marketing Executive
18009,HR,Marketing Executive
18010,HR,Trainer
18011,Sales,Marketing Executive
18012,IT,Manager
18013,Finance,Data Analyst
18014,Finance,Software Engineer
18015,IT,Software Engineer
18016,Operations,Marketing Executive
18017,HR,Marketing Executive
18018,Sales,Software Engineer
18019,HR,Software Engineer
18020,HR,Marketing Executive
18021,Operations,Marketing Executive
18022,HR,Trainer
18023,IT,Software Engineer
18024,HR,Data Analyst
18025,Finance,Data Analyst
18026,IT,Data Analyst
18027,Sales,Manager
18028,Marketing,Trainer
18029,IT,Trainer
18030,Finance,Trainer
18031,IT,Software Engineer
18032,IT,Marketing Executive
18033,Marketing,Manager
18034,HR,Marketing Executive
18035,Operations,Software Engineer
18036,Marketing,Software Engineer
18037,Operations,Data Analyst
18038,Operations,Data Analyst
18039,Marketing,Manager
18040,HR,Trainer
18041,Finance,Manager
18042,Marketing,Trainer
18043,Finance,Software Engineer
18044,IT,Software Engineer
18045,HR,Software Engineer
18046,Operations,Data Analyst
18047,IT,Data Analyst
18048,HR,Data Analyst
18049,IT,Marketing Executive
18050,Sales,Trainer
18051,Finance,Data Analyst
18052,Finance,Marketing Executive
18053,IT,Data Analyst
18054,Finance,Marketing Executive
18055,Operations,Software Engineer
18056,IT,Manager
18057,Operations,Data Analyst
18058,IT,Data Analyst
18059,HR,Manager
18060,Finance,Software Engineer
18061,IT,Manager
18062,Sales,Marketing Executive
18063,HR,Data Analyst
18064,IT,Data Analyst
18065,IT,Marketing Executive
18066,Sales,Software Engineer
18067,HR,Trainer
18068,Operations,Data Analyst
18069,Operations,Data Analyst
18070,HR,Marketing Executive
18071,IT,Data Analyst
18072,Operations,Manager
18073,Marketing,Trainer
18074,Operations,Manager
18075,Marketing,Trainer
18076,Finance,Trainer
18077,Sales,Marketing Executive
18078,Finance,Manager
18079,Finance,Marketing Executive
18080,HR,Software Engineer
18081,HR,Manager
18082,Sales,Trainer
18083,HR,Manager
18084,HR,Trainer
18085,Sales,Marketing Executive
18086,Sales,Software Engineer
18087,Marketing,Marketing Executive
18088,HR,Marketing Executive
18089,Operations,Marketing Executive
18090,HR,Trainer
18091,Marketing,Software Engineer
18092,Finance,Trainer
18093,Finance,Trainer
18094,IT,Manager
18095,Marketing,Manager
18096,Sales,Manager
18097,HR,Marketing Executive
18098,Operations,Software Engineer
18099,HR,Trainer
18100,Operations,Marketing Executive
18101,Sales,Trainer
18102,Marketing,Marketing Executive
18103,Sales,Marketing Executive
18104,Finance,Marketing Executive
18105,Sales,Trainer
18106,Operations,Software Engineer
18107,Sales,Software Engineer
18108,IT,Software Engineer
18109,Finance,Manager
18110,Marketing,Data Analyst
18111,Sales,Trainer
18112,Finance,Trainer
18113,Sales,Marketing Executive
18114,IT,Software Engineer
18115,Operations,Trainer
18116,Marketing,Trainer
18117,Operations,Marketing Executive
18118,IT,Software Engineer
18119,Marketing,Marketing Executive
18120,Sales,Manager
18121,Finance,Software Engineer
18122,Finance,Data Analyst
18123,Finance,Manager
18124,HR,Trainer
18125,IT,Software Engineer
18126,Sales,Data Analyst
18127,Marketing,Marketing Executive
18128,Marketing,Marketing Executive
18129,Sales,Marketing Executive
18130,Operations,Software Engineer
18131,Sales,Data Analyst
18132,HR,Marketing Executive
18133,Marketing,Manager
18134,Finance,Software Engineer
18135,Finance,Manager
18136,IT,Software Engineer
18137,Finance,Marketing Executive
18138,Operations,Manager
18139,Sales,Trainer
18140,Finance,Marketing Executive
18141,Marketing,Manager
18142,HR,Data Analyst
18143,Finance,Manager
18144,IT,Trainer
18145,Marketing,Software Engineer
18146,HR,Marketing Executive
18147,Sales,Data Analyst
18148,HR,Data Analyst
18149,Finance,Software Engineer
18150,IT,Software Engineer
18151,HR,Manager
18152,Finance,Software Engineer
18153,Finance,Marketing Executive
18154,Operations,Data Analyst
18155,HR,Marketing Executive
18156,Sales,Manager
18157,HR,Data Analyst
18158,Sales,Data Analyst
18159,Operations,Trainer
18160,IT,Software Engineer
18161,Sales,Manager
18162,Finance,Data Analyst
18163,IT,Manager
18164,Sales,Trainer
18165,Operations,Software Engineer
18166,Marketing,Trainer
18167,HR,Trainer
18168,Sales,Trainer
18169,Operations,Software Engineer
18170,Operations,Data Analyst
18171,Marketing,Marketing Executive
18172,Operations,Data Analyst
18173,Finance,Data Analyst
18174,Finance,Marketing Executive
18175,Sales,Trainer
18176,Operations,Trainer
18177,Finance,Data Analyst
18178,Finance,Data Analyst
18179,Marketing,Data Analyst
18180,Operations,Software Engineer
18181,Marketing,Software Engineer
18182,HR,Marketing Executive
18183,Finance,Marketing Executive
18184,Marketing,Software Engineer
18185,Operations,Data Analyst
18186,Finance,Software Engineer
18187,HR,Marketing Executive
18188,Sales,Data Analyst
18189,Operations,Data Analyst
18190,HR,Software Engineer
18191,IT,Manager
18192,IT,Marketing Executive
18193,Finance,Data Analyst
18194,Marketing,Data Analyst
18195,Marketing,Software Engineer
18196,Finance,Manager
18197,Operations,Manager
18198,Operations,Marketing Executive
18199,Marketing,Data Analyst
18200,Marketing,Marketing Executive
18201,Finance,Manager
18202,Operations,Trainer
18203,Operations,Data Analyst
18204,Operations,Manager
18205,Operations,Marketing Executive
18206,IT,Data Analyst
18207,IT,Marketing Executive
18208,Sales,Marketing Executive
18209,Operations,Manager
18210,IT,Data Analyst
18211,Marketing,Trainer
18212,Finance,Trainer
18213,Operations,Trainer
18214,Sales,Software Engineer
18215,Sales,Marketing Executive
18216,Sales,Trainer
18217,IT,Trainer
18218,Operations,Marketing Executive
18219,Operations,Manager
18220,Finance,Manager
18221,HR,Trainer
18222,IT,Software Engineer
18223,Finance,Software Engineer
18224,Marketing,Marketing Executive
18225,Operations,Trainer
18226,HR,Software Engineer
18227,Marketing,Trainer
18228,Finance,Marketing Executive
18229,Marketing,Software Engineer
18230,Operations,Software Engineer
18231,Marketing,Marketing Executive
18232,HR,Trainer
18233,Marketing,Manager
18234,Marketing,Marketing Executive
18235,HR,Data Analyst
18236,Operations,Data Analyst
18237,Sales,Software Engineer
18238,Operations,Manager
18239,Finance,Software Engineer
18240,Sales,Marketing Executive
18241,IT,Trainer
18242,Sales,Manager
18243,Operations,Software Engineer
18244,Marketing,Trainer
18245,Sales,Trainer
18246,Sales,Software Engineer
18247,Operations,Software Engineer
18248,HR,Software Engineer
18249,Operations,Marketing Executive
18250,Sales,Software Engineer
18251,Sales,Manager
18252,Finance,Software Engineer
18253,IT,Software Engineer
18254,IT,Trainer
18255,Marketing,Manager
18256,Sales,Marketing Executive
18257,Finance,Marketing Executive
18258,Sales,Trainer
18259,HR,Marketing Executive
18260,Marketing,Manager
18261,HR,Trainer
18262,Finance,Software Engineer
18263,HR,Trainer
18264,Marketing,Trainer
18265,Operations,Software Engineer
18266,Marketing,Manager
18267,HR,Marketing Executive
18268,Finance,Data Analyst
18269,Sales,Software Engineer
18270,Finance,Marketing Executive
18271,Marketing,Data Analyst
18272,IT,Data Analyst
18273,Sales,Software Engineer
18274,Sales,Trainer
18275,HR,Marketing Executive
18276,HR,Data Analyst
18277,IT,Software Engineer
18278,IT,Trainer
18279,Sales,Trainer
18280,Sales,Software Engineer
18281,HR,Manager
18282,Marketing,Data Analyst
18283,Sales,Data Analyst
18284,Operations,Trainer
18285,Operations,Marketing Executive
18286,Finance,Trainer
18287,HR,Manager
18288,Finance,Manager
18289,HR,Manager
18290,Sales,Data Analyst
18291,Operations,Marketing Executive
18292,Operations,Manager
18293,Operations,Software Engineer
18294,IT,Data Analyst
18295,HR,Data Analyst
18296,IT,Marketing Executive
18297,Marketing,Trainer
18298,HR,Software Engineer
18299,Finance,Data Analyst
18300,Sales,Data Analyst
18301,Marketing,Software Engineer
18302,HR,Software Engineer
18303,Sales,Software Engineer
18304,Marketing,Data Analyst
18305,Operations,Manager
18306,Operations,Trainer
18307,HR,Manager
18308,HR,Software Engineer
18309,Finance,Trainer
18310,Marketing,Data Analyst
18311,HR,Data Analyst
18312,Operations,Manager
18313,Sales,Data Analyst
18314,Marketing,Trainer
18315,Marketing,Marketing Executive
18316,IT,Data Analyst
18317,Finance,Software Engineer
18318,IT,Data Analyst
18319,Operations,Marketing Executive
18320,Marketing,Software Engineer
18321,Finance,Marketing Executive
18322,Operations,Software Engineer
18323,Marketing,Software Engineer
18324,Operations,Software Engineer
18325,IT,Software Engineer
18326,HR,Software Engineer
18327,Finance,Manager
18328,Marketing,Manager
18329,Marketing,Software Engineer
18330,HR,Manager
18331,Operations,Marketing Executive
18332,HR,Marketing Executive
18333,HR,Software Engineer
18334,Finance,Data Analyst
18335,Finance,Software Engineer
18336,IT,Manager
18337,Finance,Data Analyst
18338,HR,Software Engineer
18339,IT,Marketing Executive
18340,Operations,Software Engineer
18341,Finance,Software Engineer
18342,Finance,Manager
18343,Operations,Marketing Executive
18344,Sales,Data Analyst
18345,Finance,Marketing Executive
18346,IT,Marketing Executive
18347,Finance,Data Analyst
18348,IT,Manager
18349,Sales,Manager
18350,Marketing,Manager
18351,IT,Trainer
18352,IT,Software Engineer
18353,HR,Manager
18354,Finance,Data Analyst
18355,Marketing,Manager
18356,Marketing,Software Engineer
18357,Marketing,Data Analyst
18358,Sales,Software Engineer
18359,Finance,Manager
18360,Marketing,Software Engineer
18361,IT,Manager
18362,Marketing,Data Analyst
18363,IT,Marketing Executive
18364,IT,Manager
18365,HR,Data Analyst
18366,Operations,Software Engineer
18367,Marketing,Marketing Executive
18368,Sales,Data Analyst
18369,Finance,Trainer
18370,Operations,Data Analyst
18371,Operations,Data Analyst
18372,Marketing,Manager
18373,Operations,Manager
18374,Marketing,Trainer
18375,Finance,Data Analyst
18376,Marketing,Data Analyst
18377,IT,Marketing Executive
18378,Finance,Marketing Executive
18379,Operations,Software Engineer
18380,Marketing,Software Engineer
18381,HR,Data Analyst
18382,HR,Marketing Executive
18383,Operations,Marketing Executive
18384,IT,Marketing Executive
18385,IT,Manager
18386,IT,Manager
18387,HR,Software Engineer
18388,HR,Data Analyst
18389,Sales,Manager
18390,Finance,Marketing Executive
18391,Finance,Marketing Executive
18392,Operations,Software Engineer
18393,IT,Software Engineer
18394,Operations,Trainer
18395,Operations,Software Engineer
18396,IT,Software Engineer
18397,Sales,Trainer
18398,HR,Software Engineer
18399,Marketing,Data Analyst
18400,Marketing,Manager
18401,Marketing,Software Engineer
18402,Operations,Manager
18403,Sales,Manager
18404,Marketing,Trainer
18405,Marketing,Manager
18406,Operations,Data Analyst
18407,IT,Marketing Executive
18408,IT,Manager
18409,Sales,Data Analyst
18410,HR,Trainer
18411,Sales,Trainer
18412,IT,Data Analyst
18413,Operations,Software Engineer
18414,HR,Trainer
18415,Finance,Marketing Executive
18416,IT,Trainer
18417,Sales,Trainer
18418,Marketing,Software Engineer
18419,Sales,Marketing Executive
18420,Marketing,Manager
18421,Finance,Marketing Executive
18422,Operations,Manager
18423,Operations,Trainer
18424,Operations,Software Engineer
18425,Finance,Trainer
18426,Operations,Data Analyst
18427,Finance,Trainer
18428,HR,Data Analyst
18429,Operations,Data Analyst
18430,IT,Software Engineer
18431,Sales,Software Engineer
18432,Operations,Marketing Executive
18433,HR,Manager
18434,Operations,Marketing Executive
18435,HR,Data Analyst
18436,Operations,Marketing Executive
18437,IT,Software Engineer
18438,Sales,Marketing Executive
18439,IT,Data Analyst
18440,Operations,Trainer
18441,IT,Marketing Executive
18442,IT,Data Analyst
18443,Sales,Data Analyst
18444,Sales,Data Analyst
18445,HR,Data Analyst
18446,HR,Marketing Executive
18447,Finance,Marketing Executive
18448,IT,Trainer
18449,IT,Marketing Executive
18450,Finance,Manager
18451,HR,Data Analyst
18452,Sales,Trainer
18453,Operations,Software Engineer
18454,Finance,Marketing Executive
18455,IT,Software Engineer
18456,Marketing,Manager
18457,IT,Manager
18458,Sales,Software Engineer
18459,IT,Trainer
18460,Marketing,Trainer
18461,Finance,Software Engineer
18462,Marketing,Manager
18463,Sales,Manager
18464,HR,Marketing Executive
18465,IT,Manager
18466,Finance,Data Analyst
18467,Operations,Marketing Executive
18468,Marketing,Trainer
18469,IT,Manager
18470,Marketing,Trainer
18471,Finance,Software Engineer
18472,IT,Manager
18473,Finance,Manager
18474,Marketing,Trainer
18475,IT,Data Analyst
18476,Marketing,Trainer
18477,Sales,Software Engineer
18478,Operations,Trainer
18479,Marketing,Marketing Executive
18480,HR,Manager
18481,IT,Manager
18482,IT,Software Engineer
18483,HR,Trainer
18484,Sales,Marketing Executive
18485,Sales,Software Engineer
18486,Marketing,Marketing Executive
18487,IT,Marketing Executive
18488,Operations,Software Engineer
18489,HR,Manager
18490,Finance,Marketing Executive
18491,Marketing,Trainer
18492,Finance,Data Analyst
18493,Finance,Data Analyst
18494,Operations,Trainer
18495,HR,Trainer
18496,HR,Marketing Executive
18497,Operations,Data Analyst
18498,Marketing,Marketing Executive
18499,Operations,Software Engineer
18500,HR,Marketing Executive
18501,Sales,Software Engineer
18502,Operations,Manager
18503,IT,Manager
18504,IT,Trainer
18505,Finance,Data Analyst
18506,HR,Marketing Executive
18507,HR,Software Engineer
18508,HR,Data Analyst
18509,IT,Data Analyst
18510,Operations,Manager
18511,Marketing,Manager
18512,Finance,Trainer
18513,Sales,Data Analyst
18514,Sales,Marketing Executive
18515,Marketing,Marketing Executive
18516,Sales,Trainer
18517,Sales,Software Engineer
18518,IT,Manager
18519,Operations,Software Engineer
18520,Finance,Marketing Executive
18521,Marketing,Trainer
18522,Finance,Software Engineer
18523,Sales,Data Analyst
18524,IT,Marketing Executive
18525,IT,Data Analyst
18526,Operations,Software Engineer
18527,HR,Marketing Executive
18528,Marketing,Trainer
18529,Marketing,Marketing Executive
18530,Finance,Manager
18531,Operations,Trainer
18532,Sales,Software Engineer
18533,Marketing,Marketing Executive
18534,HR,Data Analyst
18535,Operations,Data Analyst
18536,HR,Trainer
18537,Sales,Software Engineer
18538,IT,Trainer
18539,Finance,Marketing Executive
18540,HR,Marketing Executive
18541,Sales,Software Engineer
18542,Finance,Trainer
18543,Finance,Marketing Executive
18544,Marketing,Marketing Executive
18545,IT,Trainer
18546,Operations,Trainer
18547,Marketing,Manager
18548,IT,Trainer
18549,IT,Manager
18550,Sales,Data Analyst
18551,IT,Software Engineer
18552,HR,Software Engineer
18553,Sales,Manager
18554,HR,Trainer
18555,Sales,Marketing Executive
18556,Operations,Software Engineer
18557,HR,Software Engineer
18558,IT,Software Engineer
18559,Finance,Marketing Executive
18560,HR,Trainer
18561,Operations,Trainer
18562,HR,Marketing Executive
18563,Operations,Data Analyst
18564,IT,Marketing Executive
18565,IT,Data Analyst
18566,Marketing,Manager
18567,Marketing,Software Engineer
18568,Operations,Marketing Executive
18569,HR,Marketing Executive
18570,Sales,Data Analyst
18571,Marketing,Marketing Executive
18572,Marketing,Manager
18573,Finance,Marketing Executive
18574,Finance,Manager
18575,Operations,Software Engineer
18576,Finance,Data Analyst
18577,HR,Software Engineer
18578,Finance,Trainer
18579,Sales,Data Analyst
18580,IT,Software Engineer
18581,Marketing,Data Analyst
18582,HR,Software Engineer
18583,HR,Data Analyst
18584,Marketing,Marketing Executive
18585,HR,Marketing Executive
18586,IT,Data Analyst
18587,Marketing,Marketing Executive
18588,Operations,Marketing Executive
18589,Marketing,Manager
18590,Marketing,Marketing Executive
18591,IT,Software Engineer
18592,Finance,Marketing Executive
18593,Marketing,Manager
18594,Marketing,Marketing Executive
18595,HR,Software Engineer
18596,Sales,Data Analyst
18597,IT,Data Analyst
18598,HR,Marketing Executive
18599,Marketing,Software Engineer
18600,HR,Manager
18601,IT,Trainer
18602,Finance,Software Engineer
18603,IT,Marketing Executive
18604,Operations,Marketing Executive
18605,Marketing,Data Analyst
18606,Finance,Data Analyst
18607,Sales,Trainer
18608,IT,Data Analyst
18609,Sales,Trainer
18610,HR,Marketing Executive
18611,Sales,Marketing Executive
18612,IT,Software Engineer
18613,IT,Trainer
18614,Operations,Data Analyst
18615,IT,Marketing Executive
18616,HR,Software Engineer
18617,HR,Trainer
18618,Finance,Trainer
18619,Sales,Marketing Executive
18620,HR,Marketing Executive
18621,Marketing,Data Analyst
18622,IT,Software Engineer
18623,Marketing,Data Analyst
18624,IT,Manager
18625,HR,Data Analyst
18626,Finance,Marketing Executive
18627,Operations,Software Engineer
18628,Marketing,Marketing Executive
18629,Finance,Manager
18630,Finance,Marketing Executive
18631,HR,Trainer
18632,HR,Data Analyst
18633,IT,Trainer
18634,Operations,Trainer
18635,Finance,Trainer
18636,Sales,Software Engineer
18637,Operations,Trainer
18638,IT,Manager
18639,HR,Manager
18640,Operations,Manager
18641,Finance,Marketing Executive
18642,IT,Manager
18643,Finance,Manager
18644,Marketing,Software Engineer
18645,Finance,Data Analyst
18646,Operations,Marketing Executive
18647,Operations,Software Engineer
18648,Sales,Manager
18649,HR,Trainer
18650,IT,Software Engineer
18651,IT,Marketing Executive
18652,Marketing,Marketing Executive
18653,Operations,Manager
18654,Marketing,Data Analyst
18655,Marketing,Software Engineer
18656,IT,Software Engineer
18657,Operations,Data Analyst
18658,IT,Marketing Executive
18659,HR,Manager
18660,Operations,Trainer
18661,Marketing,Data Analyst
18662,Finance,Data Analyst
18663,Marketing,Marketing Executive
18664,IT,Data Analyst
18665,IT,Marketing Executive
18666,Sales,Manager
18667,IT,Software Engineer
18668,Finance,Data Analyst
18669,IT,Data Analyst
18670,Finance,Software Engineer
18671,Operations,Data Analyst
18672,Sales,Trainer
18673,Operations,Software Engineer
18674,IT,Manager
18675,Marketing,Trainer
18676,Operations,Marketing Executive
18677,Marketing,Software Engineer
18678,HR,Software Engineer
18679,Operations,Software Engineer
18680,HR,Manager
18681,IT,Trainer
18682,Marketing,Software Engineer
18683,Marketing,Software Engineer
18684,Marketing,Data Analyst
18685,Sales,Marketing Executive
18686,Marketing,Marketing Executive
18687,Finance,Software Engineer
18688,Marketing,Trainer
18689,Marketing,Software Engineer
18690,Sales,Marketing Executive
18691,HR,Manager
18692,Finance,Marketing Executive
18693,Operations,Manager
18694,Operations,Manager
18695,Sales,Trainer
18696,IT,Data Analyst
18697,Operations,Manager
18698,Operations,Data Analyst
18699,Marketing,Marketing Executive
18700,Marketing,Software Engineer
18701,Operations,Data Analyst
18702,IT,Manager
18703,Sales,Data Analyst
18704,Sales,Marketing Executive
18705,Finance,Software Engineer
18706,Sales,Marketing Executive
18707,Operations,Data Analyst
18708,Operations,Software Engineer
18709,Operations,Software Engineer
18710,HR,Marketing Executive
18711,Sales,Data Analyst
18712,Marketing,Data Analyst
18713,IT,Data Analyst
18714,HR,Software Engineer
18715,Operations,Manager
18716,HR,Data Analyst
18717,HR,Trainer
18718,HR,Trainer
18719,Sales,Software Engineer
18720,Marketing,Marketing Executive
18721,Finance,Software Engineer
18722,Marketing,Trainer
18723,Sales,Marketing Executive
18724,Marketing,Software Engineer
18725,Operations,Software Engineer
18726,Sales,Data Analyst
18727,Finance,Manager
18728,Sales,Marketing Executive
18729,Sales,Software Engineer
18730,IT,Manager
18731,Finance,Manager
18732,Marketing,Trainer
18733,Finance,Marketing Executive
18734,IT,Software Engineer
18735,Marketing,Data Analyst
18736,Finance,Data Analyst
18737,Sales,Data Analyst
18738,Sales,Data Analyst
18739,Operations,Manager
18740,HR,Trainer
18741,Operations,Manager
18742,IT,Software Engineer
18743,Finance,Data Analyst
18744,Finance,Data Analyst
18745,Marketing,Software Engineer
18746,Marketing,Manager
18747,Operations,Data Analyst
18748,Finance,Trainer
18749,Operations,Software Engineer
18750,IT,Marketing Executive
18751,Marketing,Trainer
18752,HR,Manager
18753,Marketing,Data Analyst
18754,Marketing,Software Engineer
18755,Finance,Trainer
18756,Marketing,Marketing Executive
18757,Sales,Trainer
18758,Operations,Manager
18759,Sales,Marketing Executive
18760,Sales,Software Engineer
18761,HR,Trainer
18762,Marketing,Manager
18763,HR,Data Analyst
18764,Marketing,Data Analyst
18765,Sales,Software Engineer
18766,IT,Manager
18767,IT,Marketing Executive
18768,HR,Trainer
18769,Marketing,Data Analyst
18770,IT,Software Engineer
18771,IT,Marketing Executive
18772,Finance,Marketing Executive
18773,Finance,Marketing Executive
18774,Sales,Trainer
18775,Finance,Trainer
18776,IT,Manager
18777,Finance,Marketing Executive
18778,HR,Trainer
18779,Operations,Trainer
18780,Marketing,Manager
18781,Operations,Data Analyst
18782,Operations,Trainer
18783,Finance,Trainer
18784,Operations,Manager
18785,Sales,Data Analyst
18786,HR,Manager
18787,Sales,Trainer
18788,Marketing,Marketing Executive
18789,Marketing,Trainer
18790,HR,Manager
18791,Finance,Data Analyst
18792,IT,Data Analyst
18793,Finance,Software Engineer
18794,HR,Data Analyst
18795,HR,Manager
18796,IT,Software Engineer
18797,Marketing,Manager
18798,Operations,Software Engineer
18799,Marketing,Data Analyst
18800,Sales,Manager
18801,Sales,Trainer
18802,HR,Data Analyst
18803,Operations,Manager
18804,Marketing,Marketing Executive
18805,HR,Trainer
18806,IT,Data Analyst
18807,Operations,Manager
18808,Marketing,Data Analyst
18809,HR,Data Analyst
18810,IT,Software Engineer
18811,HR,Trainer
18812,IT,Manager
18813,Finance,Marketing Executive
18814,Operations,Marketing Executive
18815,Sales,Data Analyst
18816,Operations,Marketing Executive
18817,HR,Marketing Executive
18818,Finance,Data Analyst
18819,Sales,Trainer
18820,Sales,Software Engineer
18821,Finance,Data Analyst
18822,Operations,Manager
18823,IT,Trainer
18824,Marketing,Marketing Executive
18825,Operations,Manager
18826,Operations,Manager
18827,Finance,Manager
18828,Marketing,Marketing Executive
18829,HR,Trainer
18830,Finance,Data Analyst
18831,Marketing,Marketing Executive
18832,Marketing,Marketing Executive
18833,HR,Manager
18834,Marketing,Marketing Executive
18835,Sales,Marketing Executive
18836,Operations,Data Analyst
18837,Operations,Data Analyst
18838,Operations,Marketing Executive
18839,Finance,Manager
18840,HR,Software Engineer
18841,IT,Trainer
18842,HR,Data Analyst
18843,HR,Software Engineer
18844,Finance,Trainer
18845,Marketing,Marketing Executive
18846,Sales,Trainer
18847,Operations,Marketing Executive
18848,HR,Software Engineer
18849,Marketing,Trainer
18850,Sales,Manager
18851,HR,Trainer
18852,HR,Data Analyst
18853,Sales,Trainer
18854,Finance,Trainer
18855,Finance,Trainer
18856,Marketing,Data Analyst
18857,IT,Manager
18858,Operations,Software Engineer
18859,Finance,Marketing Executive
18860,HR,Data Analyst
18861,IT,Trainer
18862,Marketing,Manager
18863,Finance,Data Analyst
18864,Finance,Marketing Executive
18865,Sales,Software Engineer
18866,Marketing,Data Analyst
18867,Sales,Trainer
18868,Sales,Manager
18869,Finance,Trainer
18870,Sales,Manager
18871,Sales,Marketing Executive
18872,Marketing,Data Analyst
18873,Sales,Data Analyst
18874,Sales,Trainer
18875,Sales,Manager
18876,HR,Marketing Executive
18877,Sales,Software Engineer
18878,IT,Marketing Executive
18879,Sales,Data Analyst
18880,HR,Trainer
18881,Sales,Data Analyst
18882,Sales,Software Engineer
18883,Marketing,Marketing Executive
18884,HR,Data Analyst
18885,Operations,Marketing Executive
18886,Marketing,Software Engineer
18887,Sales,Trainer
18888,IT,Software Engineer
18889,IT,Software Engineer
18890,IT,Trainer
18891,IT,Marketing Executive
18892,Finance,Manager
18893,IT,Software Engineer
18894,HR,Software Engineer
18895,HR,Trainer
18896,Operations,Manager
18897,IT,Data Analyst
18898,Finance,Software Engineer
18899,Operations,Data Analyst
18900,HR,Trainer
18901,Sales,Software Engineer
18902,IT,Manager
18903,Marketing,Manager
18904,Finance,Software Engineer
18905,Sales,Marketing Executive
18906,IT,Trainer
18907,Operations,Marketing Executive
18908,Operations,Software Engineer
18909,Operations,Manager
18910,Finance,Manager
18911,Operations,Trainer
18912,Marketing,Trainer
18913,IT,Manager
18914,Finance,Data Analyst
18915,Sales,Manager
18916,Marketing,Marketing Executive
18917,Finance,Trainer
18918,Sales,Trainer
18919,Sales,Trainer
18920,Operations,Marketing Executive
18921,HR,Software Engineer
18922,Operations,Trainer
18923,Marketing,Software Engineer
18924,HR,Marketing Executive
18925,HR,Software Engineer
18926,Marketing,Marketing Executive
18927,Sales,Trainer
18928,Finance,Trainer
18929,Finance,Marketing Executive
18930,Operations,Manager
18931,Operations,Trainer
18932,IT,Trainer
18933,Marketing,Manager
18934,Operations,Manager
18935,Sales,Software Engineer
18936,Sales,Software Engineer
18937,Marketing,Software Engineer
18938,Marketing,Software Engineer
18939,HR,Trainer
18940,HR,Trainer
18941,HR,Manager
18942,IT,Data Analyst
18943,IT,Software Engineer
18944,Marketing,Data Analyst
18945,IT,Marketing Executive
18946,Finance,Manager
18947,IT,Software Engineer
18948,IT,Trainer
18949,Sales,Manager
18950,Operations,Trainer
18951,Finance,Manager
18952,Sales,Data Analyst
18953,IT,Data Analyst
18954,Operations,Marketing Executive
18955,HR,Trainer
18956,Operations,Manager
18957,IT,Manager
18958,Finance,Trainer
18959,Marketing,Trainer
18960,Finance,Trainer
18961,Operations,Software Engineer
18962,IT,Trainer
18963,Sales,Trainer
18964,Finance,Manager
18965,Operations,Marketing Executive
18966,IT,Marketing Executive
18967,Finance,Software Engineer
18968,Operations,Data Analyst
18969,Marketing,Marketing Executive
18970,Sales,Software Engineer
18971,Marketing,Marketing Executive
18972,Sales,Software Engineer
18973,Marketing,Trainer
18974,Operations,Software Engineer
18975,Marketing,Trainer
18976,HR,Software Engineer
18977,Finance,Manager
18978,Operations,Marketing Executive
18979,Marketing,Software Engineer
18980,Marketing,Marketing Executive
18981,HR,Software Engineer
18982,HR,Marketing Executive
18983,HR,Trainer
18984,Sales,Software Engineer
18985,Sales,Software Engineer
18986,Finance,Marketing Executive
18987,Sales,Data Analyst
18988,IT,Data Analyst
18989,HR,Marketing Executive
18990,IT,Manager
18991,IT,Trainer
18992,HR,Trainer
18993,Marketing,Data Analyst
18994,HR,Data Analyst
18995,Marketing,Marketing Executive
18996,Marketing,Data Analyst
18997,Operations,Software Engineer
18998,Sales,Software Engineer
18999,Sales,Manager
19000,Finance,Data Analyst
19001,Finance,Marketing Executive
19002,HR,Software Engineer
19003,Operations,Data Analyst
19004,Sales,Trainer
19005,IT,Trainer
19006,HR,Software Engineer
19007,HR,Data Analyst
19008,Operations,Data Analyst
19009,Operations,Manager
19010,Operations,Software Engineer
19011,IT,Trainer
19012,Finance,Trainer
19013,Marketing,Data Analyst
19014,HR,Trainer
19015,Sales,Trainer
19016,Finance,Software Engineer
19017,Sales,Marketing Executive
19018,IT,Marketing Executive
19019,IT,Marketing Executive
19020,IT,Data Analyst
19021,Operations,Software Engineer
19022,HR,Trainer
19023,Operations,Marketing Executive
19024,HR,Trainer
19025,IT,Trainer
19026,Sales,Data Analyst
19027,Operations,Trainer
19028,HR,Software Engineer
19029,HR,Data Analyst
19030,Finance,Data Analyst
19031,IT,Trainer
19032,Marketing,Trainer
19033,Marketing,Marketing Executive
19034,Operations,Manager
19035,HR,Manager
19036,Marketing,Data Analyst
19037,Finance,Data Analyst
19038,HR,Software Engineer
19039,HR,Trainer
19040,Marketing,Software Engineer
19041,Operations,Marketing Executive
19042,Finance,Trainer
19043,HR,Software Engineer
19044,Operations,Data Analyst
19045,Marketing,Marketing Executive
19046,Sales,Marketing Executive
19047,Finance,Marketing Executive
19048,Sales,Software Engineer
19049,HR,Manager
19050,Operations,Manager
19051,Sales,Marketing Executive
19052,IT,Trainer
19053,IT,Marketing Executive
19054,IT,Data Analyst
19055,HR,Trainer
19056,Finance,Software Engineer
19057,Marketing,Data Analyst
19058,IT,Data Analyst
19059,Marketing,Software Engineer
19060,IT,Data Analyst
19061,Finance,Trainer
19062,IT,Data Analyst
19063,HR,Marketing Executive
19064,Operations,Trainer
19065,Marketing,Data Analyst
19066,Marketing,Trainer
19067,Operations,Manager
19068,Sales,Software Engineer
19069,Operations,Manager
19070,Operations,Data Analyst
19071,Finance,Manager
19072,Operations,Data Analyst
19073,HR,Manager
19074,HR,Software Engineer
19075,IT,Data Analyst
19076,IT,Marketing Executive
19077,Operations,Software Engineer
19078,HR,Trainer
19079,Operations,Marketing Executive
19080,Sales,Manager
19081,Operations,Manager
19082,Marketing,Data Analyst
19083,Marketing,Software Engineer
19084,Marketing,Marketing Executive
19085,Operations,Manager
19086,Marketing,Data Analyst
19087,IT,Trainer
19088,Finance,Software Engineer
19089,Operations,Trainer
19090,Operations,Trainer
19091,Finance,Manager
19092,Sales,Data Analyst
19093,Operations,Marketing Executive
19094,IT,Trainer
19095,HR,Manager
19096,HR,Software Engineer
19097,Operations,Marketing Executive
19098,Operations,Marketing Executive
19099,Finance,Marketing Executive
19100,Sales,Trainer
19101,HR,Software Engineer
19102,IT,Data Analyst
19103,HR,Marketing Executive
19104,HR,Manager
19105,Finance,Software Engineer
19106,Sales,Data Analyst
19107,IT,Data Analyst
19108,Operations,Marketing Executive
19109,HR,Data Analyst
19110,Operations,Trainer
19111,HR,Trainer
19112,Marketing,Data Analyst
19113,Marketing,Data Analyst
19114,HR,Data Analyst
19115,Marketing,Data Analyst
19116,Finance,Manager
19117,Finance,Manager
19118,Marketing,Data Analyst
19119,Sales,Marketing Executive
19120,HR,Marketing Executive
19121,HR,Marketing Executive
19122,Finance,Manager
19123,Finance,Marketing Executive
19124,Marketing,Manager
19125,Marketing,Data Analyst
19126,Finance,Manager
19127,Sales,Data Analyst
19128,HR,Data Analyst
19129,Marketing,Marketing Executive
19130,Operations,Manager
19131,Marketing,Trainer
19132,Sales,Manager
19133,Marketing,Marketing Executive
19134,Operations,Software Engineer
19135,Sales,Marketing Executive
19136,Finance,Data Analyst
19137,Marketing,Software Engineer
19138,Finance,Manager
19139,Finance,Manager
19140,Operations,Data Analyst
19141,Finance,Data Analyst
19142,Finance,Software Engineer
19143,Sales,Manager
19144,Sales,Software Engineer
19145,Sales,Manager
19146,Marketing,Trainer
19147,HR,Software Engineer
19148,HR,Marketing Executive
19149,Marketing,Trainer
19150,HR,Marketing Executive
19151,Sales,Marketing Executive
19152,HR,Software Engineer
19153,Finance,Data Analyst
19154,IT,Software Engineer
19155,Sales,Trainer
19156,IT,Data Analyst
19157,IT,Marketing Executive
19158,Operations,Manager
19159,Marketing,Trainer
19160,Marketing,Trainer
19161,Marketing,Marketing Executive
19162,Finance,Marketing Executive
19163,HR,Software Engineer
19164,Sales,Software Engineer
19165,IT,Marketing Executive
19166,HR,Software Engineer
19167,Finance,Marketing Executive
19168,Operations,Manager
19169,Finance,Marketing Executive
19170,Finance,Manager
19171,HR,Marketing Executive
19172,Operations,Software Engineer
19173,HR,Trainer
19174,HR,Trainer
19175,Marketing,Trainer
19176,Sales,Manager
19177,Operations,Software Engineer
19178,Finance,Manager
19179,Sales,Data Analyst
19180,HR,Manager
19181,Finance,Marketing Executive
19182,HR,Software Engineer
19183,Finance,Trainer
19184,Finance,Marketing Executive
19185,Finance,Marketing Executive
19186,HR,Software Engineer
19187,HR,Data Analyst
19188,Finance,Software Engineer
19189,HR,Manager
19190,Finance,Software Engineer
19191,Marketing,Data Analyst
19192,Operations,Software Engineer
19193,HR,Manager
19194,Marketing,Manager
19195,HR,Marketing Executive
19196,Sales,Trainer
19197,Operations,Manager
19198,Sales,Manager
19199,Marketing,Software Engineer
19200,Operations,Manager
19201,HR,Trainer
19202,Sales,Data Analyst
19203,Finance,Data Analyst
19204,Finance,Trainer
19205,IT,Manager
19206,Operations,Manager
19207,Operations,Data Analyst
19208,Marketing,Software Engineer
19209,Sales,Marketing Executive
19210,Sales,Software Engineer
19211,Marketing,Marketing Executive
19212,Operations,Marketing Executive
19213,Finance,Trainer
19214,Operations,Marketing Executive
19215,HR,Manager
19216,Marketing,Manager
19217,Finance,Software Engineer
19218,HR,Data Analyst
19219,HR,Software Engineer
19220,HR,Marketing Executive
19221,Operations,Manager
19222,Sales,Manager
19223,HR,Trainer
19224,IT,Trainer
19225,Sales,Marketing Executive
19226,Finance,Data Analyst
19227,Finance,Trainer
19228,Operations,Manager
19229,Marketing,Software Engineer
19230,Marketing,Marketing Executive
19231,Marketing,Manager
19232,IT,Marketing Executive
19233,IT,Data Analyst
19234,Operations,Manager
19235,Sales,Marketing Executive
19236,Sales,Manager
19237,Sales,Trainer
19238,Operations,Marketing Executive
19239,IT,Manager
19240,IT,Marketing Executive
19241,IT,Trainer
19242,Marketing,Trainer
19243,IT,Trainer
19244,HR,Manager
19245,Finance,Manager
19246,Operations,Data Analyst
19247,Operations,Trainer
19248,HR,Trainer
19249,Finance,Manager
19250,HR,Data Analyst
19251,HR,Manager
19252,IT,Data Analyst
19253,Operations,Trainer
19254,IT,Trainer
19255,Sales,Data Analyst
19256,Marketing,Trainer
19257,Finance,Trainer
19258,HR,Software Engineer
19259,Operations,Data Analyst
19260,Sales,Data Analyst
19261,Operations,Software Engineer
19262,HR,Manager
19263,IT,Manager
19264,Operations,Marketing Executive
19265,Operations,Trainer
19266,Operations,Trainer
19267,HR,Data Analyst
19268,IT,Software Engineer
19269,Marketing,Software Engineer
19270,HR,Data Analyst
19271,Sales,Data Analyst
19272,IT,Trainer
19273,Marketing,Software Engineer
19274,Finance,Trainer
19275,Operations,Marketing Executive
19276,Marketing,Marketing Executive
19277,IT,Software Engineer
19278,IT,Manager
19279,Operations,Marketing Executive
19280,Operations,Software Engineer
19281,Sales,Manager
19282,Finance,Manager
19283,Marketing,Software Engineer
19284,Marketing,Data Analyst
19285,IT,Data Analyst
19286,Sales,Marketing Executive
19287,HR,Manager
19288,IT,Marketing Executive
19289,HR,Data Analyst
19290,Operations,Trainer
19291,Operations,Software Engineer
19292,Sales,Marketing Executive
19293,HR,Marketing Executive
19294,Finance,Marketing Executive
19295,Marketing,Manager
19296,IT,Software Engineer
19297,Sales,Trainer
19298,Sales,Marketing Executive
19299,Finance,Marketing Executive
19300,Operations,Manager
19301,HR,Marketing Executive
19302,Operations,Data Analyst
19303,Marketing,Marketing Executive
19304,Marketing,Software Engineer
19305,IT,Marketing Executive
19306,Operations,Marketing Executive
19307,HR,Software Engineer
19308,Sales,Software Engineer
19309,Operations,Trainer
19310,Sales,Data Analyst
19311,Finance,Marketing Executive
19312,HR,Data Analyst
19313,Operations,Software Engineer
19314,HR,Marketing Executive
19315,Operations,Data Analyst
19316,Finance,Marketing Executive
19317,Finance,Manager
19318,HR,Marketing Executive
19319,Marketing,Marketing Executive
19320,Marketing,Manager
19321,Sales,Trainer
19322,Sales,Data Analyst
19323,Sales,Software Engineer
19324,Marketing,Data Analyst
19325,Operations,Trainer
19326,Marketing,Data Analyst
19327,IT,Software Engineer
19328,Marketing,Data Analyst
19329,Marketing,Manager
19330,HR,Manager
19331,Marketing,Marketing Executive
19332,HR,Trainer
19333,Operations,Data Analyst
19334,Marketing,Manager
19335,Sales,Manager
19336,Sales,Software Engineer
19337,Marketing,Manager
19338,Operations,Software Engineer
19339,Operations,Data Analyst
19340,Marketing,Manager
19341,IT,Manager
19342,IT,Data Analyst
19343,Marketing,Software Engineer
19344,Marketing,Manager
19345,Finance,Software Engineer
19346,Marketing,Software Engineer
19347,Finance,Software Engineer
19348,Sales,Marketing Executive
19349,IT,Software Engineer
19350,IT,Manager
19351,Operations,Marketing Executive
19352,HR,Trainer
19353,Marketing,Data Analyst
19354,Marketing,Trainer
19355,Operations,Trainer
19356,Operations,Marketing Executive
19357,Marketing,Software Engineer
19358,HR,Marketing Executive
19359,Sales,Marketing Executive
19360,Operations,Data Analyst
19361,Marketing,Marketing Executive
19362,Marketing,Software Engineer
19363,Operations,Software Engineer
19364,Operations,Data Analyst
19365,Operations,Software Engineer
19366,HR,Marketing Executive
19367,HR,Data Analyst
19368,HR,Marketing Executive
19369,Marketing,Manager
19370,Operations,Data Analyst
19371,Marketing,Data Analyst
19372,HR,Trainer
19373,IT,Trainer
19374,Operations,Data Analyst
19375,IT,Marketing Executive
19376,Finance,Trainer
19377,Operations,Software Engineer
19378,IT,Manager
19379,Operations,Trainer
19380,Operations,Marketing Executive
19381,Marketing,Trainer
19382,Operations,Trainer
19383,HR,Trainer
19384,Marketing,Manager
19385,IT,Manager
19386,Finance,Trainer
19387,Sales,Trainer
19388,Operations,Software Engineer
19389,Sales,Manager
19390,Operations,Marketing Executive
19391,HR,Trainer
19392,Marketing,Manager
19393,Finance,Trainer
19394,Sales,Marketing Executive
19395,Finance,Software Engineer
19396,Finance,Software Engineer
19397,Operations,Manager
19398,HR,Software Engineer
19399,HR,Data Analyst
19400,HR,Manager
19401,Sales,Trainer
19402,IT,Marketing Executive
19403,Operations,Marketing Executive
19404,IT,Manager
19405,HR,Software Engineer
19406,Marketing,Trainer
19407,HR,Marketing Executive
19408,Finance,Trainer
19409,Finance,Manager
19410,Operations,Trainer
19411,IT,Marketing Executive
19412,Finance,Marketing Executive
19413,Finance,Data Analyst
19414,IT,Manager
19415,HR,Marketing Executive
19416,Operations,Marketing Executive
19417,Operations,Manager
19418,Operations,Manager
19419,Marketing,Trainer
19420,IT,Trainer
19421,Operations,Software Engineer
19422,Operations,Marketing Executive
19423,Operations,Marketing Executive
19424,Operations,Software Engineer
19425,Marketing,Marketing Executive
19426,HR,Trainer
19427,Sales,Software Engineer
19428,Marketing,Software Engineer
19429,IT,Data Analyst
19430,IT,Manager
19431,IT,Marketing Executive
19432,Finance,Trainer
19433,Finance,Software Engineer
19434,IT,Data Analyst
19435,HR,Data Analyst
19436,Finance,Marketing Executive
19437,Operations,Marketing Executive
19438,HR,Marketing Executive
19439,Marketing,Manager
19440,Marketing,Trainer
19441,HR,Software Engineer
19442,Operations,Manager
19443,IT,Manager
19444,HR,Data Analyst
19445,Marketing,Software Engineer
19446,Finance,Software Engineer
19447,Marketing,Software Engineer
19448,Operations,Software Engineer
19449,Sales,Trainer
19450,IT,Data Analyst
19451,Operations,Data Analyst
19452,Operations,Manager
19453,Marketing,Trainer
19454,IT,Manager
19455,Marketing,Marketing Executive
19456,HR,Software Engineer
19457,Sales,Software Engineer
19458,Marketing,Marketing Executive
19459,IT,Software Engineer
19460,Finance,Manager
19461,Operations,Marketing Executive
19462,IT,Manager
19463,Marketing,Software Engineer
19464,Sales,Manager
19465,Finance,Manager
19466,HR,Marketing Executive
19467,Marketing,Data Analyst
19468,IT,Trainer
19469,Marketing,Manager
19470,Sales,Manager
19471,Marketing,Data Analyst
19472,Operations,Manager
19473,Finance,Manager
19474,HR,Software Engineer
19475,HR,Trainer
19476,HR,Software Engineer
19477,IT,Trainer
19478,Operations,Data Analyst
19479,IT,Data Analyst
19480,IT,Data Analyst
19481,Marketing,Marketing Executive
19482,HR,Manager
19483,Marketing,Trainer
19484,IT,Data Analyst
19485,Operations,Software Engineer
19486,IT,Trainer
19487,IT,Data Analyst
19488,IT,Manager
19489,Finance,Data Analyst
19490,Operations,Trainer
19491,Marketing,Trainer
19492,Operations,Software Engineer
19493,Sales,Trainer
19494,HR,Data Analyst
19495,Marketing,Manager
19496,Sales,Data Analyst
19497,HR,Software Engineer
19498,IT,Software Engineer
19499,Marketing,Data Analyst
19500,Finance,Manager
19501,Operations,Marketing Executive
19502,Sales,Software Engineer
19503,Finance,Software Engineer
19504,HR,Data Analyst
19505,Finance,Manager
19506,Finance,Marketing Executive
19507,IT,Manager
19508,HR,Marketing Executive
19509,HR,Manager
19510,Marketing,Manager
19511,Marketing,Data Analyst
19512,Operations,Software Engineer
19513,Marketing,Software Engineer
19514,Sales,Software Engineer
19515,Finance,Software Engineer
19516,Sales,Trainer
19517,Sales,Trainer
19518,Marketing,Software Engineer
19519,IT,Marketing Executive
19520,Operations,Trainer
19521,HR,Manager
19522,Marketing,Manager
19523,Finance,Manager
19524,Sales,Software Engineer
19525,Finance,Trainer
19526,Marketing,Software Engineer
19527,Sales,Trainer
19528,IT,Data Analyst
19529,HR,Software Engineer
19530,Sales,Manager
19531,Operations,Manager
19532,Finance,Software Engineer
19533,Operations,Trainer
19534,Sales,Trainer
19535,Sales,Software Engineer
19536,Operations,Manager
19537,Operations,Data Analyst
19538,IT,Marketing Executive
19539,IT,Data Analyst
19540,Operations,Marketing Executive
19541,Operations,Data Analyst
19542,Marketing,Manager
19543,IT,Manager
19544,Marketing,Software Engineer
19545,Marketing,Trainer
19546,Sales,Software Engineer
19547,Operations,Trainer
19548,IT,Manager
19549,Finance,Trainer
19550,HR,Data Analyst
19551,IT,Software Engineer
19552,Marketing,Software Engineer
19553,Operations,Marketing Executive
19554,HR,Manager
19555,Marketing,Marketing Executive
19556,Operations,Data Analyst
19557,Finance,Manager
19558,IT,Manager
19559,IT,Trainer
19560,Finance,Manager
19561,IT,Manager
19562,Sales,Manager
19563,Marketing,Software Engineer
19564,Marketing,Trainer
19565,Finance,Manager
19566,HR,Manager
19567,HR,Data Analyst
19568,Operations,Software Engineer
19569,Marketing,Marketing Executive
19570,Marketing,Trainer
19571,Sales,Software Engineer
19572,Operations,Manager
19573,IT,Data Analyst
19574,HR,Trainer
19575,HR,Marketing Executive
19576,Finance,Manager
19577,Operations,Data Analyst
19578,Sales,Trainer
19579,IT,Trainer
19580,Finance,Trainer
19581,Marketing,Marketing Executive
19582,Marketing,Marketing Executive
19583,Finance,Data Analyst
19584,Marketing,Data Analyst
19585,HR,Manager
19586,Marketing,Marketing Executive
19587,Marketing,Trainer
19588,Finance,Software Engineer
19589,Sales,Marketing Executive
19590,Finance,Manager
19591,Operations,Trainer
19592,Operations,Manager
19593,Finance,Data Analyst
19594,Marketing,Software Engineer
19595,Marketing,Data Analyst
19596,Operations,Trainer
19597,IT,Trainer
19598,IT,Trainer
19599,Finance,Trainer
19600,HR,Trainer
19601,Operations,Data Analyst
19602,Sales,Software Engineer
19603,Marketing,Marketing Executive
19604,Sales,Trainer
19605,Operations,Data Analyst
19606,Finance,Data Analyst
19607,Sales,Trainer
19608,IT,Manager
19609,Finance,Software Engineer
19610,HR,Software Engineer
19611,IT,Manager
19612,IT,Software Engineer
19613,IT,Data Analyst
19614,Sales,Trainer
19615,Marketing,Trainer
19616,Operations,Marketing Executive
19617,Sales,Data Analyst
19618,Operations,Software Engineer
19619,HR,Manager
19620,Operations,Trainer
19621,IT,Trainer
19622,Operations,Data Analyst
19623,HR,Manager
19624,IT,Trainer
19625,IT,Manager
19626,Operations,Trainer
19627,IT,Software Engineer
19628,Finance,Manager
19629,HR,Data Analyst
19630,IT,Trainer
19631,Finance,Trainer
19632,Sales,Data Analyst
19633,Marketing,Manager
19634,Sales,Data Analyst
19635,Marketing,Marketing Executive
19636,IT,Marketing Executive
19637,Marketing,Marketing Executive
19638,Sales,Software Engineer
19639,Marketing,Data Analyst
19640,Operations,Data Analyst
19641,Sales,Software Engineer
19642,IT,Marketing Executive
19643,Sales,Manager
19644,IT,Data Analyst
19645,HR,Marketing Executive
19646,HR,Data Analyst
19647,IT,Manager
19648,Marketing,Software Engineer
19649,Operations,Trainer
19650,IT,Software Engineer
19651,Finance,Trainer
19652,Marketing,Data Analyst
19653,Finance,Marketing Executive
19654,Sales,Manager
19655,HR,Manager
19656,Marketing,Manager
19657,Sales,Trainer
19658,Sales,Data Analyst
19659,Operations,Manager
19660,IT,Manager
19661,Sales,Marketing Executive
19662,Marketing,Trainer
19663,IT,Marketing Executive
19664,Marketing,Software Engineer
19665,Operations,Trainer
19666,Operations,Manager
19667,Finance,Data Analyst
19668,HR,Software Engineer
19669,Finance,Trainer
19670,Marketing,Trainer
19671,Marketing,Data Analyst
19672,IT,Software Engineer
19673,Sales,Software Engineer
19674,Sales,Software Engineer
19675,Sales,Trainer
19676,IT,Software Engineer
19677,Operations,Data Analyst
19678,Operations,Marketing Executive
19679,Operations,Data Analyst
19680,IT,Manager
19681,Marketing,Trainer
19682,Finance,Data Analyst
19683,Finance,Marketing Executive
19684,Sales,Trainer
19685,Operations,Software Engineer
19686,Sales,Trainer
19687,Operations,Data Analyst
19688,IT,Manager
19689,Operations,Software Engineer
19690,Finance,Software Engineer
19691,Finance,Trainer
19692,Operations,Data Analyst
19693,IT,Trainer
19694,Marketing,Data Analyst
19695,Marketing,Data Analyst
19696,Finance,Software Engineer
19697,Sales,Manager
19698,HR,Manager
19699,Sales,Manager
19700,Finance,Trainer
19701,HR,Marketing Executive
19702,Operations,Software Engineer
19703,Marketing,Software Engineer
19704,Finance,Data Analyst
19705,Operations,Manager
19706,Operations,Software Engineer
19707,Operations,Data Analyst
19708,Finance,Manager
19709,Marketing,Data Analyst
19710,IT,Software Engineer
19711,IT,Software Engineer
19712,Sales,Data Analyst
19713,Sales,Trainer
19714,Sales,Marketing Executive
19715,Finance,Software Engineer
19716,IT,Marketing Executive
19717,Finance,Data Analyst
19718,Marketing,Trainer
19719,HR,Data Analyst
19720,Marketing,Data Analyst
19721,Marketing,Manager
19722,IT,Data Analyst
19723,HR,Software Engineer
19724,Finance,Trainer
19725,Operations,Software Engineer
19726,Sales,Marketing Executive
19727,IT,Trainer
19728,Finance,Software Engineer
19729,IT,Manager
19730,Sales,Data Analyst
19731,Sales,Marketing Executive
19732,IT,Manager
19733,Finance,Manager
19734,Sales,Trainer
19735,Marketing,Data Analyst
19736,Finance,Data Analyst
19737,Finance,Trainer
19738,Marketing,Data Analyst
19739,Operations,Manager
19740,Marketing,Software Engineer
19741,Marketing,Data Analyst
19742,Sales,Trainer
19743,IT,Software Engineer
19744,Operations,Marketing Executive
19745,Marketing,Manager
19746,IT,Data Analyst
19747,HR,Trainer
19748,HR,Data Analyst
19749,Marketing,Manager
19750,Operations,Manager
19751,Marketing,Manager
19752,Sales,Trainer
19753,HR,Marketing Executive
19754,Operations,Software Engineer
19755,Operations,Manager
19756,HR,Data Analyst
19757,Sales,Data Analyst
19758,Operations,Marketing Executive
19759,IT,Marketing Executive
19760,Sales,Data Analyst
19761,Marketing,Manager
19762,Marketing,Marketing Executive
19763,Finance,Data Analyst
19764,HR,Trainer
19765,Sales,Trainer
19766,IT,Software Engineer
19767,HR,Manager
19768,Finance,Software Engineer
19769,HR,Manager
19770,Marketing,Marketing Executive
19771,HR,Data Analyst
19772,Operations,Data Analyst
19773,Operations,Manager
19774,IT,Marketing Executive
19775,Sales,Data Analyst
19776,HR,Data Analyst
19777,Operations,Marketing Executive
19778,IT,Manager
19779,HR,Software Engineer
19780,Sales,Marketing Executive
19781,Sales,Marketing Executive
19782,Operations,Data Analyst
19783,IT,Software Engineer
19784,Finance,Software Engineer
19785,IT,Data Analyst
19786,Finance,Marketing Executive
19787,Finance,Manager
19788,Finance,Data Analyst
19789,Sales,Marketing Executive
19790,Operations,Trainer
19791,Sales,Manager
19792,Finance,Data Analyst
19793,IT,Marketing Executive
19794,HR,Manager
19795,HR,Trainer
19796,Sales,Trainer
19797,Marketing,Software Engineer
19798,Sales,Software Engineer
19799,Finance,Data Analyst
19800,IT,Data Analyst
19801,Marketing,Software Engineer
19802,HR,Marketing Executive
19803,Finance,Data Analyst
19804,Sales,Manager
19805,Operations,Trainer
19806,Finance,Data Analyst
19807,Finance,Data Analyst
19808,Marketing,Data Analyst
19809,Marketing,Trainer
19810,Finance,Data Analyst
19811,HR,Manager
19812,IT,Software Engineer
19813,Finance,Marketing Executive
19814,IT,Manager
19815,Finance,Manager
19816,Sales,Software Engineer
19817,Finance,Marketing Executive
19818,IT,Data Analyst
19819,Sales,Manager
19820,Marketing,Manager
19821,Finance,Software Engineer
19822,Finance,Marketing Executive
19823,IT,Trainer
19824,Sales,Software Engineer
19825,Finance,Software Engineer
19826,Marketing,Trainer
19827,Finance,Data Analyst
19828,IT,Software Engineer
19829,Marketing,Marketing Executive
19830,Marketing,Marketing Executive
19831,IT,Trainer
19832,Operations,Trainer
19833,Operations,Manager
19834,HR,Trainer
19835,Finance,Software Engineer
19836,IT,Software Engineer
19837,HR,Trainer
19838,Sales,Trainer
19839,Sales,Data Analyst
19840,Operations,Manager
19841,Finance,Data Analyst
19842,IT,Trainer
19843,Marketing,Data Analyst
19844,Sales,Marketing Executive
19845,IT,Software Engineer
19846,Operations,Marketing Executive
19847,Finance,Manager
19848,IT,Manager
19849,IT,Data Analyst
19850,Marketing,Software Engineer
19851,HR,Marketing Executive
19852,Finance,Data Analyst
19853,Sales,Software Engineer
19854,Operations,Marketing Executive
19855,HR,Trainer
19856,IT,Manager
19857,Sales,Marketing Executive
19858,Sales,Data Analyst
19859,IT,Data Analyst
19860,HR,Data Analyst
19861,Marketing,Manager
19862,Sales,Marketing Executive
19863,Finance,Data Analyst
19864,Marketing,Data Analyst
19865,IT,Marketing Executive
19866,Finance,Trainer
19867,Marketing,Marketing Executive
19868,Operations,Marketing Executive
19869,Operations,Marketing Executive
19870,Finance,Software Engineer
19871,Sales,Marketing Executive
19872,Operations,Software Engineer
19873,HR,Data Analyst
19874,HR,Marketing Executive
19875,Operations,Manager
19876,Finance,Manager
19877,Marketing,Manager
19878,IT,Data Analyst
19879,IT,Manager
19880,Operations,Data Analyst
19881,Sales,Manager
19882,Operations,Manager
19883,IT,Manager
19884,Operations,Trainer
19885,Finance,Trainer
19886,HR,Trainer
19887,Operations,Trainer
19888,IT,Manager
19889,HR,Software Engineer
19890,Finance,Trainer
19891,Sales,Marketing Executive
19892,HR,Software Engineer
19893,Marketing,Manager
19894,Marketing,Data Analyst
19895,Operations,Manager
19896,Marketing,Trainer
19897,Finance,Manager
19898,Operations,Trainer
19899,Marketing,Trainer
19900,Operations,Software Engineer
19901,IT,Data Analyst
19902,IT,Marketing Executive
19903,IT,Manager
19904,IT,Manager
19905,Finance,Trainer
19906,Finance,Data Analyst
19907,HR,Marketing Executive
19908,Operations,Software Engineer
19909,Marketing,Trainer
19910,IT,Software Engineer
19911,Sales,Manager
19912,Marketing,Manager
19913,Finance,Trainer
19914,HR,Software Engineer
19915,Finance,Software Engineer
19916,IT,Manager
19917,HR,Marketing Executive
19918,IT,Trainer
19919,Operations,Manager
19920,Operations,Software Engineer
19921,Marketing,Data Analyst
19922,Operations,Marketing Executive
19923,Marketing,Trainer
19924,Marketing,Data Analyst
19925,Finance,Data Analyst
19926,Finance,Manager
19927,HR,Data Analyst
19928,Operations,Marketing Executive
19929,IT,Trainer
19930,Marketing,Manager
19931,HR,Software Engineer
19932,Finance,Manager
19933,Marketing,Software Engineer
19934,HR,Manager
19935,Finance,Trainer
19936,Marketing,Trainer
19937,Operations,Manager
19938,Operations,Marketing Executive
19939,Finance,Marketing Executive
19940,Marketing,Data Analyst
19941,Finance,Manager
19942,Marketing,Software Engineer
19943,HR,Software Engineer
19944,Operations,Manager
19945,IT,Manager
19946,Sales,Marketing Executive
19947,Marketing,Trainer
19948,Finance,Software Engineer
19949,Sales,Software Engineer
19950,Finance,Marketing Executive
19951,Finance,Trainer
19952,Sales,Manager
19953,Operations,Trainer
19954,Operations,Software Engineer
19955,Marketing,Manager
19956,Sales,Software Engineer
19957,Operations,Trainer
19958,Operations,Trainer
19959,Finance,Software Engineer
19960,Finance,Software Engineer
19961,Operations,Manager
19962,Marketing,Trainer
19963,Finance,Manager
19964,HR,Trainer
19965,Marketing,Trainer
19966,Finance,Trainer
19967,HR,Software Engineer
19968,Operations,Trainer
19969,IT,Data Analyst
19970,HR,Manager
19971,Sales,Manager
19972,Marketing,Marketing Executive
19973,Operations,Marketing Executive
19974,IT,Data Analyst
19975,IT,Software Engineer
19976,Marketing,Trainer
19977,Sales,Software Engineer
19978,IT,Marketing Executive
19979,Sales,Software Engineer
19980,Sales,Data Analyst
19981,Finance,Trainer
19982,Marketing,Marketing Executive
19983,Sales,Data Analyst
19984,Marketing,Marketing Executive
19985,HR,Marketing Executive
19986,IT,Data Analyst
19987,Sales,Software Engineer
19988,Sales,Data Analyst
19989,HR,Marketing Executive
19990,Operations,Trainer
19991,Marketing,Marketing Executive
19992,HR,Trainer
19993,HR,Trainer
19994,Finance,Manager
19995,Operations,Data Analyst
19996,Operations,Data Analyst
19997,IT,Data Analyst
19998,Marketing,Software Engineer
19999,HR,Marketing Executive
20000,HR,Marketing Executive
